₫32,900
₫69,305
₫28,730
₫34,200
₫29,000
₫500,000
₫23,000
₫1,070,000
₫75,305
₫134,617
₫500,000
₫32,200
₫101,000
₫369,000
₫23,000
₫128,000
₫150,000
₫415,000
₫102,000
₫430,000
₫369,000
₫34,650
₫1,430,000
₫28,900
₫30,000
₫420,000
₫39,000
₫37,000
₫33,700
₫410,000
₫2,530,000
₫358,000
₫220,000
₫39,000
₫30,000
₫35,999
₫369,000
₫76,000
₫545,000
₫35,000
₫32,900
₫69,305
₫28,730
₫34,200
₫29,000
₫500,000
₫23,000
₫1,070,000
₫75,305
₫134,617
₫500,000
₫32,200
₫101,000
₫369,000
₫23,000
₫128,000
₫150,000
₫415,000
₫102,000
₫430,000
₫369,000
₫34,650
₫1,430,000
₫28,900
₫30,000
₫420,000
₫39,000
₫37,000
₫33,700
₫410,000
₫2,530,000
₫358,000
₫220,000
₫39,000
₫30,000
₫35,999
₫369,000
₫76,000
₫545,000
₫35,000
₫32,900
₫69,305
₫28,730
₫34,200
₫29,000
₫500,000
₫23,000
₫1,070,000
₫75,305
₫134,617
₫500,000
₫32,200
₫101,000
₫369,000
₫23,000
₫128,000
₫150,000
₫415,000
₫102,000
₫430,000
₫369,000
₫34,650
₫1,430,000
₫28,900
₫30,000
₫420,000
₫39,000
₫37,000
₫33,700
₫410,000
₫2,530,000
₫358,000
₫220,000
₫39,000
₫30,000
₫35,999
₫369,000
₫76,000
₫545,000
₫35,000
