₫22,000
₫736,800
₫816,000
₫28,600
₫3,390,000
₫22,500
₫2,620,000
₫22,600
₫14,800
₫30,100
₫5,090,000
₫13,800
₫359,100
₫990,000
₫22,700
₫7,446,000
₫915,000
₫4,100,580
₫1,899,000
₫46,700
₫4,590,000
₫538,000
₫24,100
₫4,450,050
₫139,900
₫7,121,260
₫6,340,000
₫6,990,000
₫83,200
₫351,000
₫456,400
₫1,099,000
₫83,200
₫14,500
₫43,300
₫35,800
₫26,000
₫218,300
₫610,100
₫2,090,000
₫22,000
₫736,800
₫816,000
₫28,600
₫3,390,000
₫22,500
₫2,620,000
₫22,600
₫14,800
₫30,100
₫5,090,000
₫13,800
₫359,100
₫990,000
₫22,700
₫7,446,000
₫915,000
₫4,100,580
₫1,899,000
₫46,700
₫4,590,000
₫538,000
₫24,100
₫4,450,050
₫139,900
₫7,121,260
₫6,340,000
₫6,990,000
₫83,200
₫351,000
₫456,400
₫1,099,000
₫83,200
₫14,500
₫43,300
₫35,800
₫26,000
₫218,300
₫610,100
₫2,090,000
₫22,000
₫736,800
₫816,000
₫28,600
₫3,390,000
₫22,500
₫2,620,000
₫22,600
₫14,800
₫30,100
₫5,090,000
₫13,800
₫359,100
₫990,000
₫22,700
₫7,446,000
₫915,000
₫4,100,580
₫1,899,000
₫46,700
₫4,590,000
₫538,000
₫24,100
₫4,450,050
₫139,900
₫7,121,260
₫6,340,000
₫6,990,000
₫83,200
₫351,000
₫456,400
₫1,099,000
₫83,200
₫14,500
₫43,300
₫35,800
₫26,000
₫218,300
₫610,100
₫2,090,000
₫22,000
₫736,800
₫816,000
₫28,600
₫3,390,000
₫22,500
₫2,620,000
₫22,600
₫14,800
₫30,100
₫5,090,000
₫13,800
₫359,100
₫990,000
₫22,700
₫7,446,000
₫915,000
₫4,100,580
₫1,899,000
₫46,700
₫4,590,000
₫538,000
₫24,100
₫4,450,050
₫139,900
₫7,121,260
₫6,340,000
₫6,990,000
₫83,200
₫351,000
₫456,400
₫1,099,000
₫83,200
₫14,500
₫43,300
₫35,800
₫26,000
₫218,300
₫610,100
₫2,090,000
₫22,000
₫736,800
₫816,000
₫28,600
₫3,390,000
₫22,500
₫2,620,000
₫22,600
₫14,800
₫30,100
₫5,090,000
₫13,800
₫359,100
₫990,000
₫22,700
₫7,446,000
₫915,000
₫4,100,580
₫1,899,000
₫46,700
₫4,590,000
₫538,000
₫24,100
₫4,450,050
₫139,900
₫7,121,260
₫6,340,000
₫6,990,000
₫83,200
₫351,000
₫456,400
₫1,099,000
₫83,200
₫14,500
₫43,300
₫35,800
₫26,000
₫218,300
₫610,100
₫2,090,000
₫22,000
₫736,800
₫816,000
₫28,600
₫3,390,000
₫22,500
₫2,620,000
₫22,600
₫14,800
₫30,100
₫5,090,000
₫13,800
₫359,100
₫990,000
₫22,700
₫7,446,000
₫915,000
₫4,100,580
₫1,899,000
₫46,700
₫4,590,000
₫538,000
₫24,100
₫4,450,050
₫139,900
₫7,121,260
₫6,340,000
₫6,990,000
₫83,200
₫351,000
₫456,400
₫1,099,000
₫83,200
₫14,500
₫43,300
₫35,800
₫26,000
₫218,300
₫610,100
₫2,090,000
₫22,000
₫736,800
₫816,000
₫28,600
₫3,390,000
₫22,500
₫2,620,000
₫22,600
₫14,800
₫30,100
₫5,090,000
₫13,800
₫359,100
₫990,000
₫22,700
₫7,446,000
₫915,000
₫4,100,580
₫1,899,000
₫46,700
₫4,590,000
₫538,000
₫24,100
₫4,450,050
₫139,900
₫7,121,260
₫6,340,000
₫6,990,000
₫83,200
₫351,000
₫456,400
₫1,099,000
₫83,200
₫14,500
₫43,300
₫35,800
₫26,000
₫218,300
₫610,100
₫2,090,000
₫22,000
₫736,800
₫816,000
₫28,600
₫3,390,000
₫22,500
₫2,620,000
₫22,600
₫14,800
₫30,100
₫5,090,000
₫13,800
₫359,100
₫990,000
₫22,700
₫7,446,000
₫915,000
₫4,100,580
₫1,899,000
₫46,700
₫4,590,000
₫538,000
₫24,100
₫4,450,050
₫139,900
₫7,121,260
₫6,340,000
₫6,990,000
₫83,200
₫351,000
₫456,400
₫1,099,000
₫83,200
₫14,500
₫43,300
₫35,800
₫26,000
₫218,300
₫610,100
₫2,090,000
₫22,000
₫736,800
₫816,000
₫28,600
₫3,390,000
₫22,500
₫2,620,000
₫22,600
₫14,800
₫30,100
₫5,090,000
₫13,800
₫359,100
₫990,000
₫22,700
₫7,446,000
₫915,000
₫4,100,580
₫1,899,000
₫46,700
₫4,590,000
₫538,000
₫24,100
₫4,450,050
₫139,900
₫7,121,260
₫6,340,000
₫6,990,000
₫83,200
₫351,000
₫456,400
₫1,099,000
₫83,200
₫14,500
₫43,300
₫35,800
₫26,000
₫218,300
₫610,100
₫2,090,000
₫22,000
₫736,800
₫816,000
₫28,600
₫3,390,000
₫22,500
₫2,620,000
₫22,600
₫14,800
₫30,100
₫5,090,000
₫13,800
₫359,100
₫990,000
₫22,700
₫7,446,000
₫915,000
₫4,100,580
₫1,899,000
₫46,700
₫4,590,000
₫538,000
₫24,100
₫4,450,050
₫139,900
₫7,121,260
₫6,340,000
₫6,990,000
₫83,200
₫351,000
₫456,400
₫1,099,000
₫83,200
₫14,500
₫43,300
₫35,800
₫26,000
₫218,300
₫610,100
₫2,090,000
₫22,000
₫736,800
₫816,000
₫28,600
₫3,390,000
₫22,500
₫2,620,000
₫22,600
₫14,800
₫30,100
₫5,090,000
₫13,800
₫359,100
₫990,000
₫22,700
₫7,446,000
₫915,000
₫4,100,580
₫1,899,000
₫46,700
₫4,590,000
₫538,000
₫24,100
₫4,450,050
₫139,900
₫7,121,260
₫6,340,000
₫6,990,000
₫83,200
₫351,000
₫456,400
₫1,099,000
₫83,200
₫14,500
₫43,300
₫35,800
₫26,000
₫218,300
₫610,100
₫2,090,000
₫22,000
₫736,800
₫816,000
₫28,600
₫3,390,000
₫22,500
₫2,620,000
₫22,600
₫14,800
₫30,100
₫5,090,000
₫13,800
₫359,100
₫990,000
₫22,700
₫7,446,000
₫915,000
₫4,100,580
₫1,899,000
₫46,700
₫4,590,000
₫538,000
₫24,100
₫4,450,050
₫139,900
₫7,121,260
₫6,340,000
₫6,990,000
₫83,200
₫351,000
₫456,400
₫1,099,000
₫83,200
₫14,500
₫43,300
₫35,800
₫26,000
₫218,300
₫610,100
₫2,090,000
₫22,000
₫736,800
₫816,000
₫28,600
₫3,390,000
₫22,500
₫2,620,000
₫22,600
₫14,800
₫30,100
₫5,090,000
₫13,800
₫359,100
₫990,000
₫22,700
₫7,446,000
₫915,000
₫4,100,580
₫1,899,000
₫46,700
₫4,590,000
₫538,000
₫24,100
₫4,450,050
₫139,900
₫7,121,260
₫6,340,000
₫6,990,000
₫83,200
₫351,000
₫456,400
₫1,099,000
₫83,200
₫14,500
₫43,300
₫35,800
₫26,000
₫218,300
₫610,100
₫2,090,000
₫22,000
₫736,800
₫816,000
₫28,600
₫3,390,000
₫22,500
₫2,620,000
₫22,600
₫14,800
₫30,100
₫5,090,000
₫13,800
₫359,100
₫990,000
₫22,700
₫7,446,000
₫915,000
₫4,100,580
₫1,899,000
₫46,700
₫4,590,000
₫538,000
₫24,100
₫4,450,050
₫139,900
₫7,121,260
₫6,340,000
₫6,990,000
₫83,200
₫351,000
₫456,400
₫1,099,000
₫83,200
₫14,500
₫43,300
₫35,800
₫26,000
₫218,300
₫610,100
₫2,090,000
₫22,000
₫736,800
₫816,000
₫28,600
₫3,390,000
₫22,500
₫2,620,000
₫22,600
₫14,800
₫30,100
₫5,090,000
₫13,800
₫359,100
₫990,000
₫22,700
₫7,446,000
₫915,000
₫4,100,580
₫1,899,000
₫46,700
₫4,590,000
₫538,000
₫24,100
₫4,450,050
₫139,900
₫7,121,260
₫6,340,000
₫6,990,000
₫83,200
₫351,000
₫456,400
₫1,099,000
₫83,200
₫14,500
₫43,300
₫35,800
₫26,000
₫218,300
₫610,100
₫2,090,000
₫22,000
₫736,800
₫816,000
₫28,600
₫3,390,000
₫22,500
₫2,620,000
₫22,600
₫14,800
₫30,100
₫5,090,000
₫13,800
₫359,100
₫990,000
₫22,700
₫7,446,000
₫915,000
₫4,100,580
₫1,899,000
₫46,700
₫4,590,000
₫538,000
₫24,100
₫4,450,050
₫139,900
₫7,121,260
₫6,340,000
₫6,990,000
₫83,200
₫351,000
₫456,400
₫1,099,000
₫83,200
₫14,500
₫43,300
₫35,800
₫26,000
₫218,300
₫610,100
₫2,090,000
₫22,000
₫736,800
₫816,000
₫28,600
₫3,390,000
₫22,500
₫2,620,000
₫22,600
₫14,800
₫30,100
₫5,090,000
₫13,800
₫359,100
₫990,000
₫22,700
₫7,446,000
₫915,000
₫4,100,580
₫1,899,000
₫46,700
₫4,590,000
₫538,000
₫24,100
₫4,450,050
₫139,900
₫7,121,260
₫6,340,000
₫6,990,000
₫83,200
₫351,000
₫456,400
₫1,099,000
₫83,200
₫14,500
₫43,300
₫35,800
₫26,000
₫218,300
₫610,100
₫2,090,000
₫22,000
₫736,800
₫816,000
₫28,600
₫3,390,000
₫22,500
₫2,620,000
₫22,600
₫14,800
₫30,100
₫5,090,000
₫13,800
₫359,100
₫990,000
₫22,700
₫7,446,000
₫915,000
₫4,100,580
₫1,899,000
₫46,700
₫4,590,000
₫538,000
₫24,100
₫4,450,050
₫139,900
₫7,121,260
₫6,340,000
₫6,990,000
₫83,200
₫351,000
₫456,400
₫1,099,000
₫83,200
₫14,500
₫43,300
₫35,800
₫26,000
₫218,300
₫610,100
₫2,090,000
₫22,000
₫736,800
₫816,000
₫28,600
₫3,390,000
₫22,500
₫2,620,000
₫22,600
₫14,800
₫30,100
₫5,090,000
₫13,800
₫359,100
₫990,000
₫22,700
₫7,446,000
₫915,000
₫4,100,580
₫1,899,000
₫46,700
₫4,590,000
₫538,000
₫24,100
₫4,450,050
₫139,900
₫7,121,260
₫6,340,000
₫6,990,000
₫83,200
₫351,000
₫456,400
₫1,099,000
₫83,200
₫14,500
₫43,300
₫35,800
₫26,000
₫218,300
₫610,100
₫2,090,000
₫22,000
₫736,800
₫816,000
₫28,600
₫3,390,000
₫22,500
₫2,620,000
₫22,600
₫14,800
₫30,100
₫5,090,000
₫13,800
₫359,100
₫990,000
₫22,700
₫7,446,000
₫915,000
₫4,100,580
₫1,899,000
₫46,700
₫4,590,000
₫538,000
₫24,100
₫4,450,050
₫139,900
₫7,121,260
₫6,340,000
₫6,990,000
₫83,200
₫351,000
₫456,400
₫1,099,000
₫83,200
₫14,500
₫43,300
₫35,800
₫26,000
₫218,300
₫610,100
₫2,090,000
₫22,000
₫736,800
₫816,000
₫28,600
₫3,390,000
₫22,500
₫2,620,000
₫22,600
₫14,800
₫30,100
₫5,090,000
₫13,800
₫359,100
₫990,000
₫22,700
₫7,446,000
₫915,000
₫4,100,580
₫1,899,000
₫46,700
₫4,590,000
₫538,000
₫24,100
₫4,450,050
₫139,900
₫7,121,260
₫6,340,000
₫6,990,000
₫83,200
₫351,000
₫456,400
₫1,099,000
₫83,200
₫14,500
₫43,300
₫35,800
₫26,000
₫218,300
₫610,100
₫2,090,000
₫22,000
₫736,800
₫816,000
₫28,600
₫3,390,000
₫22,500
₫2,620,000
₫22,600
₫14,800
₫30,100
₫5,090,000
₫13,800
₫359,100
₫990,000
₫22,700
₫7,446,000
₫915,000
₫4,100,580
₫1,899,000
₫46,700
₫4,590,000
₫538,000
₫24,100
₫4,450,050
₫139,900
₫7,121,260
₫6,340,000
₫6,990,000
₫83,200
₫351,000
₫456,400
₫1,099,000
₫83,200
₫14,500
₫43,300
₫35,800
₫26,000
₫218,300
₫610,100
₫2,090,000
₫22,000
₫736,800
₫816,000
₫28,600
₫3,390,000
₫22,500
₫2,620,000
₫22,600
₫14,800
₫30,100
₫5,090,000
₫13,800
₫359,100
₫990,000
₫22,700
₫7,446,000
₫915,000
₫4,100,580
₫1,899,000
₫46,700
₫4,590,000
₫538,000
₫24,100
₫4,450,050
₫139,900
₫7,121,260
₫6,340,000
₫6,990,000
₫83,200
₫351,000
₫456,400
₫1,099,000
₫83,200
₫14,500
₫43,300
₫35,800
₫26,000
₫218,300
₫610,100
₫2,090,000
₫22,000
₫736,800
₫816,000
₫28,600
₫3,390,000
₫22,500
₫2,620,000
₫22,600
₫14,800
₫30,100
₫5,090,000
₫13,800
₫359,100
₫990,000
₫22,700
₫7,446,000
₫915,000
₫4,100,580
₫1,899,000
₫46,700
₫4,590,000
₫538,000
₫24,100
₫4,450,050
₫139,900
₫7,121,260
₫6,340,000
₫6,990,000
₫83,200
₫351,000
₫456,400
₫1,099,000
₫83,200
₫14,500
₫43,300
₫35,800
₫26,000
₫218,300
₫610,100
₫2,090,000
₫22,000
₫736,800
₫816,000
₫28,600
₫3,390,000
₫22,500
₫2,620,000
₫22,600
₫14,800
₫30,100
₫5,090,000
₫13,800
₫359,100
₫990,000
₫22,700
₫7,446,000
₫915,000
₫4,100,580
₫1,899,000
₫46,700
₫4,590,000
₫538,000
₫24,100
₫4,450,050
₫139,900
₫7,121,260
₫6,340,000
₫6,990,000
₫83,200
₫351,000
₫456,400
₫1,099,000
₫83,200
₫14,500
₫43,300
₫35,800
₫26,000
₫218,300
₫610,100
₫2,090,000
₫22,000
₫736,800
₫816,000
₫28,600
₫3,390,000
₫22,500
₫2,620,000
₫22,600
₫14,800
₫30,100
₫5,090,000
₫13,800
₫359,100
₫990,000
₫22,700
₫7,446,000
₫915,000
₫4,100,580
₫1,899,000
₫46,700
₫4,590,000
₫538,000
₫24,100
₫4,450,050
₫139,900
₫7,121,260
₫6,340,000
₫6,990,000
₫83,200
₫351,000
₫456,400
₫1,099,000
₫83,200
₫14,500
₫43,300
₫35,800
₫26,000
₫218,300
₫610,100
₫2,090,000
₫22,000
₫736,800
₫816,000
₫28,600
₫3,390,000
₫22,500
₫2,620,000
₫22,600
₫14,800
₫30,100
₫5,090,000
₫13,800
₫359,100
₫990,000
₫22,700
₫7,446,000
₫915,000
₫4,100,580
₫1,899,000
₫46,700
₫4,590,000
₫538,000
₫24,100
₫4,450,050
₫139,900
₫7,121,260
₫6,340,000
₫6,990,000
₫83,200
₫351,000
₫456,400
₫1,099,000
₫83,200
₫14,500
₫43,300
₫35,800
₫26,000
₫218,300
₫610,100
₫2,090,000
₫22,000
₫736,800
₫816,000
₫28,600
₫3,390,000
₫22,500
₫2,620,000
₫22,600
₫14,800
₫30,100
₫5,090,000
₫13,800
₫359,100
₫990,000
₫22,700
₫7,446,000
₫915,000
₫4,100,580
₫1,899,000
₫46,700
₫4,590,000
₫538,000
₫24,100
₫4,450,050
₫139,900
₫7,121,260
₫6,340,000
₫6,990,000
₫83,200
₫351,000
₫456,400
₫1,099,000
₫83,200
₫14,500
₫43,300
₫35,800
₫26,000
₫218,300
₫610,100
₫2,090,000
₫22,000
₫736,800
₫816,000
₫28,600
₫3,390,000
₫22,500
₫2,620,000
₫22,600
₫14,800
₫30,100
₫5,090,000
₫13,800
₫359,100
₫990,000
₫22,700
₫7,446,000
₫915,000
₫4,100,580
₫1,899,000
₫46,700
₫4,590,000
₫538,000
₫24,100
₫4,450,050
₫139,900
₫7,121,260
₫6,340,000
₫6,990,000
₫83,200
₫351,000
₫456,400
₫1,099,000
₫83,200
₫14,500
₫43,300
₫35,800
₫26,000
₫218,300
₫610,100
₫2,090,000
₫22,000
₫736,800
₫816,000
₫28,600
₫3,390,000
₫22,500
₫2,620,000
₫22,600
₫14,800
₫30,100
₫5,090,000
₫13,800
₫359,100
₫990,000
₫22,700
₫7,446,000
₫915,000
₫4,100,580
₫1,899,000
₫46,700
₫4,590,000
₫538,000
₫24,100
₫4,450,050
₫139,900
₫7,121,260
₫6,340,000
₫6,990,000
₫83,200
₫351,000
₫456,400
₫1,099,000
₫83,200
₫14,500
₫43,300
₫35,800
₫26,000
₫218,300
₫610,100
₫2,090,000
₫22,000
₫736,800
₫816,000
₫28,600
₫3,390,000
₫22,500
₫2,620,000
₫22,600
₫14,800
₫30,100
₫5,090,000
₫13,800
₫359,100
₫990,000
₫22,700
₫7,446,000
₫915,000
₫4,100,580
₫1,899,000
₫46,700
₫4,590,000
₫538,000
₫24,100
₫4,450,050
₫139,900
₫7,121,260
₫6,340,000
₫6,990,000
₫83,200
₫351,000
₫456,400
₫1,099,000
₫83,200
₫14,500
₫43,300
₫35,800
₫26,000
₫218,300
₫610,100
₫2,090,000
₫22,000
₫736,800
₫816,000
₫28,600
₫3,390,000
₫22,500
₫2,620,000
₫22,600
₫14,800
₫30,100
₫5,090,000
₫13,800
₫359,100
₫990,000
₫22,700
₫7,446,000
₫915,000
₫4,100,580
₫1,899,000
₫46,700
₫4,590,000
₫538,000
₫24,100
₫4,450,050
₫139,900
₫7,121,260
₫6,340,000
₫6,990,000
₫83,200
₫351,000
₫456,400
₫1,099,000
₫83,200
₫14,500
₫43,300
₫35,800
₫26,000
₫218,300
₫610,100
₫2,090,000
₫22,000
₫736,800
₫816,000
₫28,600
₫3,390,000
₫22,500
₫2,620,000
₫22,600
₫14,800
₫30,100
₫5,090,000
₫13,800
₫359,100
₫990,000
₫22,700
₫7,446,000
₫915,000
₫4,100,580
₫1,899,000
₫46,700
₫4,590,000
₫538,000
₫24,100
₫4,450,050
₫139,900
₫7,121,260
₫6,340,000
₫6,990,000
₫83,200
₫351,000
₫456,400
₫1,099,000
₫83,200
₫14,500
₫43,300
₫35,800
₫26,000
₫218,300
₫610,100
₫2,090,000
₫22,000
₫736,800
₫816,000
₫28,600
₫3,390,000
₫22,500
₫2,620,000
₫22,600
₫14,800
₫30,100
₫5,090,000
₫13,800
₫359,100
₫990,000
₫22,700
₫7,446,000
₫915,000
₫4,100,580
₫1,899,000
₫46,700
₫4,590,000
₫538,000
₫24,100
₫4,450,050
₫139,900
₫7,121,260
₫6,340,000
₫6,990,000
₫83,200
₫351,000
₫456,400
₫1,099,000
₫83,200
₫14,500
₫43,300
₫35,800
₫26,000
₫218,300
₫610,100
₫2,090,000
₫22,000
₫736,800
₫816,000
₫28,600
₫3,390,000
₫22,500
₫2,620,000
₫22,600
₫14,800
₫30,100
₫5,090,000
₫13,800
₫359,100
₫990,000
₫22,700
₫7,446,000
₫915,000
₫4,100,580
₫1,899,000
₫46,700
₫4,590,000
₫538,000
₫24,100
₫4,450,050
₫139,900
₫7,121,260
₫6,340,000
₫6,990,000
₫83,200
₫351,000
₫456,400
₫1,099,000
₫83,200
₫14,500
₫43,300
₫35,800
₫26,000
₫218,300
₫610,100
₫2,090,000
₫22,000
₫736,800
₫816,000
₫28,600
₫3,390,000
₫22,500
₫2,620,000
₫22,600
₫14,800
₫30,100
₫5,090,000
₫13,800
₫359,100
₫990,000
₫22,700
₫7,446,000
₫915,000
₫4,100,580
₫1,899,000
₫46,700
₫4,590,000
₫538,000
₫24,100
₫4,450,050
₫139,900
₫7,121,260
₫6,340,000
₫6,990,000
₫83,200
₫351,000
₫456,400
₫1,099,000
₫83,200
₫14,500
₫43,300
₫35,800
₫26,000
₫218,300
₫610,100
₫2,090,000
₫22,000
₫736,800
₫816,000
₫28,600
₫3,390,000
₫22,500
₫2,620,000
₫22,600
₫14,800
₫30,100
₫5,090,000
₫13,800
₫359,100
₫990,000
₫22,700
₫7,446,000
₫915,000
₫4,100,580
₫1,899,000
₫46,700
₫4,590,000
₫538,000
₫24,100
₫4,450,050
₫139,900
₫7,121,260
₫6,340,000
₫6,990,000
₫83,200
₫351,000
₫456,400
₫1,099,000
₫83,200
₫14,500
₫43,300
₫35,800
₫26,000
₫218,300
₫610,100
₫2,090,000
₫22,000
₫736,800
₫816,000
₫28,600
₫3,390,000
₫22,500
₫2,620,000
₫22,600
₫14,800
₫30,100
₫5,090,000
₫13,800
₫359,100
₫990,000
₫22,700
₫7,446,000
₫915,000
₫4,100,580
₫1,899,000
₫46,700
₫4,590,000
₫538,000
₫24,100
₫4,450,050
₫139,900
₫7,121,260
₫6,340,000
₫6,990,000
₫83,200
₫351,000
₫456,400
₫1,099,000
₫83,200
₫14,500
₫43,300
₫35,800
₫26,000
₫218,300
₫610,100
₫2,090,000
₫22,000
₫736,800
₫816,000
₫28,600
₫3,390,000
₫22,500
₫2,620,000
₫22,600
₫14,800
₫30,100
₫5,090,000
₫13,800
₫359,100
₫990,000
₫22,700
₫7,446,000
₫915,000
₫4,100,580
₫1,899,000
₫46,700
₫4,590,000
₫538,000
₫24,100
₫4,450,050
₫139,900
₫7,121,260
₫6,340,000
₫6,990,000
₫83,200
₫351,000
₫456,400
₫1,099,000
₫83,200
₫14,500
₫43,300
₫35,800
₫26,000
₫218,300
₫610,100
₫2,090,000
₫22,000
₫736,800
₫816,000
₫28,600
₫3,390,000
₫22,500
₫2,620,000
₫22,600
₫14,800
₫30,100
₫5,090,000
₫13,800
₫359,100
₫990,000
₫22,700
₫7,446,000
₫915,000
₫4,100,580
₫1,899,000
₫46,700
₫4,590,000
₫538,000
₫24,100
₫4,450,050
₫139,900
₫7,121,260
₫6,340,000
₫6,990,000
₫83,200
₫351,000
₫456,400
₫1,099,000
₫83,200
₫14,500
₫43,300
₫35,800
₫26,000
₫218,300
₫610,100
₫2,090,000
₫22,000
₫736,800
₫816,000
₫28,600
₫3,390,000
₫22,500
₫2,620,000
₫22,600
₫14,800
₫30,100
₫5,090,000
₫13,800
₫359,100
₫990,000
₫22,700
₫7,446,000
₫915,000
₫4,100,580
₫1,899,000
₫46,700
₫4,590,000
₫538,000
₫24,100
₫4,450,050
₫139,900
₫7,121,260
₫6,340,000
₫6,990,000
₫83,200
₫351,000
₫456,400
₫1,099,000
₫83,200
₫14,500
₫43,300
₫35,800
₫26,000
₫218,300
₫610,100
₫2,090,000
₫22,000
₫736,800
₫816,000
₫28,600
₫3,390,000
₫22,500
₫2,620,000
₫22,600
₫14,800
₫30,100
₫5,090,000
₫13,800
₫359,100
₫990,000
₫22,700
₫7,446,000
₫915,000
₫4,100,580
₫1,899,000
₫46,700
₫4,590,000
₫538,000
₫24,100
₫4,450,050
₫139,900
₫7,121,260
₫6,340,000
₫6,990,000
₫83,200
₫351,000
₫456,400
₫1,099,000
₫83,200
₫14,500
₫43,300
₫35,800
₫26,000
₫218,300
₫610,100
₫2,090,000
₫22,000
₫736,800
₫816,000
₫28,600
₫3,390,000
₫22,500
₫2,620,000
₫22,600
₫14,800
₫30,100
₫5,090,000
₫13,800
₫359,100
₫990,000
₫22,700
₫7,446,000
₫915,000
₫4,100,580
₫1,899,000
₫46,700
₫4,590,000
₫538,000
₫24,100
₫4,450,050
₫139,900
₫7,121,260
₫6,340,000
₫6,990,000
₫83,200
₫351,000
₫456,400
₫1,099,000
₫83,200
₫14,500
₫43,300
₫35,800
₫26,000
₫218,300
₫610,100
₫2,090,000
₫22,000
₫736,800
₫816,000
₫28,600
₫3,390,000
₫22,500
₫2,620,000
₫22,600
₫14,800
₫30,100
₫5,090,000
₫13,800
₫359,100
₫990,000
₫22,700
₫7,446,000
₫915,000
₫4,100,580
₫1,899,000
₫46,700
₫4,590,000
₫538,000
₫24,100
₫4,450,050
₫139,900
₫7,121,260
₫6,340,000
₫6,990,000
₫83,200
₫351,000
₫456,400
₫1,099,000
₫83,200
₫14,500
₫43,300
₫35,800
₫26,000
₫218,300
₫610,100
₫2,090,000
₫22,000
₫736,800
₫816,000
₫28,600
₫3,390,000
₫22,500
₫2,620,000
₫22,600
₫14,800
₫30,100
₫5,090,000
₫13,800
₫359,100
₫990,000
₫22,700
₫7,446,000
₫915,000
₫4,100,580
₫1,899,000
₫46,700
₫4,590,000
₫538,000
₫24,100
₫4,450,050
₫139,900
₫7,121,260
₫6,340,000
₫6,990,000
₫83,200
₫351,000
₫456,400
₫1,099,000
₫83,200
₫14,500
₫43,300
₫35,800
₫26,000
₫218,300
₫610,100
₫2,090,000
₫22,000
₫736,800
₫816,000
₫28,600
₫3,390,000
₫22,500
₫2,620,000
₫22,600
₫14,800
₫30,100
₫5,090,000
₫13,800
₫359,100
₫990,000
₫22,700
₫7,446,000
₫915,000
₫4,100,580
₫1,899,000
₫46,700
₫4,590,000
₫538,000
₫24,100
₫4,450,050
₫139,900
₫7,121,260
₫6,340,000
₫6,990,000
₫83,200
₫351,000
₫456,400
₫1,099,000
₫83,200
₫14,500
₫43,300
₫35,800
₫26,000
₫218,300
₫610,100
₫2,090,000
₫22,000
₫736,800
₫816,000
₫28,600
₫3,390,000
₫22,500
₫2,620,000
₫22,600
₫14,800
₫30,100
₫5,090,000
₫13,800
₫359,100
₫990,000
₫22,700
₫7,446,000
₫915,000
₫4,100,580
₫1,899,000
₫46,700
₫4,590,000
₫538,000
₫24,100
₫4,450,050
₫139,900
₫7,121,260
₫6,340,000
₫6,990,000
₫83,200
₫351,000
₫456,400
₫1,099,000
₫83,200
₫14,500
₫43,300
₫35,800
₫26,000
₫218,300
₫610,100
₫2,090,000
₫22,000
₫736,800
₫816,000
₫28,600
₫3,390,000
₫22,500
₫2,620,000
₫22,600
₫14,800
₫30,100
₫5,090,000
₫13,800
₫359,100
₫990,000
₫22,700
₫7,446,000
₫915,000
₫4,100,580
₫1,899,000
₫46,700
₫4,590,000
₫538,000
₫24,100
₫4,450,050
₫139,900
₫7,121,260
₫6,340,000
₫6,990,000
₫83,200
₫351,000
₫456,400
₫1,099,000
₫83,200
₫14,500
₫43,300
₫35,800
₫26,000
₫218,300
₫610,100
₫2,090,000
₫22,000
₫736,800
₫816,000
₫28,600
₫3,390,000
₫22,500
₫2,620,000
₫22,600
₫14,800
₫30,100
₫5,090,000
₫13,800
₫359,100
₫990,000
₫22,700
₫7,446,000
₫915,000
₫4,100,580
₫1,899,000
₫46,700
₫4,590,000
₫538,000
₫24,100
₫4,450,050
₫139,900
₫7,121,260
₫6,340,000
₫6,990,000
₫83,200
₫351,000
₫456,400
₫1,099,000
₫83,200
₫14,500
₫43,300
₫35,800
₫26,000
₫218,300
₫610,100
₫2,090,000
₫22,000
₫736,800
₫816,000
₫28,600
₫3,390,000
₫22,500
₫2,620,000
₫22,600
₫14,800
₫30,100
₫5,090,000
₫13,800
₫359,100
₫990,000
₫22,700
₫7,446,000
₫915,000
₫4,100,580
₫1,899,000
₫46,700
₫4,590,000
₫538,000
₫24,100
₫4,450,050
₫139,900
₫7,121,260
₫6,340,000
₫6,990,000
₫83,200
₫351,000
₫456,400
₫1,099,000
₫83,200
₫14,500
₫43,300
₫35,800
₫26,000
₫218,300
₫610,100
₫2,090,000
₫22,000
₫736,800
₫816,000
₫28,600
₫3,390,000
₫22,500
₫2,620,000
₫22,600
₫14,800
₫30,100
₫5,090,000
₫13,800
₫359,100
₫990,000
₫22,700
₫7,446,000
₫915,000
₫4,100,580
₫1,899,000
₫46,700
₫4,590,000
₫538,000
₫24,100
₫4,450,050
₫139,900
₫7,121,260
₫6,340,000
₫6,990,000
₫83,200
₫351,000
₫456,400
₫1,099,000
₫83,200
₫14,500
₫43,300
₫35,800
₫26,000
₫218,300
₫610,100
₫2,090,000
₫22,000
₫736,800
₫816,000
₫28,600
₫3,390,000
₫22,500
₫2,620,000
₫22,600
₫14,800
₫30,100
₫5,090,000
₫13,800
₫359,100
₫990,000
₫22,700
₫7,446,000
₫915,000
₫4,100,580
₫1,899,000
₫46,700
₫4,590,000
₫538,000
₫24,100
₫4,450,050
₫139,900
₫7,121,260
₫6,340,000
₫6,990,000
₫83,200
₫351,000
₫456,400
₫1,099,000
₫83,200
₫14,500
₫43,300
₫35,800
₫26,000
₫218,300
₫610,100
₫2,090,000
₫22,000
₫736,800
₫816,000
₫28,600
₫3,390,000
₫22,500
₫2,620,000
₫22,600
₫14,800
₫30,100
₫5,090,000
₫13,800
₫359,100
₫990,000
₫22,700
₫7,446,000
₫915,000
₫4,100,580
₫1,899,000
₫46,700
₫4,590,000
₫538,000
₫24,100
₫4,450,050
₫139,900
₫7,121,260
₫6,340,000
₫6,990,000
₫83,200
₫351,000
₫456,400
₫1,099,000
₫83,200
₫14,500
₫43,300
₫35,800
₫26,000
₫218,300
₫610,100
₫2,090,000
₫22,000
₫736,800
₫816,000
₫28,600
₫3,390,000
₫22,500
₫2,620,000
₫22,600
₫14,800
₫30,100
₫5,090,000
₫13,800
₫359,100
₫990,000
₫22,700
₫7,446,000
₫915,000
₫4,100,580
₫1,899,000
₫46,700
₫4,590,000
₫538,000
₫24,100
₫4,450,050
₫139,900
₫7,121,260
₫6,340,000
₫6,990,000
₫83,200
₫351,000
₫456,400
₫1,099,000
₫83,200
₫14,500
₫43,300
₫35,800
₫26,000
₫218,300
₫610,100
₫2,090,000
₫22,000
₫736,800
₫816,000
₫28,600
₫3,390,000
₫22,500
₫2,620,000
₫22,600
₫14,800
₫30,100
₫5,090,000
₫13,800
₫359,100
₫990,000
₫22,700
₫7,446,000
₫915,000
₫4,100,580
₫1,899,000
₫46,700
₫4,590,000
₫538,000
₫24,100
₫4,450,050
₫139,900
₫7,121,260
₫6,340,000
₫6,990,000
₫83,200
₫351,000
₫456,400
₫1,099,000
₫83,200
₫14,500
₫43,300
₫35,800
₫26,000
₫218,300
₫610,100
₫2,090,000
₫22,000
₫736,800
₫816,000
₫28,600
₫3,390,000
₫22,500
₫2,620,000
₫22,600
₫14,800
₫30,100
₫5,090,000
₫13,800
₫359,100
₫990,000
₫22,700
₫7,446,000
₫915,000
₫4,100,580
₫1,899,000
₫46,700
₫4,590,000
₫538,000
₫24,100
₫4,450,050
₫139,900
₫7,121,260
₫6,340,000
₫6,990,000
₫83,200
₫351,000
₫456,400
₫1,099,000
₫83,200
₫14,500
₫43,300
₫35,800
₫26,000
₫218,300
₫610,100
₫2,090,000
₫22,000
₫736,800
₫816,000
₫28,600
₫3,390,000
₫22,500
₫2,620,000
₫22,600
₫14,800
₫30,100
₫5,090,000
₫13,800
₫359,100
₫990,000
₫22,700
₫7,446,000
₫915,000
₫4,100,580
₫1,899,000
₫46,700
₫4,590,000
₫538,000
₫24,100
₫4,450,050
₫139,900
₫7,121,260
₫6,340,000
₫6,990,000
₫83,200
₫351,000
₫456,400
₫1,099,000
₫83,200
₫14,500
₫43,300
₫35,800
₫26,000
₫218,300
₫610,100
₫2,090,000
₫22,000
₫736,800
₫816,000
₫28,600
₫3,390,000
₫22,500
₫2,620,000
₫22,600
₫14,800
₫30,100
₫5,090,000
₫13,800
₫359,100
₫990,000
₫22,700
₫7,446,000
₫915,000
₫4,100,580
₫1,899,000
₫46,700
₫4,590,000
₫538,000
₫24,100
₫4,450,050
₫139,900
₫7,121,260
₫6,340,000
₫6,990,000
₫83,200
₫351,000
₫456,400
₫1,099,000
₫83,200
₫14,500
₫43,300
₫35,800
₫26,000
₫218,300
₫610,100
₫2,090,000
₫22,000
₫736,800
₫816,000
₫28,600
₫3,390,000
₫22,500
₫2,620,000
₫22,600
₫14,800
₫30,100
₫5,090,000
₫13,800
₫359,100
₫990,000
₫22,700
₫7,446,000
₫915,000
₫4,100,580
₫1,899,000
₫46,700
₫4,590,000
₫538,000
₫24,100
₫4,450,050
₫139,900
₫7,121,260
₫6,340,000
₫6,990,000
₫83,200
₫351,000
₫456,400
₫1,099,000
₫83,200
₫14,500
₫43,300
₫35,800
₫26,000
₫218,300
₫610,100
₫2,090,000
₫22,000
₫736,800
₫816,000
₫28,600
₫3,390,000
₫22,500
₫2,620,000
₫22,600
₫14,800
₫30,100
₫5,090,000
₫13,800
₫359,100
₫990,000
₫22,700
₫7,446,000
₫915,000
₫4,100,580
₫1,899,000
₫46,700
₫4,590,000
₫538,000
₫24,100
₫4,450,050
₫139,900
₫7,121,260
₫6,340,000
₫6,990,000
₫83,200
₫351,000
₫456,400
₫1,099,000
₫83,200
₫14,500
₫43,300
₫35,800
₫26,000
₫218,300
₫610,100
₫2,090,000
₫22,000
₫736,800
₫816,000
₫28,600
₫3,390,000
₫22,500
₫2,620,000
₫22,600
₫14,800
₫30,100
₫5,090,000
₫13,800
₫359,100
₫990,000
₫22,700
₫7,446,000
₫915,000
₫4,100,580
₫1,899,000
₫46,700
₫4,590,000
₫538,000
₫24,100
₫4,450,050
₫139,900
₫7,121,260
₫6,340,000
₫6,990,000
₫83,200
₫351,000
₫456,400
₫1,099,000
₫83,200
₫14,500
₫43,300
₫35,800
₫26,000
₫218,300
₫610,100
₫2,090,000
₫22,000
₫736,800
₫816,000
₫28,600
₫3,390,000
₫22,500
₫2,620,000
₫22,600
₫14,800
₫30,100
₫5,090,000
₫13,800
₫359,100
₫990,000
₫22,700
₫7,446,000
₫915,000
₫4,100,580
₫1,899,000
₫46,700
₫4,590,000
₫538,000
₫24,100
₫4,450,050
₫139,900
₫7,121,260
₫6,340,000
₫6,990,000
₫83,200
₫351,000
₫456,400
₫1,099,000
₫83,200
₫14,500
₫43,300
₫35,800
₫26,000
₫218,300
₫610,100
₫2,090,000
₫22,000
₫736,800
₫816,000
₫28,600
₫3,390,000
₫22,500
₫2,620,000
₫22,600
₫14,800
₫30,100
₫5,090,000
₫13,800
₫359,100
₫990,000
₫22,700
₫7,446,000
₫915,000
₫4,100,580
₫1,899,000
₫46,700
₫4,590,000
₫538,000
₫24,100
₫4,450,050
₫139,900
₫7,121,260
₫6,340,000
₫6,990,000
₫83,200
₫351,000
₫456,400
₫1,099,000
₫83,200
₫14,500
₫43,300
₫35,800
₫26,000
₫218,300
₫610,100
₫2,090,000
₫22,000
₫736,800
₫816,000
₫28,600
₫3,390,000
₫22,500
₫2,620,000
₫22,600
₫14,800
₫30,100
₫5,090,000
₫13,800
₫359,100
₫990,000
₫22,700
₫7,446,000
₫915,000
₫4,100,580
₫1,899,000
₫46,700
₫4,590,000
₫538,000
₫24,100
₫4,450,050
₫139,900
₫7,121,260
₫6,340,000
₫6,990,000
₫83,200
₫351,000
₫456,400
₫1,099,000
₫83,200
₫14,500
₫43,300
₫35,800
₫26,000
₫218,300
₫610,100
₫2,090,000
₫22,000
₫736,800
₫816,000
₫28,600
₫3,390,000
₫22,500
₫2,620,000
₫22,600
₫14,800
₫30,100
₫5,090,000
₫13,800
₫359,100
₫990,000
₫22,700
₫7,446,000
₫915,000
₫4,100,580
₫1,899,000
₫46,700
₫4,590,000
₫538,000
₫24,100
₫4,450,050
₫139,900
₫7,121,260
₫6,340,000
₫6,990,000
₫83,200
₫351,000
₫456,400
₫1,099,000
₫83,200
₫14,500
₫43,300
₫35,800
₫26,000
₫218,300
₫610,100
₫2,090,000
₫22,000
₫736,800
₫816,000
₫28,600
₫3,390,000
₫22,500
₫2,620,000
₫22,600
₫14,800
₫30,100
₫5,090,000
₫13,800
₫359,100
₫990,000
₫22,700
₫7,446,000
₫915,000
₫4,100,580
₫1,899,000
₫46,700
₫4,590,000
₫538,000
₫24,100
₫4,450,050
₫139,900
₫7,121,260
₫6,340,000
₫6,990,000
₫83,200
₫351,000
₫456,400
₫1,099,000
₫83,200
₫14,500
₫43,300
₫35,800
₫26,000
₫218,300
₫610,100
₫2,090,000
₫22,000
₫736,800
₫816,000
₫28,600
₫3,390,000
₫22,500
₫2,620,000
₫22,600
₫14,800
₫30,100
₫5,090,000
₫13,800
₫359,100
₫990,000
₫22,700
₫7,446,000
₫915,000
₫4,100,580
₫1,899,000
₫46,700
₫4,590,000
₫538,000
₫24,100
₫4,450,050
₫139,900
₫7,121,260
₫6,340,000
₫6,990,000
₫83,200
₫351,000
₫456,400
₫1,099,000
₫83,200
₫14,500
₫43,300
₫35,800
₫26,000
₫218,300
₫610,100
₫2,090,000
₫22,000
₫736,800
₫816,000
₫28,600
₫3,390,000
₫22,500
₫2,620,000
₫22,600
₫14,800
₫30,100
₫5,090,000
₫13,800
₫359,100
₫990,000
₫22,700
₫7,446,000
₫915,000
₫4,100,580
₫1,899,000
₫46,700
₫4,590,000
₫538,000
₫24,100
₫4,450,050
₫139,900
₫7,121,260
₫6,340,000
₫6,990,000
₫83,200
₫351,000
₫456,400
₫1,099,000
₫83,200
₫14,500
₫43,300
₫35,800
₫26,000
₫218,300
₫610,100
₫2,090,000
₫22,000
₫736,800
₫816,000
₫28,600
₫3,390,000
₫22,500
₫2,620,000
₫22,600
₫14,800
₫30,100
₫5,090,000
₫13,800
₫359,100
₫990,000
₫22,700
₫7,446,000
₫915,000
₫4,100,580
₫1,899,000
₫46,700
₫4,590,000
₫538,000
₫24,100
₫4,450,050
₫139,900
₫7,121,260
₫6,340,000
₫6,990,000
₫83,200
₫351,000
₫456,400
₫1,099,000
₫83,200
₫14,500
₫43,300
₫35,800
₫26,000
₫218,300
₫610,100
₫2,090,000
₫22,000
₫736,800
₫816,000
₫28,600
₫3,390,000
₫22,500
₫2,620,000
₫22,600
₫14,800
₫30,100
₫5,090,000
₫13,800
₫359,100
₫990,000
₫22,700
₫7,446,000
₫915,000
₫4,100,580
₫1,899,000
₫46,700
₫4,590,000
₫538,000
₫24,100
₫4,450,050
₫139,900
₫7,121,260
₫6,340,000
₫6,990,000
₫83,200
₫351,000
₫456,400
₫1,099,000
₫83,200
₫14,500
₫43,300
₫35,800
₫26,000
₫218,300
₫610,100
₫2,090,000
₫22,000
₫736,800
₫816,000
₫28,600
₫3,390,000
₫22,500
₫2,620,000
₫22,600
₫14,800
₫30,100
₫5,090,000
₫13,800
₫359,100
₫990,000
₫22,700
₫7,446,000
₫915,000
₫4,100,580
₫1,899,000
₫46,700
₫4,590,000
₫538,000
₫24,100
₫4,450,050
₫139,900
₫7,121,260
₫6,340,000
₫6,990,000
₫83,200
₫351,000
₫456,400
₫1,099,000
₫83,200
₫14,500
₫43,300
₫35,800
₫26,000
₫218,300
₫610,100
₫2,090,000
₫22,000
₫736,800
₫816,000
₫28,600
₫3,390,000
₫22,500
₫2,620,000
₫22,600
₫14,800
₫30,100
₫5,090,000
₫13,800
₫359,100
₫990,000
₫22,700
₫7,446,000
₫915,000
₫4,100,580
₫1,899,000
₫46,700
₫4,590,000
₫538,000
₫24,100
₫4,450,050
₫139,900
₫7,121,260
₫6,340,000
₫6,990,000
₫83,200
₫351,000
₫456,400
₫1,099,000
₫83,200
₫14,500
₫43,300
₫35,800
₫26,000
₫218,300
₫610,100
₫2,090,000
₫22,000
₫736,800
₫816,000
₫28,600
₫3,390,000
₫22,500
₫2,620,000
₫22,600
₫14,800
₫30,100
₫5,090,000
₫13,800
₫359,100
₫990,000
₫22,700
₫7,446,000
₫915,000
₫4,100,580
₫1,899,000
₫46,700
₫4,590,000
₫538,000
₫24,100
₫4,450,050
₫139,900
₫7,121,260
₫6,340,000
₫6,990,000
₫83,200
₫351,000
₫456,400
₫1,099,000
₫83,200
₫14,500
₫43,300
₫35,800
₫26,000
₫218,300
₫610,100
₫2,090,000
₫22,000
₫736,800
₫816,000
₫28,600
₫3,390,000
₫22,500
₫2,620,000
₫22,600
₫14,800
₫30,100
₫5,090,000
₫13,800
₫359,100
₫990,000
₫22,700
₫7,446,000
₫915,000
₫4,100,580
₫1,899,000
₫46,700
₫4,590,000
₫538,000
₫24,100
₫4,450,050
₫139,900
₫7,121,260
₫6,340,000
₫6,990,000
₫83,200
₫351,000
₫456,400
₫1,099,000
₫83,200
₫14,500
₫43,300
₫35,800
₫26,000
₫218,300
₫610,100
₫2,090,000
₫22,000
₫736,800
₫816,000
₫28,600
₫3,390,000
₫22,500
₫2,620,000
₫22,600
₫14,800
₫30,100
₫5,090,000
₫13,800
₫359,100
₫990,000
₫22,700
₫7,446,000
₫915,000
₫4,100,580
₫1,899,000
₫46,700
₫4,590,000
₫538,000
₫24,100
₫4,450,050
₫139,900
₫7,121,260
₫6,340,000
₫6,990,000
₫83,200
₫351,000
₫456,400
₫1,099,000
₫83,200
₫14,500
₫43,300
₫35,800
₫26,000
₫218,300
₫610,100
₫2,090,000
₫22,000
₫736,800
₫816,000
₫28,600
₫3,390,000
₫22,500
₫2,620,000
₫22,600
₫14,800
₫30,100
₫5,090,000
₫13,800
₫359,100
₫990,000
₫22,700
₫7,446,000
₫915,000
₫4,100,580
₫1,899,000
₫46,700
₫4,590,000
₫538,000
₫24,100
₫4,450,050
₫139,900
₫7,121,260
₫6,340,000
₫6,990,000
₫83,200
₫351,000
₫456,400
₫1,099,000
₫83,200
₫14,500
₫43,300
₫35,800
₫26,000
₫218,300
₫610,100
₫2,090,000
₫22,000
₫736,800
₫816,000
₫28,600
₫3,390,000
₫22,500
₫2,620,000
₫22,600
₫14,800
₫30,100
₫5,090,000
₫13,800
₫359,100
₫990,000
₫22,700
₫7,446,000
₫915,000
₫4,100,580
₫1,899,000
₫46,700
₫4,590,000
₫538,000
₫24,100
₫4,450,050
₫139,900
₫7,121,260
₫6,340,000
₫6,990,000
₫83,200
₫351,000
₫456,400
₫1,099,000
₫83,200
₫14,500
₫43,300
₫35,800
₫26,000
₫218,300
₫610,100
₫2,090,000
₫22,000
₫736,800
₫816,000
₫28,600
₫3,390,000
₫22,500
₫2,620,000
₫22,600
₫14,800
₫30,100
₫5,090,000
₫13,800
₫359,100
₫990,000
₫22,700
₫7,446,000
₫915,000
₫4,100,580
₫1,899,000
₫46,700
₫4,590,000
₫538,000
₫24,100
₫4,450,050
₫139,900
₫7,121,260
₫6,340,000
₫6,990,000
₫83,200
₫351,000
₫456,400
₫1,099,000
₫83,200
₫14,500
₫43,300
₫35,800
₫26,000
₫218,300
₫610,100
₫2,090,000
₫22,000
₫736,800
₫816,000
₫28,600
₫3,390,000
₫22,500
₫2,620,000
₫22,600
₫14,800
₫30,100
₫5,090,000
₫13,800
₫359,100
₫990,000
₫22,700
₫7,446,000
₫915,000
₫4,100,580
₫1,899,000
₫46,700
₫4,590,000
₫538,000
₫24,100
₫4,450,050
₫139,900
₫7,121,260
₫6,340,000
₫6,990,000
₫83,200
₫351,000
₫456,400
₫1,099,000
₫83,200
₫14,500
₫43,300
₫35,800
₫26,000
₫218,300
₫610,100
₫2,090,000
₫22,000
₫736,800
₫816,000
₫28,600
₫3,390,000
₫22,500
₫2,620,000
₫22,600
₫14,800
₫30,100
₫5,090,000
₫13,800
₫359,100
₫990,000
₫22,700
₫7,446,000
₫915,000
₫4,100,580
₫1,899,000
₫46,700
₫4,590,000
₫538,000
₫24,100
₫4,450,050
₫139,900
₫7,121,260
₫6,340,000
₫6,990,000
₫83,200
₫351,000
₫456,400
₫1,099,000
₫83,200
₫14,500
₫43,300
₫35,800
₫26,000
₫218,300
₫610,100
₫2,090,000
₫22,000
₫736,800
₫816,000
₫28,600
₫3,390,000
₫22,500
₫2,620,000
₫22,600
₫14,800
₫30,100
₫5,090,000
₫13,800
₫359,100
₫990,000
₫22,700
₫7,446,000
₫915,000
₫4,100,580
₫1,899,000
₫46,700
₫4,590,000
₫538,000
₫24,100
₫4,450,050
₫139,900
₫7,121,260
₫6,340,000
₫6,990,000
₫83,200
₫351,000
₫456,400
₫1,099,000
₫83,200
₫14,500
₫43,300
₫35,800
₫26,000
₫218,300
₫610,100
₫2,090,000
₫22,000
₫736,800
₫816,000
₫28,600
₫3,390,000
₫22,500
₫2,620,000
₫22,600
₫14,800
₫30,100
₫5,090,000
₫13,800
₫359,100
₫990,000
₫22,700
₫7,446,000
₫915,000
₫4,100,580
₫1,899,000
₫46,700
₫4,590,000
₫538,000
₫24,100
₫4,450,050
₫139,900
₫7,121,260
₫6,340,000
₫6,990,000
₫83,200
₫351,000
₫456,400
₫1,099,000
₫83,200
₫14,500
₫43,300
₫35,800
₫26,000
₫218,300
₫610,100
₫2,090,000
₫22,000
₫736,800
₫816,000
₫28,600
₫3,390,000
₫22,500
₫2,620,000
₫22,600
₫14,800
₫30,100
₫5,090,000
₫13,800
₫359,100
₫990,000
₫22,700
₫7,446,000
₫915,000
₫4,100,580
₫1,899,000
₫46,700
₫4,590,000
₫538,000
₫24,100
₫4,450,050
₫139,900
₫7,121,260
₫6,340,000
₫6,990,000
₫83,200
₫351,000
₫456,400
₫1,099,000
₫83,200
₫14,500
₫43,300
₫35,800
₫26,000
₫218,300
₫610,100
₫2,090,000
₫22,000
₫736,800
₫816,000
₫28,600
₫3,390,000
₫22,500
₫2,620,000
₫22,600
₫14,800
₫30,100
₫5,090,000
₫13,800
₫359,100
₫990,000
₫22,700
₫7,446,000
₫915,000
₫4,100,580
₫1,899,000
₫46,700
₫4,590,000
₫538,000
₫24,100
₫4,450,050
₫139,900
₫7,121,260
₫6,340,000
₫6,990,000
₫83,200
₫351,000
₫456,400
₫1,099,000
₫83,200
₫14,500
₫43,300
₫35,800
₫26,000
₫218,300
₫610,100
₫2,090,000
₫22,000
₫736,800
₫816,000
₫28,600
₫3,390,000
₫22,500
₫2,620,000
₫22,600
₫14,800
₫30,100
₫5,090,000
₫13,800
₫359,100
₫990,000
₫22,700
₫7,446,000
₫915,000
₫4,100,580
₫1,899,000
₫46,700
₫4,590,000
₫538,000
₫24,100
₫4,450,050
₫139,900
₫7,121,260
₫6,340,000
₫6,990,000
₫83,200
₫351,000
₫456,400
₫1,099,000
₫83,200
₫14,500
₫43,300
₫35,800
₫26,000
₫218,300
₫610,100
₫2,090,000
₫22,000
₫736,800
₫816,000
₫28,600
₫3,390,000
₫22,500
₫2,620,000
₫22,600
₫14,800
₫30,100
₫5,090,000
₫13,800
₫359,100
₫990,000
₫22,700
₫7,446,000
₫915,000
₫4,100,580
₫1,899,000
₫46,700
₫4,590,000
₫538,000
₫24,100
₫4,450,050
₫139,900
₫7,121,260
₫6,340,000
₫6,990,000
₫83,200
₫351,000
₫456,400
₫1,099,000
₫83,200
₫14,500
₫43,300
₫35,800
₫26,000
₫218,300
₫610,100
₫2,090,000
₫22,000
₫736,800
₫816,000
₫28,600
₫3,390,000
₫22,500
₫2,620,000
₫22,600
₫14,800
₫30,100
₫5,090,000
₫13,800
₫359,100
₫990,000
₫22,700
₫7,446,000
₫915,000
₫4,100,580
₫1,899,000
₫46,700
₫4,590,000
₫538,000
₫24,100
₫4,450,050
₫139,900
₫7,121,260
₫6,340,000
₫6,990,000
₫83,200
₫351,000
₫456,400
₫1,099,000
₫83,200
₫14,500
₫43,300
₫35,800
₫26,000
₫218,300
₫610,100
₫2,090,000
₫22,000
₫736,800
₫816,000
₫28,600
₫3,390,000
₫22,500
₫2,620,000
₫22,600
₫14,800
₫30,100
₫5,090,000
₫13,800
₫359,100
₫990,000
₫22,700
₫7,446,000
₫915,000
₫4,100,580
₫1,899,000
₫46,700
₫4,590,000
₫538,000
₫24,100
₫4,450,050
₫139,900
₫7,121,260
₫6,340,000
₫6,990,000
₫83,200
₫351,000
₫456,400
₫1,099,000
₫83,200
₫14,500
₫43,300
₫35,800
₫26,000
₫218,300
₫610,100
₫2,090,000
₫22,000
₫736,800
₫816,000
₫28,600
₫3,390,000
₫22,500
₫2,620,000
₫22,600
₫14,800
₫30,100
₫5,090,000
₫13,800
₫359,100
₫990,000
₫22,700
₫7,446,000
₫915,000
₫4,100,580
₫1,899,000
₫46,700
₫4,590,000
₫538,000
₫24,100
₫4,450,050
₫139,900
₫7,121,260
₫6,340,000
₫6,990,000
₫83,200
₫351,000
₫456,400
₫1,099,000
₫83,200
₫14,500
₫43,300
₫35,800
₫26,000
₫218,300
₫610,100
₫2,090,000
₫22,000
₫736,800
₫816,000
₫28,600
₫3,390,000
₫22,500
₫2,620,000
₫22,600
₫14,800
₫30,100
₫5,090,000
₫13,800
₫359,100
₫990,000
₫22,700
₫7,446,000
₫915,000
₫4,100,580
₫1,899,000
₫46,700
₫4,590,000
₫538,000
₫24,100
₫4,450,050
₫139,900
₫7,121,260
₫6,340,000
₫6,990,000
₫83,200
₫351,000
₫456,400
₫1,099,000
₫83,200
₫14,500
₫43,300
₫35,800
₫26,000
₫218,300
₫610,100
₫2,090,000
₫22,000
₫736,800
₫816,000
₫28,600
₫3,390,000
₫22,500
₫2,620,000
₫22,600
₫14,800
₫30,100
₫5,090,000
₫13,800
₫359,100
₫990,000
₫22,700
₫7,446,000
₫915,000
₫4,100,580
₫1,899,000
₫46,700
₫4,590,000
₫538,000
₫24,100
₫4,450,050
₫139,900
₫7,121,260
₫6,340,000
₫6,990,000
₫83,200
₫351,000
₫456,400
₫1,099,000
₫83,200
₫14,500
₫43,300
₫35,800
₫26,000
₫218,300
₫610,100
₫2,090,000
₫22,000
₫736,800
₫816,000
₫28,600
₫3,390,000
₫22,500
₫2,620,000
₫22,600
₫14,800
₫30,100
₫5,090,000
₫13,800
₫359,100
₫990,000
₫22,700
₫7,446,000
₫915,000
₫4,100,580
₫1,899,000
₫46,700
₫4,590,000
₫538,000
₫24,100
₫4,450,050
₫139,900
₫7,121,260
₫6,340,000
₫6,990,000
₫83,200
₫351,000
₫456,400
₫1,099,000
₫83,200
₫14,500
₫43,300
₫35,800
₫26,000
₫218,300
₫610,100
₫2,090,000
₫22,000
₫736,800
₫816,000
₫28,600
₫3,390,000
₫22,500
₫2,620,000
₫22,600
₫14,800
₫30,100
₫5,090,000
₫13,800
₫359,100
₫990,000
₫22,700
₫7,446,000
₫915,000
₫4,100,580
₫1,899,000
₫46,700
₫4,590,000
₫538,000
₫24,100
₫4,450,050
₫139,900
₫7,121,260
₫6,340,000
₫6,990,000
₫83,200
₫351,000
₫456,400
₫1,099,000
₫83,200
₫14,500
₫43,300
₫35,800
₫26,000
₫218,300
₫610,100
₫2,090,000
₫22,000
₫736,800
₫816,000
₫28,600
₫3,390,000
₫22,500
₫2,620,000
₫22,600
₫14,800
₫30,100
₫5,090,000
₫13,800
₫359,100
₫990,000
₫22,700
₫7,446,000
₫915,000
₫4,100,580
₫1,899,000
₫46,700
₫4,590,000
₫538,000
₫24,100
₫4,450,050
₫139,900
₫7,121,260
₫6,340,000
₫6,990,000
₫83,200
₫351,000
₫456,400
₫1,099,000
₫83,200
₫14,500
₫43,300
₫35,800
₫26,000
₫218,300
₫610,100
₫2,090,000
₫22,000
₫736,800
₫816,000
₫28,600
₫3,390,000
₫22,500
₫2,620,000
₫22,600
₫14,800
₫30,100
₫5,090,000
₫13,800
₫359,100
₫990,000
₫22,700
₫7,446,000
₫915,000
₫4,100,580
₫1,899,000
₫46,700
₫4,590,000
₫538,000
₫24,100
₫4,450,050
₫139,900
₫7,121,260
₫6,340,000
₫6,990,000
₫83,200
₫351,000
₫456,400
₫1,099,000
₫83,200
₫14,500
₫43,300
₫35,800
₫26,000
₫218,300
₫610,100
₫2,090,000
₫22,000
₫736,800
₫816,000
₫28,600
₫3,390,000
₫22,500
₫2,620,000
₫22,600
₫14,800
₫30,100
₫5,090,000
₫13,800
₫359,100
₫990,000
₫22,700
₫7,446,000
₫915,000
₫4,100,580
₫1,899,000
₫46,700
₫4,590,000
₫538,000
₫24,100
₫4,450,050
₫139,900
₫7,121,260
₫6,340,000
₫6,990,000
₫83,200
₫351,000
₫456,400
₫1,099,000
₫83,200
₫14,500
₫43,300
₫35,800
₫26,000
₫218,300
₫610,100
₫2,090,000
₫22,000
₫736,800
₫816,000
₫28,600
₫3,390,000
₫22,500
₫2,620,000
₫22,600
₫14,800
₫30,100
₫5,090,000
₫13,800
₫359,100
₫990,000
₫22,700
₫7,446,000
₫915,000
₫4,100,580
₫1,899,000
₫46,700
₫4,590,000
₫538,000
₫24,100
₫4,450,050
₫139,900
₫7,121,260
₫6,340,000
₫6,990,000
₫83,200
₫351,000
₫456,400
₫1,099,000
₫83,200
₫14,500
₫43,300
₫35,800
₫26,000
₫218,300
₫610,100
₫2,090,000
₫22,000
₫736,800
₫816,000
₫28,600
₫3,390,000
₫22,500
₫2,620,000
₫22,600
₫14,800
₫30,100
₫5,090,000
₫13,800
₫359,100
₫990,000
₫22,700
₫7,446,000
₫915,000
₫4,100,580
₫1,899,000
₫46,700
₫4,590,000
₫538,000
₫24,100
₫4,450,050
₫139,900
₫7,121,260
₫6,340,000
₫6,990,000
₫83,200
₫351,000
₫456,400
₫1,099,000
₫83,200
₫14,500
₫43,300
₫35,800
₫26,000
₫218,300
₫610,100
₫2,090,000
₫22,000
₫736,800
₫816,000
₫28,600
₫3,390,000
₫22,500
₫2,620,000
₫22,600
₫14,800
₫30,100
₫5,090,000
₫13,800
₫359,100
₫990,000
₫22,700
₫7,446,000
₫915,000
₫4,100,580
₫1,899,000
₫46,700
₫4,590,000
₫538,000
₫24,100
₫4,450,050
₫139,900
₫7,121,260
₫6,340,000
₫6,990,000
₫83,200
₫351,000
₫456,400
₫1,099,000
₫83,200
₫14,500
₫43,300
₫35,800
₫26,000
₫218,300
₫610,100
₫2,090,000
₫22,000
₫736,800
₫816,000
₫28,600
₫3,390,000
₫22,500
₫2,620,000
₫22,600
₫14,800
₫30,100
₫5,090,000
₫13,800
₫359,100
₫990,000
₫22,700
₫7,446,000
₫915,000
₫4,100,580
₫1,899,000
₫46,700
₫4,590,000
₫538,000
₫24,100
₫4,450,050
₫139,900
₫7,121,260
₫6,340,000
₫6,990,000
₫83,200
₫351,000
₫456,400
₫1,099,000
₫83,200
₫14,500
₫43,300
₫35,800
₫26,000
₫218,300
₫610,100
₫2,090,000
₫22,000
₫736,800
₫816,000
₫28,600
₫3,390,000
₫22,500
₫2,620,000
₫22,600
₫14,800
₫30,100
₫5,090,000
₫13,800
₫359,100
₫990,000
₫22,700
₫7,446,000
₫915,000
₫4,100,580
₫1,899,000
₫46,700
₫4,590,000
₫538,000
₫24,100
₫4,450,050
₫139,900
₫7,121,260
₫6,340,000
₫6,990,000
₫83,200
₫351,000
₫456,400
₫1,099,000
₫83,200
₫14,500
₫43,300
₫35,800
₫26,000
₫218,300
₫610,100
₫2,090,000
₫22,000
₫736,800
₫816,000
₫28,600
₫3,390,000
₫22,500
₫2,620,000
₫22,600
₫14,800
₫30,100
₫5,090,000
₫13,800
₫359,100
₫990,000
₫22,700
₫7,446,000
₫915,000
₫4,100,580
₫1,899,000
₫46,700
₫4,590,000
₫538,000
₫24,100
₫4,450,050
₫139,900
₫7,121,260
₫6,340,000
₫6,990,000
₫83,200
₫351,000
₫456,400
₫1,099,000
₫83,200
₫14,500
₫43,300
₫35,800
₫26,000
₫218,300
₫610,100
₫2,090,000
