₫2,130,000
₫917,000
₫1,900,000
₫738,000
₫3,280,000
₫5,600,000
₫815,000
₫3,300,000
₫4,737,000
₫3,500,000
₫4,851
₫229,000
₫720,000
₫7,500
₫142,000
₫60,034
₫869,000
₫1,279,000
₫54,000
₫926,938
₫810,000
₫890,000
₫2,680,000
₫1,150,000
₫1,490,000
₫590,000
₫10,219,000
₫1,305,000
₫195,000
₫3,990,000
₫9,418,000
₫99,000
₫48,000
₫1,230,000
₫1,800,000
₫1,392,000
₫360,000
₫1,260,000
₫770,000
₫1,230,000
₫2,130,000
₫917,000
₫1,900,000
₫738,000
₫3,280,000
₫5,600,000
₫815,000
₫3,300,000
₫4,737,000
₫3,500,000
₫4,851
₫229,000
₫720,000
₫7,500
₫142,000
₫60,034
₫869,000
₫1,279,000
₫54,000
₫926,938
₫810,000
₫890,000
₫2,680,000
₫1,150,000
₫1,490,000
₫590,000
₫10,219,000
₫1,305,000
₫195,000
₫3,990,000
₫9,418,000
₫99,000
₫48,000
₫1,230,000
₫1,800,000
₫1,392,000
₫360,000
₫1,260,000
₫770,000
₫1,230,000
₫2,130,000
₫917,000
₫1,900,000
₫738,000
₫3,280,000
₫5,600,000
₫815,000
₫3,300,000
₫4,737,000
₫3,500,000
₫4,851
₫229,000
₫720,000
₫7,500
₫142,000
₫60,034
₫869,000
₫1,279,000
₫54,000
₫926,938
₫810,000
₫890,000
₫2,680,000
₫1,150,000
₫1,490,000
₫590,000
₫10,219,000
₫1,305,000
₫195,000
₫3,990,000
₫9,418,000
₫99,000
₫48,000
₫1,230,000
₫1,800,000
₫1,392,000
₫360,000
₫1,260,000
₫770,000
₫1,230,000
₫2,130,000
₫917,000
₫1,900,000
₫738,000
₫3,280,000
₫5,600,000
₫815,000
₫3,300,000
₫4,737,000
₫3,500,000
₫4,851
₫229,000
₫720,000
₫7,500
₫142,000
₫60,034
₫869,000
₫1,279,000
₫54,000
₫926,938
₫810,000
₫890,000
₫2,680,000
₫1,150,000
₫1,490,000
₫590,000
₫10,219,000
₫1,305,000
₫195,000
₫3,990,000
₫9,418,000
₫99,000
₫48,000
₫1,230,000
₫1,800,000
₫1,392,000
₫360,000
₫1,260,000
₫770,000
₫1,230,000
