₫584,500
₫50,000
₫820,000
₫699,999
₫304,100
₫72,000
₫89,300
₫148,000
₫5,500,000
₫68,000
₫762,200
₫60,000
₫2,594,000
₫870,000
₫328,000
₫229,000
₫55,000
₫1,099,000
₫195,000
₫68,000
₫6,590,000
₫590,800
₫250,994
₫830,000
₫599,000
₫1,350,000
₫109,963
₫3,150,000
₫385,200
₫96,040
₫1,399,000
₫130,000
₫2,315,000
₫459,906
₫1,800,000
₫120,888
₫999,000
₫270,000
₫900,000
₫4,990,000
₫584,500
₫50,000
₫820,000
₫699,999
₫304,100
₫72,000
₫89,300
₫148,000
₫5,500,000
₫68,000
₫762,200
₫60,000
₫2,594,000
₫870,000
₫328,000
₫229,000
₫55,000
₫1,099,000
₫195,000
₫68,000
₫6,590,000
₫590,800
₫250,994
₫830,000
₫599,000
₫1,350,000
₫109,963
₫3,150,000
₫385,200
₫96,040
₫1,399,000
₫130,000
₫2,315,000
₫459,906
₫1,800,000
₫120,888
₫999,000
₫270,000
₫900,000
₫4,990,000
₫584,500
₫50,000
₫820,000
₫699,999
₫304,100
₫72,000
₫89,300
₫148,000
₫5,500,000
₫68,000
₫762,200
₫60,000
₫2,594,000
₫870,000
₫328,000
₫229,000
₫55,000
₫1,099,000
₫195,000
₫68,000
₫6,590,000
₫590,800
₫250,994
₫830,000
₫599,000
₫1,350,000
₫109,963
₫3,150,000
₫385,200
₫96,040
₫1,399,000
₫130,000
₫2,315,000
₫459,906
₫1,800,000
₫120,888
₫999,000
₫270,000
₫900,000
₫4,990,000
₫584,500
₫50,000
₫820,000
₫699,999
₫304,100
₫72,000
₫89,300
₫148,000
₫5,500,000
₫68,000
₫762,200
₫60,000
₫2,594,000
₫870,000
₫328,000
₫229,000
₫55,000
₫1,099,000
₫195,000
₫68,000
₫6,590,000
₫590,800
₫250,994
₫830,000
₫599,000
₫1,350,000
₫109,963
₫3,150,000
₫385,200
₫96,040
₫1,399,000
₫130,000
₫2,315,000
₫459,906
₫1,800,000
₫120,888
₫999,000
₫270,000
₫900,000
₫4,990,000
₫584,500
₫50,000
₫820,000
₫699,999
₫304,100
₫72,000
₫89,300
₫148,000
₫5,500,000
₫68,000
₫762,200
₫60,000
₫2,594,000
₫870,000
₫328,000
₫229,000
₫55,000
₫1,099,000
₫195,000
₫68,000
₫6,590,000
₫590,800
₫250,994
₫830,000
₫599,000
₫1,350,000
₫109,963
₫3,150,000
₫385,200
₫96,040
₫1,399,000
₫130,000
₫2,315,000
₫459,906
₫1,800,000
₫120,888
₫999,000
₫270,000
₫900,000
₫4,990,000
₫584,500
₫50,000
₫820,000
₫699,999
₫304,100
₫72,000
₫89,300
₫148,000
₫5,500,000
₫68,000
₫762,200
₫60,000
₫2,594,000
₫870,000
₫328,000
₫229,000
₫55,000
₫1,099,000
₫195,000
₫68,000
₫6,590,000
₫590,800
₫250,994
₫830,000
₫599,000
₫1,350,000
₫109,963
₫3,150,000
₫385,200
₫96,040
₫1,399,000
₫130,000
₫2,315,000
₫459,906
₫1,800,000
₫120,888
₫999,000
₫270,000
₫900,000
₫4,990,000
₫584,500
₫50,000
₫820,000
₫699,999
₫304,100
₫72,000
₫89,300
₫148,000
₫5,500,000
₫68,000
₫762,200
₫60,000
₫2,594,000
₫870,000
₫328,000
₫229,000
₫55,000
₫1,099,000
₫195,000
₫68,000
₫6,590,000
₫590,800
₫250,994
₫830,000
₫599,000
₫1,350,000
₫109,963
₫3,150,000
₫385,200
₫96,040
₫1,399,000
₫130,000
₫2,315,000
₫459,906
₫1,800,000
₫120,888
₫999,000
₫270,000
₫900,000
₫4,990,000
₫584,500
₫50,000
₫820,000
₫699,999
₫304,100
₫72,000
₫89,300
₫148,000
₫5,500,000
₫68,000
₫762,200
₫60,000
₫2,594,000
₫870,000
₫328,000
₫229,000
₫55,000
₫1,099,000
₫195,000
₫68,000
₫6,590,000
₫590,800
₫250,994
₫830,000
₫599,000
₫1,350,000
₫109,963
₫3,150,000
₫385,200
₫96,040
₫1,399,000
₫130,000
₫2,315,000
₫459,906
₫1,800,000
₫120,888
₫999,000
₫270,000
₫900,000
₫4,990,000
₫584,500
₫50,000
₫820,000
₫699,999
₫304,100
₫72,000
₫89,300
₫148,000
₫5,500,000
₫68,000
₫762,200
₫60,000
₫2,594,000
₫870,000
₫328,000
₫229,000
₫55,000
₫1,099,000
₫195,000
₫68,000
₫6,590,000
₫590,800
₫250,994
₫830,000
₫599,000
₫1,350,000
₫109,963
₫3,150,000
₫385,200
₫96,040
₫1,399,000
₫130,000
₫2,315,000
₫459,906
₫1,800,000
₫120,888
₫999,000
₫270,000
₫900,000
₫4,990,000
₫584,500
₫50,000
₫820,000
₫699,999
₫304,100
₫72,000
₫89,300
₫148,000
₫5,500,000
₫68,000
₫762,200
₫60,000
₫2,594,000
₫870,000
₫328,000
₫229,000
₫55,000
₫1,099,000
₫195,000
₫68,000
₫6,590,000
₫590,800
₫250,994
₫830,000
₫599,000
₫1,350,000
₫109,963
₫3,150,000
₫385,200
₫96,040
₫1,399,000
₫130,000
₫2,315,000
₫459,906
₫1,800,000
₫120,888
₫999,000
₫270,000
₫900,000
₫4,990,000
₫584,500
₫50,000
₫820,000
₫699,999
₫304,100
₫72,000
₫89,300
₫148,000
₫5,500,000
₫68,000
₫762,200
₫60,000
₫2,594,000
₫870,000
₫328,000
₫229,000
₫55,000
₫1,099,000
₫195,000
₫68,000
₫6,590,000
₫590,800
₫250,994
₫830,000
₫599,000
₫1,350,000
₫109,963
₫3,150,000
₫385,200
₫96,040
₫1,399,000
₫130,000
₫2,315,000
₫459,906
₫1,800,000
₫120,888
₫999,000
₫270,000
₫900,000
₫4,990,000
₫584,500
₫50,000
₫820,000
₫699,999
₫304,100
₫72,000
₫89,300
₫148,000
₫5,500,000
₫68,000
₫762,200
₫60,000
₫2,594,000
₫870,000
₫328,000
₫229,000
₫55,000
₫1,099,000
₫195,000
₫68,000
₫6,590,000
₫590,800
₫250,994
₫830,000
₫599,000
₫1,350,000
₫109,963
₫3,150,000
₫385,200
₫96,040
₫1,399,000
₫130,000
₫2,315,000
₫459,906
₫1,800,000
₫120,888
₫999,000
₫270,000
₫900,000
₫4,990,000
₫584,500
₫50,000
₫820,000
₫699,999
₫304,100
₫72,000
₫89,300
₫148,000
₫5,500,000
₫68,000
₫762,200
₫60,000
₫2,594,000
₫870,000
₫328,000
₫229,000
₫55,000
₫1,099,000
₫195,000
₫68,000
₫6,590,000
₫590,800
₫250,994
₫830,000
₫599,000
₫1,350,000
₫109,963
₫3,150,000
₫385,200
₫96,040
₫1,399,000
₫130,000
₫2,315,000
₫459,906
₫1,800,000
₫120,888
₫999,000
₫270,000
₫900,000
₫4,990,000
₫584,500
₫50,000
₫820,000
₫699,999
₫304,100
₫72,000
₫89,300
₫148,000
₫5,500,000
₫68,000
₫762,200
₫60,000
₫2,594,000
₫870,000
₫328,000
₫229,000
₫55,000
₫1,099,000
₫195,000
₫68,000
₫6,590,000
₫590,800
₫250,994
₫830,000
₫599,000
₫1,350,000
₫109,963
₫3,150,000
₫385,200
₫96,040
₫1,399,000
₫130,000
₫2,315,000
₫459,906
₫1,800,000
₫120,888
₫999,000
₫270,000
₫900,000
₫4,990,000
₫584,500
₫50,000
₫820,000
₫699,999
₫304,100
₫72,000
₫89,300
₫148,000
₫5,500,000
₫68,000
₫762,200
₫60,000
₫2,594,000
₫870,000
₫328,000
₫229,000
₫55,000
₫1,099,000
₫195,000
₫68,000
₫6,590,000
₫590,800
₫250,994
₫830,000
₫599,000
₫1,350,000
₫109,963
₫3,150,000
₫385,200
₫96,040
₫1,399,000
₫130,000
₫2,315,000
₫459,906
₫1,800,000
₫120,888
₫999,000
₫270,000
₫900,000
₫4,990,000
₫584,500
₫50,000
₫820,000
₫699,999
₫304,100
₫72,000
₫89,300
₫148,000
₫5,500,000
₫68,000
₫762,200
₫60,000
₫2,594,000
₫870,000
₫328,000
₫229,000
₫55,000
₫1,099,000
₫195,000
₫68,000
₫6,590,000
₫590,800
₫250,994
₫830,000
₫599,000
₫1,350,000
₫109,963
₫3,150,000
₫385,200
₫96,040
₫1,399,000
₫130,000
₫2,315,000
₫459,906
₫1,800,000
₫120,888
₫999,000
₫270,000
₫900,000
₫4,990,000
₫584,500
₫50,000
₫820,000
₫699,999
₫304,100
₫72,000
₫89,300
₫148,000
₫5,500,000
₫68,000
₫762,200
₫60,000
₫2,594,000
₫870,000
₫328,000
₫229,000
₫55,000
₫1,099,000
₫195,000
₫68,000
₫6,590,000
₫590,800
₫250,994
₫830,000
₫599,000
₫1,350,000
₫109,963
₫3,150,000
₫385,200
₫96,040
₫1,399,000
₫130,000
₫2,315,000
₫459,906
₫1,800,000
₫120,888
₫999,000
₫270,000
₫900,000
₫4,990,000
₫584,500
₫50,000
₫820,000
₫699,999
₫304,100
₫72,000
₫89,300
₫148,000
₫5,500,000
₫68,000
₫762,200
₫60,000
₫2,594,000
₫870,000
₫328,000
₫229,000
₫55,000
₫1,099,000
₫195,000
₫68,000
₫6,590,000
₫590,800
₫250,994
₫830,000
₫599,000
₫1,350,000
₫109,963
₫3,150,000
₫385,200
₫96,040
₫1,399,000
₫130,000
₫2,315,000
₫459,906
₫1,800,000
₫120,888
₫999,000
₫270,000
₫900,000
₫4,990,000
₫584,500
₫50,000
₫820,000
₫699,999
₫304,100
₫72,000
₫89,300
₫148,000
₫5,500,000
₫68,000
₫762,200
₫60,000
₫2,594,000
₫870,000
₫328,000
₫229,000
₫55,000
₫1,099,000
₫195,000
₫68,000
₫6,590,000
₫590,800
₫250,994
₫830,000
₫599,000
₫1,350,000
₫109,963
₫3,150,000
₫385,200
₫96,040
₫1,399,000
₫130,000
₫2,315,000
₫459,906
₫1,800,000
₫120,888
₫999,000
₫270,000
₫900,000
₫4,990,000
₫584,500
₫50,000
₫820,000
₫699,999
₫304,100
₫72,000
₫89,300
₫148,000
₫5,500,000
₫68,000
₫762,200
₫60,000
₫2,594,000
₫870,000
₫328,000
₫229,000
₫55,000
₫1,099,000
₫195,000
₫68,000
₫6,590,000
₫590,800
₫250,994
₫830,000
₫599,000
₫1,350,000
₫109,963
₫3,150,000
₫385,200
₫96,040
₫1,399,000
₫130,000
₫2,315,000
₫459,906
₫1,800,000
₫120,888
₫999,000
₫270,000
₫900,000
₫4,990,000
₫584,500
₫50,000
₫820,000
₫699,999
₫304,100
₫72,000
₫89,300
₫148,000
₫5,500,000
₫68,000
₫762,200
₫60,000
₫2,594,000
₫870,000
₫328,000
₫229,000
₫55,000
₫1,099,000
₫195,000
₫68,000
₫6,590,000
₫590,800
₫250,994
₫830,000
₫599,000
₫1,350,000
₫109,963
₫3,150,000
₫385,200
₫96,040
₫1,399,000
₫130,000
₫2,315,000
₫459,906
₫1,800,000
₫120,888
₫999,000
₫270,000
₫900,000
₫4,990,000
₫584,500
₫50,000
₫820,000
₫699,999
₫304,100
₫72,000
₫89,300
₫148,000
₫5,500,000
₫68,000
₫762,200
₫60,000
₫2,594,000
₫870,000
₫328,000
₫229,000
₫55,000
₫1,099,000
₫195,000
₫68,000
₫6,590,000
₫590,800
₫250,994
₫830,000
₫599,000
₫1,350,000
₫109,963
₫3,150,000
₫385,200
₫96,040
₫1,399,000
₫130,000
₫2,315,000
₫459,906
₫1,800,000
₫120,888
₫999,000
₫270,000
₫900,000
₫4,990,000
₫584,500
₫50,000
₫820,000
₫699,999
₫304,100
₫72,000
₫89,300
₫148,000
₫5,500,000
₫68,000
₫762,200
₫60,000
₫2,594,000
₫870,000
₫328,000
₫229,000
₫55,000
₫1,099,000
₫195,000
₫68,000
₫6,590,000
₫590,800
₫250,994
₫830,000
₫599,000
₫1,350,000
₫109,963
₫3,150,000
₫385,200
₫96,040
₫1,399,000
₫130,000
₫2,315,000
₫459,906
₫1,800,000
₫120,888
₫999,000
₫270,000
₫900,000
₫4,990,000
₫584,500
₫50,000
₫820,000
₫699,999
₫304,100
₫72,000
₫89,300
₫148,000
₫5,500,000
₫68,000
₫762,200
₫60,000
₫2,594,000
₫870,000
₫328,000
₫229,000
₫55,000
₫1,099,000
₫195,000
₫68,000
₫6,590,000
₫590,800
₫250,994
₫830,000
₫599,000
₫1,350,000
₫109,963
₫3,150,000
₫385,200
₫96,040
₫1,399,000
₫130,000
₫2,315,000
₫459,906
₫1,800,000
₫120,888
₫999,000
₫270,000
₫900,000
₫4,990,000
₫584,500
₫50,000
₫820,000
₫699,999
₫304,100
₫72,000
₫89,300
₫148,000
₫5,500,000
₫68,000
₫762,200
₫60,000
₫2,594,000
₫870,000
₫328,000
₫229,000
₫55,000
₫1,099,000
₫195,000
₫68,000
₫6,590,000
₫590,800
₫250,994
₫830,000
₫599,000
₫1,350,000
₫109,963
₫3,150,000
₫385,200
₫96,040
₫1,399,000
₫130,000
₫2,315,000
₫459,906
₫1,800,000
₫120,888
₫999,000
₫270,000
₫900,000
₫4,990,000
₫584,500
₫50,000
₫820,000
₫699,999
₫304,100
₫72,000
₫89,300
₫148,000
₫5,500,000
₫68,000
₫762,200
₫60,000
₫2,594,000
₫870,000
₫328,000
₫229,000
₫55,000
₫1,099,000
₫195,000
₫68,000
₫6,590,000
₫590,800
₫250,994
₫830,000
₫599,000
₫1,350,000
₫109,963
₫3,150,000
₫385,200
₫96,040
₫1,399,000
₫130,000
₫2,315,000
₫459,906
₫1,800,000
₫120,888
₫999,000
₫270,000
₫900,000
₫4,990,000
₫584,500
₫50,000
₫820,000
₫699,999
₫304,100
₫72,000
₫89,300
₫148,000
₫5,500,000
₫68,000
₫762,200
₫60,000
₫2,594,000
₫870,000
₫328,000
₫229,000
₫55,000
₫1,099,000
₫195,000
₫68,000
₫6,590,000
₫590,800
₫250,994
₫830,000
₫599,000
₫1,350,000
₫109,963
₫3,150,000
₫385,200
₫96,040
₫1,399,000
₫130,000
₫2,315,000
₫459,906
₫1,800,000
₫120,888
₫999,000
₫270,000
₫900,000
₫4,990,000
₫584,500
₫50,000
₫820,000
₫699,999
₫304,100
₫72,000
₫89,300
₫148,000
₫5,500,000
₫68,000
₫762,200
₫60,000
₫2,594,000
₫870,000
₫328,000
₫229,000
₫55,000
₫1,099,000
₫195,000
₫68,000
₫6,590,000
₫590,800
₫250,994
₫830,000
₫599,000
₫1,350,000
₫109,963
₫3,150,000
₫385,200
₫96,040
₫1,399,000
₫130,000
₫2,315,000
₫459,906
₫1,800,000
₫120,888
₫999,000
₫270,000
₫900,000
₫4,990,000
₫584,500
₫50,000
₫820,000
₫699,999
₫304,100
₫72,000
₫89,300
₫148,000
₫5,500,000
₫68,000
₫762,200
₫60,000
₫2,594,000
₫870,000
₫328,000
₫229,000
₫55,000
₫1,099,000
₫195,000
₫68,000
₫6,590,000
₫590,800
₫250,994
₫830,000
₫599,000
₫1,350,000
₫109,963
₫3,150,000
₫385,200
₫96,040
₫1,399,000
₫130,000
₫2,315,000
₫459,906
₫1,800,000
₫120,888
₫999,000
₫270,000
₫900,000
₫4,990,000
₫584,500
₫50,000
₫820,000
₫699,999
₫304,100
₫72,000
₫89,300
₫148,000
₫5,500,000
₫68,000
₫762,200
₫60,000
₫2,594,000
₫870,000
₫328,000
₫229,000
₫55,000
₫1,099,000
₫195,000
₫68,000
₫6,590,000
₫590,800
₫250,994
₫830,000
₫599,000
₫1,350,000
₫109,963
₫3,150,000
₫385,200
₫96,040
₫1,399,000
₫130,000
₫2,315,000
₫459,906
₫1,800,000
₫120,888
₫999,000
₫270,000
₫900,000
₫4,990,000
₫584,500
₫50,000
₫820,000
₫699,999
₫304,100
₫72,000
₫89,300
₫148,000
₫5,500,000
₫68,000
₫762,200
₫60,000
₫2,594,000
₫870,000
₫328,000
₫229,000
₫55,000
₫1,099,000
₫195,000
₫68,000
₫6,590,000
₫590,800
₫250,994
₫830,000
₫599,000
₫1,350,000
₫109,963
₫3,150,000
₫385,200
₫96,040
₫1,399,000
₫130,000
₫2,315,000
₫459,906
₫1,800,000
₫120,888
₫999,000
₫270,000
₫900,000
₫4,990,000
₫584,500
₫50,000
₫820,000
₫699,999
₫304,100
₫72,000
₫89,300
₫148,000
₫5,500,000
₫68,000
₫762,200
₫60,000
₫2,594,000
₫870,000
₫328,000
₫229,000
₫55,000
₫1,099,000
₫195,000
₫68,000
₫6,590,000
₫590,800
₫250,994
₫830,000
₫599,000
₫1,350,000
₫109,963
₫3,150,000
₫385,200
₫96,040
₫1,399,000
₫130,000
₫2,315,000
₫459,906
₫1,800,000
₫120,888
₫999,000
₫270,000
₫900,000
₫4,990,000
₫584,500
₫50,000
₫820,000
₫699,999
₫304,100
₫72,000
₫89,300
₫148,000
₫5,500,000
₫68,000
₫762,200
₫60,000
₫2,594,000
₫870,000
₫328,000
₫229,000
₫55,000
₫1,099,000
₫195,000
₫68,000
₫6,590,000
₫590,800
₫250,994
₫830,000
₫599,000
₫1,350,000
₫109,963
₫3,150,000
₫385,200
₫96,040
₫1,399,000
₫130,000
₫2,315,000
₫459,906
₫1,800,000
₫120,888
₫999,000
₫270,000
₫900,000
₫4,990,000
₫584,500
₫50,000
₫820,000
₫699,999
₫304,100
₫72,000
₫89,300
₫148,000
₫5,500,000
₫68,000
₫762,200
₫60,000
₫2,594,000
₫870,000
₫328,000
₫229,000
₫55,000
₫1,099,000
₫195,000
₫68,000
₫6,590,000
₫590,800
₫250,994
₫830,000
₫599,000
₫1,350,000
₫109,963
₫3,150,000
₫385,200
₫96,040
₫1,399,000
₫130,000
₫2,315,000
₫459,906
₫1,800,000
₫120,888
₫999,000
₫270,000
₫900,000
₫4,990,000
₫584,500
₫50,000
₫820,000
₫699,999
₫304,100
₫72,000
₫89,300
₫148,000
₫5,500,000
₫68,000
₫762,200
₫60,000
₫2,594,000
₫870,000
₫328,000
₫229,000
₫55,000
₫1,099,000
₫195,000
₫68,000
₫6,590,000
₫590,800
₫250,994
₫830,000
₫599,000
₫1,350,000
₫109,963
₫3,150,000
₫385,200
₫96,040
₫1,399,000
₫130,000
₫2,315,000
₫459,906
₫1,800,000
₫120,888
₫999,000
₫270,000
₫900,000
₫4,990,000
₫584,500
₫50,000
₫820,000
₫699,999
₫304,100
₫72,000
₫89,300
₫148,000
₫5,500,000
₫68,000
₫762,200
₫60,000
₫2,594,000
₫870,000
₫328,000
₫229,000
₫55,000
₫1,099,000
₫195,000
₫68,000
₫6,590,000
₫590,800
₫250,994
₫830,000
₫599,000
₫1,350,000
₫109,963
₫3,150,000
₫385,200
₫96,040
₫1,399,000
₫130,000
₫2,315,000
₫459,906
₫1,800,000
₫120,888
₫999,000
₫270,000
₫900,000
₫4,990,000
₫584,500
₫50,000
₫820,000
₫699,999
₫304,100
₫72,000
₫89,300
₫148,000
₫5,500,000
₫68,000
₫762,200
₫60,000
₫2,594,000
₫870,000
₫328,000
₫229,000
₫55,000
₫1,099,000
₫195,000
₫68,000
₫6,590,000
₫590,800
₫250,994
₫830,000
₫599,000
₫1,350,000
₫109,963
₫3,150,000
₫385,200
₫96,040
₫1,399,000
₫130,000
₫2,315,000
₫459,906
₫1,800,000
₫120,888
₫999,000
₫270,000
₫900,000
₫4,990,000
₫584,500
₫50,000
₫820,000
₫699,999
₫304,100
₫72,000
₫89,300
₫148,000
₫5,500,000
₫68,000
₫762,200
₫60,000
₫2,594,000
₫870,000
₫328,000
₫229,000
₫55,000
₫1,099,000
₫195,000
₫68,000
₫6,590,000
₫590,800
₫250,994
₫830,000
₫599,000
₫1,350,000
₫109,963
₫3,150,000
₫385,200
₫96,040
₫1,399,000
₫130,000
₫2,315,000
₫459,906
₫1,800,000
₫120,888
₫999,000
₫270,000
₫900,000
₫4,990,000
₫584,500
₫50,000
₫820,000
₫699,999
₫304,100
₫72,000
₫89,300
₫148,000
₫5,500,000
₫68,000
₫762,200
₫60,000
₫2,594,000
₫870,000
₫328,000
₫229,000
₫55,000
₫1,099,000
₫195,000
₫68,000
₫6,590,000
₫590,800
₫250,994
₫830,000
₫599,000
₫1,350,000
₫109,963
₫3,150,000
₫385,200
₫96,040
₫1,399,000
₫130,000
₫2,315,000
₫459,906
₫1,800,000
₫120,888
₫999,000
₫270,000
₫900,000
₫4,990,000
₫584,500
₫50,000
₫820,000
₫699,999
₫304,100
₫72,000
₫89,300
₫148,000
₫5,500,000
₫68,000
₫762,200
₫60,000
₫2,594,000
₫870,000
₫328,000
₫229,000
₫55,000
₫1,099,000
₫195,000
₫68,000
₫6,590,000
₫590,800
₫250,994
₫830,000
₫599,000
₫1,350,000
₫109,963
₫3,150,000
₫385,200
₫96,040
₫1,399,000
₫130,000
₫2,315,000
₫459,906
₫1,800,000
₫120,888
₫999,000
₫270,000
₫900,000
₫4,990,000
₫584,500
₫50,000
₫820,000
₫699,999
₫304,100
₫72,000
₫89,300
₫148,000
₫5,500,000
₫68,000
₫762,200
₫60,000
₫2,594,000
₫870,000
₫328,000
₫229,000
₫55,000
₫1,099,000
₫195,000
₫68,000
₫6,590,000
₫590,800
₫250,994
₫830,000
₫599,000
₫1,350,000
₫109,963
₫3,150,000
₫385,200
₫96,040
₫1,399,000
₫130,000
₫2,315,000
₫459,906
₫1,800,000
₫120,888
₫999,000
₫270,000
₫900,000
₫4,990,000
₫584,500
₫50,000
₫820,000
₫699,999
₫304,100
₫72,000
₫89,300
₫148,000
₫5,500,000
₫68,000
₫762,200
₫60,000
₫2,594,000
₫870,000
₫328,000
₫229,000
₫55,000
₫1,099,000
₫195,000
₫68,000
₫6,590,000
₫590,800
₫250,994
₫830,000
₫599,000
₫1,350,000
₫109,963
₫3,150,000
₫385,200
₫96,040
₫1,399,000
₫130,000
₫2,315,000
₫459,906
₫1,800,000
₫120,888
₫999,000
₫270,000
₫900,000
₫4,990,000
₫584,500
₫50,000
₫820,000
₫699,999
₫304,100
₫72,000
₫89,300
₫148,000
₫5,500,000
₫68,000
₫762,200
₫60,000
₫2,594,000
₫870,000
₫328,000
₫229,000
₫55,000
₫1,099,000
₫195,000
₫68,000
₫6,590,000
₫590,800
₫250,994
₫830,000
₫599,000
₫1,350,000
₫109,963
₫3,150,000
₫385,200
₫96,040
₫1,399,000
₫130,000
₫2,315,000
₫459,906
₫1,800,000
₫120,888
₫999,000
₫270,000
₫900,000
₫4,990,000
₫584,500
₫50,000
₫820,000
₫699,999
₫304,100
₫72,000
₫89,300
₫148,000
₫5,500,000
₫68,000
₫762,200
₫60,000
₫2,594,000
₫870,000
₫328,000
₫229,000
₫55,000
₫1,099,000
₫195,000
₫68,000
₫6,590,000
₫590,800
₫250,994
₫830,000
₫599,000
₫1,350,000
₫109,963
₫3,150,000
₫385,200
₫96,040
₫1,399,000
₫130,000
₫2,315,000
₫459,906
₫1,800,000
₫120,888
₫999,000
₫270,000
₫900,000
₫4,990,000
₫584,500
₫50,000
₫820,000
₫699,999
₫304,100
₫72,000
₫89,300
₫148,000
₫5,500,000
₫68,000
₫762,200
₫60,000
₫2,594,000
₫870,000
₫328,000
₫229,000
₫55,000
₫1,099,000
₫195,000
₫68,000
₫6,590,000
₫590,800
₫250,994
₫830,000
₫599,000
₫1,350,000
₫109,963
₫3,150,000
₫385,200
₫96,040
₫1,399,000
₫130,000
₫2,315,000
₫459,906
₫1,800,000
₫120,888
₫999,000
₫270,000
₫900,000
₫4,990,000
₫584,500
₫50,000
₫820,000
₫699,999
₫304,100
₫72,000
₫89,300
₫148,000
₫5,500,000
₫68,000
₫762,200
₫60,000
₫2,594,000
₫870,000
₫328,000
₫229,000
₫55,000
₫1,099,000
₫195,000
₫68,000
₫6,590,000
₫590,800
₫250,994
₫830,000
₫599,000
₫1,350,000
₫109,963
₫3,150,000
₫385,200
₫96,040
₫1,399,000
₫130,000
₫2,315,000
₫459,906
₫1,800,000
₫120,888
₫999,000
₫270,000
₫900,000
₫4,990,000
₫584,500
₫50,000
₫820,000
₫699,999
₫304,100
₫72,000
₫89,300
₫148,000
₫5,500,000
₫68,000
₫762,200
₫60,000
₫2,594,000
₫870,000
₫328,000
₫229,000
₫55,000
₫1,099,000
₫195,000
₫68,000
₫6,590,000
₫590,800
₫250,994
₫830,000
₫599,000
₫1,350,000
₫109,963
₫3,150,000
₫385,200
₫96,040
₫1,399,000
₫130,000
₫2,315,000
₫459,906
₫1,800,000
₫120,888
₫999,000
₫270,000
₫900,000
₫4,990,000
₫584,500
₫50,000
₫820,000
₫699,999
₫304,100
₫72,000
₫89,300
₫148,000
₫5,500,000
₫68,000
₫762,200
₫60,000
₫2,594,000
₫870,000
₫328,000
₫229,000
₫55,000
₫1,099,000
₫195,000
₫68,000
₫6,590,000
₫590,800
₫250,994
₫830,000
₫599,000
₫1,350,000
₫109,963
₫3,150,000
₫385,200
₫96,040
₫1,399,000
₫130,000
₫2,315,000
₫459,906
₫1,800,000
₫120,888
₫999,000
₫270,000
₫900,000
₫4,990,000
₫584,500
₫50,000
₫820,000
₫699,999
₫304,100
₫72,000
₫89,300
₫148,000
₫5,500,000
₫68,000
₫762,200
₫60,000
₫2,594,000
₫870,000
₫328,000
₫229,000
₫55,000
₫1,099,000
₫195,000
₫68,000
₫6,590,000
₫590,800
₫250,994
₫830,000
₫599,000
₫1,350,000
₫109,963
₫3,150,000
₫385,200
₫96,040
₫1,399,000
₫130,000
₫2,315,000
₫459,906
₫1,800,000
₫120,888
₫999,000
₫270,000
₫900,000
₫4,990,000
₫584,500
₫50,000
₫820,000
₫699,999
₫304,100
₫72,000
₫89,300
₫148,000
₫5,500,000
₫68,000
₫762,200
₫60,000
₫2,594,000
₫870,000
₫328,000
₫229,000
₫55,000
₫1,099,000
₫195,000
₫68,000
₫6,590,000
₫590,800
₫250,994
₫830,000
₫599,000
₫1,350,000
₫109,963
₫3,150,000
₫385,200
₫96,040
₫1,399,000
₫130,000
₫2,315,000
₫459,906
₫1,800,000
₫120,888
₫999,000
₫270,000
₫900,000
₫4,990,000
₫584,500
₫50,000
₫820,000
₫699,999
₫304,100
₫72,000
₫89,300
₫148,000
₫5,500,000
₫68,000
₫762,200
₫60,000
₫2,594,000
₫870,000
₫328,000
₫229,000
₫55,000
₫1,099,000
₫195,000
₫68,000
₫6,590,000
₫590,800
₫250,994
₫830,000
₫599,000
₫1,350,000
₫109,963
₫3,150,000
₫385,200
₫96,040
₫1,399,000
₫130,000
₫2,315,000
₫459,906
₫1,800,000
₫120,888
₫999,000
₫270,000
₫900,000
₫4,990,000
₫584,500
₫50,000
₫820,000
₫699,999
₫304,100
₫72,000
₫89,300
₫148,000
₫5,500,000
₫68,000
₫762,200
₫60,000
₫2,594,000
₫870,000
₫328,000
₫229,000
₫55,000
₫1,099,000
₫195,000
₫68,000
₫6,590,000
₫590,800
₫250,994
₫830,000
₫599,000
₫1,350,000
₫109,963
₫3,150,000
₫385,200
₫96,040
₫1,399,000
₫130,000
₫2,315,000
₫459,906
₫1,800,000
₫120,888
₫999,000
₫270,000
₫900,000
₫4,990,000
₫584,500
₫50,000
₫820,000
₫699,999
₫304,100
₫72,000
₫89,300
₫148,000
₫5,500,000
₫68,000
₫762,200
₫60,000
₫2,594,000
₫870,000
₫328,000
₫229,000
₫55,000
₫1,099,000
₫195,000
₫68,000
₫6,590,000
₫590,800
₫250,994
₫830,000
₫599,000
₫1,350,000
₫109,963
₫3,150,000
₫385,200
₫96,040
₫1,399,000
₫130,000
₫2,315,000
₫459,906
₫1,800,000
₫120,888
₫999,000
₫270,000
₫900,000
₫4,990,000
₫584,500
₫50,000
₫820,000
₫699,999
₫304,100
₫72,000
₫89,300
₫148,000
₫5,500,000
₫68,000
₫762,200
₫60,000
₫2,594,000
₫870,000
₫328,000
₫229,000
₫55,000
₫1,099,000
₫195,000
₫68,000
₫6,590,000
₫590,800
₫250,994
₫830,000
₫599,000
₫1,350,000
₫109,963
₫3,150,000
₫385,200
₫96,040
₫1,399,000
₫130,000
₫2,315,000
₫459,906
₫1,800,000
₫120,888
₫999,000
₫270,000
₫900,000
₫4,990,000
₫584,500
₫50,000
₫820,000
₫699,999
₫304,100
₫72,000
₫89,300
₫148,000
₫5,500,000
₫68,000
₫762,200
₫60,000
₫2,594,000
₫870,000
₫328,000
₫229,000
₫55,000
₫1,099,000
₫195,000
₫68,000
₫6,590,000
₫590,800
₫250,994
₫830,000
₫599,000
₫1,350,000
₫109,963
₫3,150,000
₫385,200
₫96,040
₫1,399,000
₫130,000
₫2,315,000
₫459,906
₫1,800,000
₫120,888
₫999,000
₫270,000
₫900,000
₫4,990,000
₫584,500
₫50,000
₫820,000
₫699,999
₫304,100
₫72,000
₫89,300
₫148,000
₫5,500,000
₫68,000
₫762,200
₫60,000
₫2,594,000
₫870,000
₫328,000
₫229,000
₫55,000
₫1,099,000
₫195,000
₫68,000
₫6,590,000
₫590,800
₫250,994
₫830,000
₫599,000
₫1,350,000
₫109,963
₫3,150,000
₫385,200
₫96,040
₫1,399,000
₫130,000
₫2,315,000
₫459,906
₫1,800,000
₫120,888
₫999,000
₫270,000
₫900,000
₫4,990,000
₫584,500
₫50,000
₫820,000
₫699,999
₫304,100
₫72,000
₫89,300
₫148,000
₫5,500,000
₫68,000
₫762,200
₫60,000
₫2,594,000
₫870,000
₫328,000
₫229,000
₫55,000
₫1,099,000
₫195,000
₫68,000
₫6,590,000
₫590,800
₫250,994
₫830,000
₫599,000
₫1,350,000
₫109,963
₫3,150,000
₫385,200
₫96,040
₫1,399,000
₫130,000
₫2,315,000
₫459,906
₫1,800,000
₫120,888
₫999,000
₫270,000
₫900,000
₫4,990,000
₫584,500
₫50,000
₫820,000
₫699,999
₫304,100
₫72,000
₫89,300
₫148,000
₫5,500,000
₫68,000
₫762,200
₫60,000
₫2,594,000
₫870,000
₫328,000
₫229,000
₫55,000
₫1,099,000
₫195,000
₫68,000
₫6,590,000
₫590,800
₫250,994
₫830,000
₫599,000
₫1,350,000
₫109,963
₫3,150,000
₫385,200
₫96,040
₫1,399,000
₫130,000
₫2,315,000
₫459,906
₫1,800,000
₫120,888
₫999,000
₫270,000
₫900,000
₫4,990,000
₫584,500
₫50,000
₫820,000
₫699,999
₫304,100
₫72,000
₫89,300
₫148,000
₫5,500,000
₫68,000
₫762,200
₫60,000
₫2,594,000
₫870,000
₫328,000
₫229,000
₫55,000
₫1,099,000
₫195,000
₫68,000
₫6,590,000
₫590,800
₫250,994
₫830,000
₫599,000
₫1,350,000
₫109,963
₫3,150,000
₫385,200
₫96,040
₫1,399,000
₫130,000
₫2,315,000
₫459,906
₫1,800,000
₫120,888
₫999,000
₫270,000
₫900,000
₫4,990,000
₫584,500
₫50,000
₫820,000
₫699,999
₫304,100
₫72,000
₫89,300
₫148,000
₫5,500,000
₫68,000
₫762,200
₫60,000
₫2,594,000
₫870,000
₫328,000
₫229,000
₫55,000
₫1,099,000
₫195,000
₫68,000
₫6,590,000
₫590,800
₫250,994
₫830,000
₫599,000
₫1,350,000
₫109,963
₫3,150,000
₫385,200
₫96,040
₫1,399,000
₫130,000
₫2,315,000
₫459,906
₫1,800,000
₫120,888
₫999,000
₫270,000
₫900,000
₫4,990,000
₫584,500
₫50,000
₫820,000
₫699,999
₫304,100
₫72,000
₫89,300
₫148,000
₫5,500,000
₫68,000
₫762,200
₫60,000
₫2,594,000
₫870,000
₫328,000
₫229,000
₫55,000
₫1,099,000
₫195,000
₫68,000
₫6,590,000
₫590,800
₫250,994
₫830,000
₫599,000
₫1,350,000
₫109,963
₫3,150,000
₫385,200
₫96,040
₫1,399,000
₫130,000
₫2,315,000
₫459,906
₫1,800,000
₫120,888
₫999,000
₫270,000
₫900,000
₫4,990,000
₫584,500
₫50,000
₫820,000
₫699,999
₫304,100
₫72,000
₫89,300
₫148,000
₫5,500,000
₫68,000
₫762,200
₫60,000
₫2,594,000
₫870,000
₫328,000
₫229,000
₫55,000
₫1,099,000
₫195,000
₫68,000
₫6,590,000
₫590,800
₫250,994
₫830,000
₫599,000
₫1,350,000
₫109,963
₫3,150,000
₫385,200
₫96,040
₫1,399,000
₫130,000
₫2,315,000
₫459,906
₫1,800,000
₫120,888
₫999,000
₫270,000
₫900,000
₫4,990,000
₫584,500
₫50,000
₫820,000
₫699,999
₫304,100
₫72,000
₫89,300
₫148,000
₫5,500,000
₫68,000
₫762,200
₫60,000
₫2,594,000
₫870,000
₫328,000
₫229,000
₫55,000
₫1,099,000
₫195,000
₫68,000
₫6,590,000
₫590,800
₫250,994
₫830,000
₫599,000
₫1,350,000
₫109,963
₫3,150,000
₫385,200
₫96,040
₫1,399,000
₫130,000
₫2,315,000
₫459,906
₫1,800,000
₫120,888
₫999,000
₫270,000
₫900,000
₫4,990,000
₫584,500
₫50,000
₫820,000
₫699,999
₫304,100
₫72,000
₫89,300
₫148,000
₫5,500,000
₫68,000
₫762,200
₫60,000
₫2,594,000
₫870,000
₫328,000
₫229,000
₫55,000
₫1,099,000
₫195,000
₫68,000
₫6,590,000
₫590,800
₫250,994
₫830,000
₫599,000
₫1,350,000
₫109,963
₫3,150,000
₫385,200
₫96,040
₫1,399,000
₫130,000
₫2,315,000
₫459,906
₫1,800,000
₫120,888
₫999,000
₫270,000
₫900,000
₫4,990,000
₫584,500
₫50,000
₫820,000
₫699,999
₫304,100
₫72,000
₫89,300
₫148,000
₫5,500,000
₫68,000
₫762,200
₫60,000
₫2,594,000
₫870,000
₫328,000
₫229,000
₫55,000
₫1,099,000
₫195,000
₫68,000
₫6,590,000
₫590,800
₫250,994
₫830,000
₫599,000
₫1,350,000
₫109,963
₫3,150,000
₫385,200
₫96,040
₫1,399,000
₫130,000
₫2,315,000
₫459,906
₫1,800,000
₫120,888
₫999,000
₫270,000
₫900,000
₫4,990,000
₫584,500
₫50,000
₫820,000
₫699,999
₫304,100
₫72,000
₫89,300
₫148,000
₫5,500,000
₫68,000
₫762,200
₫60,000
₫2,594,000
₫870,000
₫328,000
₫229,000
₫55,000
₫1,099,000
₫195,000
₫68,000
₫6,590,000
₫590,800
₫250,994
₫830,000
₫599,000
₫1,350,000
₫109,963
₫3,150,000
₫385,200
₫96,040
₫1,399,000
₫130,000
₫2,315,000
₫459,906
₫1,800,000
₫120,888
₫999,000
₫270,000
₫900,000
₫4,990,000
₫584,500
₫50,000
₫820,000
₫699,999
₫304,100
₫72,000
₫89,300
₫148,000
₫5,500,000
₫68,000
₫762,200
₫60,000
₫2,594,000
₫870,000
₫328,000
₫229,000
₫55,000
₫1,099,000
₫195,000
₫68,000
₫6,590,000
₫590,800
₫250,994
₫830,000
₫599,000
₫1,350,000
₫109,963
₫3,150,000
₫385,200
₫96,040
₫1,399,000
₫130,000
₫2,315,000
₫459,906
₫1,800,000
₫120,888
₫999,000
₫270,000
₫900,000
₫4,990,000
₫584,500
₫50,000
₫820,000
₫699,999
₫304,100
₫72,000
₫89,300
₫148,000
₫5,500,000
₫68,000
₫762,200
₫60,000
₫2,594,000
₫870,000
₫328,000
₫229,000
₫55,000
₫1,099,000
₫195,000
₫68,000
₫6,590,000
₫590,800
₫250,994
₫830,000
₫599,000
₫1,350,000
₫109,963
₫3,150,000
₫385,200
₫96,040
₫1,399,000
₫130,000
₫2,315,000
₫459,906
₫1,800,000
₫120,888
₫999,000
₫270,000
₫900,000
₫4,990,000
₫584,500
₫50,000
₫820,000
₫699,999
₫304,100
₫72,000
₫89,300
₫148,000
₫5,500,000
₫68,000
₫762,200
₫60,000
₫2,594,000
₫870,000
₫328,000
₫229,000
₫55,000
₫1,099,000
₫195,000
₫68,000
₫6,590,000
₫590,800
₫250,994
₫830,000
₫599,000
₫1,350,000
₫109,963
₫3,150,000
₫385,200
₫96,040
₫1,399,000
₫130,000
₫2,315,000
₫459,906
₫1,800,000
₫120,888
₫999,000
₫270,000
₫900,000
₫4,990,000
₫584,500
₫50,000
₫820,000
₫699,999
₫304,100
₫72,000
₫89,300
₫148,000
₫5,500,000
₫68,000
₫762,200
₫60,000
₫2,594,000
₫870,000
₫328,000
₫229,000
₫55,000
₫1,099,000
₫195,000
₫68,000
₫6,590,000
₫590,800
₫250,994
₫830,000
₫599,000
₫1,350,000
₫109,963
₫3,150,000
₫385,200
₫96,040
₫1,399,000
₫130,000
₫2,315,000
₫459,906
₫1,800,000
₫120,888
₫999,000
₫270,000
₫900,000
₫4,990,000
₫584,500
₫50,000
₫820,000
₫699,999
₫304,100
₫72,000
₫89,300
₫148,000
₫5,500,000
₫68,000
₫762,200
₫60,000
₫2,594,000
₫870,000
₫328,000
₫229,000
₫55,000
₫1,099,000
₫195,000
₫68,000
₫6,590,000
₫590,800
₫250,994
₫830,000
₫599,000
₫1,350,000
₫109,963
₫3,150,000
₫385,200
₫96,040
₫1,399,000
₫130,000
₫2,315,000
₫459,906
₫1,800,000
₫120,888
₫999,000
₫270,000
₫900,000
₫4,990,000
₫584,500
₫50,000
₫820,000
₫699,999
₫304,100
₫72,000
₫89,300
₫148,000
₫5,500,000
₫68,000
₫762,200
₫60,000
₫2,594,000
₫870,000
₫328,000
₫229,000
₫55,000
₫1,099,000
₫195,000
₫68,000
₫6,590,000
₫590,800
₫250,994
₫830,000
₫599,000
₫1,350,000
₫109,963
₫3,150,000
₫385,200
₫96,040
₫1,399,000
₫130,000
₫2,315,000
₫459,906
₫1,800,000
₫120,888
₫999,000
₫270,000
₫900,000
₫4,990,000
₫584,500
₫50,000
₫820,000
₫699,999
₫304,100
₫72,000
₫89,300
₫148,000
₫5,500,000
₫68,000
₫762,200
₫60,000
₫2,594,000
₫870,000
₫328,000
₫229,000
₫55,000
₫1,099,000
₫195,000
₫68,000
₫6,590,000
₫590,800
₫250,994
₫830,000
₫599,000
₫1,350,000
₫109,963
₫3,150,000
₫385,200
₫96,040
₫1,399,000
₫130,000
₫2,315,000
₫459,906
₫1,800,000
₫120,888
₫999,000
₫270,000
₫900,000
₫4,990,000
₫584,500
₫50,000
₫820,000
₫699,999
₫304,100
₫72,000
₫89,300
₫148,000
₫5,500,000
₫68,000
₫762,200
₫60,000
₫2,594,000
₫870,000
₫328,000
₫229,000
₫55,000
₫1,099,000
₫195,000
₫68,000
₫6,590,000
₫590,800
₫250,994
₫830,000
₫599,000
₫1,350,000
₫109,963
₫3,150,000
₫385,200
₫96,040
₫1,399,000
₫130,000
₫2,315,000
₫459,906
₫1,800,000
₫120,888
₫999,000
₫270,000
₫900,000
₫4,990,000
₫584,500
₫50,000
₫820,000
₫699,999
₫304,100
₫72,000
₫89,300
₫148,000
₫5,500,000
₫68,000
₫762,200
₫60,000
₫2,594,000
₫870,000
₫328,000
₫229,000
₫55,000
₫1,099,000
₫195,000
₫68,000
₫6,590,000
₫590,800
₫250,994
₫830,000
₫599,000
₫1,350,000
₫109,963
₫3,150,000
₫385,200
₫96,040
₫1,399,000
₫130,000
₫2,315,000
₫459,906
₫1,800,000
₫120,888
₫999,000
₫270,000
₫900,000
₫4,990,000
₫584,500
₫50,000
₫820,000
₫699,999
₫304,100
₫72,000
₫89,300
₫148,000
₫5,500,000
₫68,000
₫762,200
₫60,000
₫2,594,000
₫870,000
₫328,000
₫229,000
₫55,000
₫1,099,000
₫195,000
₫68,000
₫6,590,000
₫590,800
₫250,994
₫830,000
₫599,000
₫1,350,000
₫109,963
₫3,150,000
₫385,200
₫96,040
₫1,399,000
₫130,000
₫2,315,000
₫459,906
₫1,800,000
₫120,888
₫999,000
₫270,000
₫900,000
₫4,990,000
₫584,500
₫50,000
₫820,000
₫699,999
₫304,100
₫72,000
₫89,300
₫148,000
₫5,500,000
₫68,000
₫762,200
₫60,000
₫2,594,000
₫870,000
₫328,000
₫229,000
₫55,000
₫1,099,000
₫195,000
₫68,000
₫6,590,000
₫590,800
₫250,994
₫830,000
₫599,000
₫1,350,000
₫109,963
₫3,150,000
₫385,200
₫96,040
₫1,399,000
₫130,000
₫2,315,000
₫459,906
₫1,800,000
₫120,888
₫999,000
₫270,000
₫900,000
₫4,990,000
₫584,500
₫50,000
₫820,000
₫699,999
₫304,100
₫72,000
₫89,300
₫148,000
₫5,500,000
₫68,000
₫762,200
₫60,000
₫2,594,000
₫870,000
₫328,000
₫229,000
₫55,000
₫1,099,000
₫195,000
₫68,000
₫6,590,000
₫590,800
₫250,994
₫830,000
₫599,000
₫1,350,000
₫109,963
₫3,150,000
₫385,200
₫96,040
₫1,399,000
₫130,000
₫2,315,000
₫459,906
₫1,800,000
₫120,888
₫999,000
₫270,000
₫900,000
₫4,990,000
₫584,500
₫50,000
₫820,000
₫699,999
₫304,100
₫72,000
₫89,300
₫148,000
₫5,500,000
₫68,000
₫762,200
₫60,000
₫2,594,000
₫870,000
₫328,000
₫229,000
₫55,000
₫1,099,000
₫195,000
₫68,000
₫6,590,000
₫590,800
₫250,994
₫830,000
₫599,000
₫1,350,000
₫109,963
₫3,150,000
₫385,200
₫96,040
₫1,399,000
₫130,000
₫2,315,000
₫459,906
₫1,800,000
₫120,888
₫999,000
₫270,000
₫900,000
₫4,990,000
₫584,500
₫50,000
₫820,000
₫699,999
₫304,100
₫72,000
₫89,300
₫148,000
₫5,500,000
₫68,000
₫762,200
₫60,000
₫2,594,000
₫870,000
₫328,000
₫229,000
₫55,000
₫1,099,000
₫195,000
₫68,000
₫6,590,000
₫590,800
₫250,994
₫830,000
₫599,000
₫1,350,000
₫109,963
₫3,150,000
₫385,200
₫96,040
₫1,399,000
₫130,000
₫2,315,000
₫459,906
₫1,800,000
₫120,888
₫999,000
₫270,000
₫900,000
₫4,990,000
₫584,500
₫50,000
₫820,000
₫699,999
₫304,100
₫72,000
₫89,300
₫148,000
₫5,500,000
₫68,000
₫762,200
₫60,000
₫2,594,000
₫870,000
₫328,000
₫229,000
₫55,000
₫1,099,000
₫195,000
₫68,000
₫6,590,000
₫590,800
₫250,994
₫830,000
₫599,000
₫1,350,000
₫109,963
₫3,150,000
₫385,200
₫96,040
₫1,399,000
₫130,000
₫2,315,000
₫459,906
₫1,800,000
₫120,888
₫999,000
₫270,000
₫900,000
₫4,990,000
₫584,500
₫50,000
₫820,000
₫699,999
₫304,100
₫72,000
₫89,300
₫148,000
₫5,500,000
₫68,000
₫762,200
₫60,000
₫2,594,000
₫870,000
₫328,000
₫229,000
₫55,000
₫1,099,000
₫195,000
₫68,000
₫6,590,000
₫590,800
₫250,994
₫830,000
₫599,000
₫1,350,000
₫109,963
₫3,150,000
₫385,200
₫96,040
₫1,399,000
₫130,000
₫2,315,000
₫459,906
₫1,800,000
₫120,888
₫999,000
₫270,000
₫900,000
₫4,990,000
₫584,500
₫50,000
₫820,000
₫699,999
₫304,100
₫72,000
₫89,300
₫148,000
₫5,500,000
₫68,000
₫762,200
₫60,000
₫2,594,000
₫870,000
₫328,000
₫229,000
₫55,000
₫1,099,000
₫195,000
₫68,000
₫6,590,000
₫590,800
₫250,994
₫830,000
₫599,000
₫1,350,000
₫109,963
₫3,150,000
₫385,200
₫96,040
₫1,399,000
₫130,000
₫2,315,000
₫459,906
₫1,800,000
₫120,888
₫999,000
₫270,000
₫900,000
₫4,990,000
₫584,500
₫50,000
₫820,000
₫699,999
₫304,100
₫72,000
₫89,300
₫148,000
₫5,500,000
₫68,000
₫762,200
₫60,000
₫2,594,000
₫870,000
₫328,000
₫229,000
₫55,000
₫1,099,000
₫195,000
₫68,000
₫6,590,000
₫590,800
₫250,994
₫830,000
₫599,000
₫1,350,000
₫109,963
₫3,150,000
₫385,200
₫96,040
₫1,399,000
₫130,000
₫2,315,000
₫459,906
₫1,800,000
₫120,888
₫999,000
₫270,000
₫900,000
₫4,990,000
₫584,500
₫50,000
₫820,000
₫699,999
₫304,100
₫72,000
₫89,300
₫148,000
₫5,500,000
₫68,000
₫762,200
₫60,000
₫2,594,000
₫870,000
₫328,000
₫229,000
₫55,000
₫1,099,000
₫195,000
₫68,000
₫6,590,000
₫590,800
₫250,994
₫830,000
₫599,000
₫1,350,000
₫109,963
₫3,150,000
₫385,200
₫96,040
₫1,399,000
₫130,000
₫2,315,000
₫459,906
₫1,800,000
₫120,888
₫999,000
₫270,000
₫900,000
₫4,990,000
₫584,500
₫50,000
₫820,000
₫699,999
₫304,100
₫72,000
₫89,300
₫148,000
₫5,500,000
₫68,000
₫762,200
₫60,000
₫2,594,000
₫870,000
₫328,000
₫229,000
₫55,000
₫1,099,000
₫195,000
₫68,000
₫6,590,000
₫590,800
₫250,994
₫830,000
₫599,000
₫1,350,000
₫109,963
₫3,150,000
₫385,200
₫96,040
₫1,399,000
₫130,000
₫2,315,000
₫459,906
₫1,800,000
₫120,888
₫999,000
₫270,000
₫900,000
₫4,990,000
₫584,500
₫50,000
₫820,000
₫699,999
₫304,100
₫72,000
₫89,300
₫148,000
₫5,500,000
₫68,000
₫762,200
₫60,000
₫2,594,000
₫870,000
₫328,000
₫229,000
₫55,000
₫1,099,000
₫195,000
₫68,000
₫6,590,000
₫590,800
₫250,994
₫830,000
₫599,000
₫1,350,000
₫109,963
₫3,150,000
₫385,200
₫96,040
₫1,399,000
₫130,000
₫2,315,000
₫459,906
₫1,800,000
₫120,888
₫999,000
₫270,000
₫900,000
₫4,990,000
₫584,500
₫50,000
₫820,000
₫699,999
₫304,100
₫72,000
₫89,300
₫148,000
₫5,500,000
₫68,000
₫762,200
₫60,000
₫2,594,000
₫870,000
₫328,000
₫229,000
₫55,000
₫1,099,000
₫195,000
₫68,000
₫6,590,000
₫590,800
₫250,994
₫830,000
₫599,000
₫1,350,000
₫109,963
₫3,150,000
₫385,200
₫96,040
₫1,399,000
₫130,000
₫2,315,000
₫459,906
₫1,800,000
₫120,888
₫999,000
₫270,000
₫900,000
₫4,990,000
₫584,500
₫50,000
₫820,000
₫699,999
₫304,100
₫72,000
₫89,300
₫148,000
₫5,500,000
₫68,000
₫762,200
₫60,000
₫2,594,000
₫870,000
₫328,000
₫229,000
₫55,000
₫1,099,000
₫195,000
₫68,000
₫6,590,000
₫590,800
₫250,994
₫830,000
₫599,000
₫1,350,000
₫109,963
₫3,150,000
₫385,200
₫96,040
₫1,399,000
₫130,000
₫2,315,000
₫459,906
₫1,800,000
₫120,888
₫999,000
₫270,000
₫900,000
₫4,990,000
₫584,500
₫50,000
₫820,000
₫699,999
₫304,100
₫72,000
₫89,300
₫148,000
₫5,500,000
₫68,000
₫762,200
₫60,000
₫2,594,000
₫870,000
₫328,000
₫229,000
₫55,000
₫1,099,000
₫195,000
₫68,000
₫6,590,000
₫590,800
₫250,994
₫830,000
₫599,000
₫1,350,000
₫109,963
₫3,150,000
₫385,200
₫96,040
₫1,399,000
₫130,000
₫2,315,000
₫459,906
₫1,800,000
₫120,888
₫999,000
₫270,000
₫900,000
₫4,990,000
₫584,500
₫50,000
₫820,000
₫699,999
₫304,100
₫72,000
₫89,300
₫148,000
₫5,500,000
₫68,000
₫762,200
₫60,000
₫2,594,000
₫870,000
₫328,000
₫229,000
₫55,000
₫1,099,000
₫195,000
₫68,000
₫6,590,000
₫590,800
₫250,994
₫830,000
₫599,000
₫1,350,000
₫109,963
₫3,150,000
₫385,200
₫96,040
₫1,399,000
₫130,000
₫2,315,000
₫459,906
₫1,800,000
₫120,888
₫999,000
₫270,000
₫900,000
₫4,990,000
₫584,500
₫50,000
₫820,000
₫699,999
₫304,100
₫72,000
₫89,300
₫148,000
₫5,500,000
₫68,000
₫762,200
₫60,000
₫2,594,000
₫870,000
₫328,000
₫229,000
₫55,000
₫1,099,000
₫195,000
₫68,000
₫6,590,000
₫590,800
₫250,994
₫830,000
₫599,000
₫1,350,000
₫109,963
₫3,150,000
₫385,200
₫96,040
₫1,399,000
₫130,000
₫2,315,000
₫459,906
₫1,800,000
₫120,888
₫999,000
₫270,000
₫900,000
₫4,990,000
₫584,500
₫50,000
₫820,000
₫699,999
₫304,100
₫72,000
₫89,300
₫148,000
₫5,500,000
₫68,000
₫762,200
₫60,000
₫2,594,000
₫870,000
₫328,000
₫229,000
₫55,000
₫1,099,000
₫195,000
₫68,000
₫6,590,000
₫590,800
₫250,994
₫830,000
₫599,000
₫1,350,000
₫109,963
₫3,150,000
₫385,200
₫96,040
₫1,399,000
₫130,000
₫2,315,000
₫459,906
₫1,800,000
₫120,888
₫999,000
₫270,000
₫900,000
₫4,990,000
₫584,500
₫50,000
₫820,000
₫699,999
₫304,100
₫72,000
₫89,300
₫148,000
₫5,500,000
₫68,000
₫762,200
₫60,000
₫2,594,000
₫870,000
₫328,000
₫229,000
₫55,000
₫1,099,000
₫195,000
₫68,000
₫6,590,000
₫590,800
₫250,994
₫830,000
₫599,000
₫1,350,000
₫109,963
₫3,150,000
₫385,200
₫96,040
₫1,399,000
₫130,000
₫2,315,000
₫459,906
₫1,800,000
₫120,888
₫999,000
₫270,000
₫900,000
₫4,990,000
₫584,500
₫50,000
₫820,000
₫699,999
₫304,100
₫72,000
₫89,300
₫148,000
₫5,500,000
₫68,000
₫762,200
₫60,000
₫2,594,000
₫870,000
₫328,000
₫229,000
₫55,000
₫1,099,000
₫195,000
₫68,000
₫6,590,000
₫590,800
₫250,994
₫830,000
₫599,000
₫1,350,000
₫109,963
₫3,150,000
₫385,200
₫96,040
₫1,399,000
₫130,000
₫2,315,000
₫459,906
₫1,800,000
₫120,888
₫999,000
₫270,000
₫900,000
₫4,990,000
₫584,500
₫50,000
₫820,000
₫699,999
₫304,100
₫72,000
₫89,300
₫148,000
₫5,500,000
₫68,000
₫762,200
₫60,000
₫2,594,000
₫870,000
₫328,000
₫229,000
₫55,000
₫1,099,000
₫195,000
₫68,000
₫6,590,000
₫590,800
₫250,994
₫830,000
₫599,000
₫1,350,000
₫109,963
₫3,150,000
₫385,200
₫96,040
₫1,399,000
₫130,000
₫2,315,000
₫459,906
₫1,800,000
₫120,888
₫999,000
₫270,000
₫900,000
₫4,990,000
₫584,500
₫50,000
₫820,000
₫699,999
₫304,100
₫72,000
₫89,300
₫148,000
₫5,500,000
₫68,000
₫762,200
₫60,000
₫2,594,000
₫870,000
₫328,000
₫229,000
₫55,000
₫1,099,000
₫195,000
₫68,000
₫6,590,000
₫590,800
₫250,994
₫830,000
₫599,000
₫1,350,000
₫109,963
₫3,150,000
₫385,200
₫96,040
₫1,399,000
₫130,000
₫2,315,000
₫459,906
₫1,800,000
₫120,888
₫999,000
₫270,000
₫900,000
₫4,990,000
₫584,500
₫50,000
₫820,000
₫699,999
₫304,100
₫72,000
₫89,300
₫148,000
₫5,500,000
₫68,000
₫762,200
₫60,000
₫2,594,000
₫870,000
₫328,000
₫229,000
₫55,000
₫1,099,000
₫195,000
₫68,000
₫6,590,000
₫590,800
₫250,994
₫830,000
₫599,000
₫1,350,000
₫109,963
₫3,150,000
₫385,200
₫96,040
₫1,399,000
₫130,000
₫2,315,000
₫459,906
₫1,800,000
₫120,888
₫999,000
₫270,000
₫900,000
₫4,990,000
₫584,500
₫50,000
₫820,000
₫699,999
₫304,100
₫72,000
₫89,300
₫148,000
₫5,500,000
₫68,000
₫762,200
₫60,000
₫2,594,000
₫870,000
₫328,000
₫229,000
₫55,000
₫1,099,000
₫195,000
₫68,000
₫6,590,000
₫590,800
₫250,994
₫830,000
₫599,000
₫1,350,000
₫109,963
₫3,150,000
₫385,200
₫96,040
₫1,399,000
₫130,000
₫2,315,000
₫459,906
₫1,800,000
₫120,888
₫999,000
₫270,000
₫900,000
₫4,990,000
₫584,500
₫50,000
₫820,000
₫699,999
₫304,100
₫72,000
₫89,300
₫148,000
₫5,500,000
₫68,000
₫762,200
₫60,000
₫2,594,000
₫870,000
₫328,000
₫229,000
₫55,000
₫1,099,000
₫195,000
₫68,000
₫6,590,000
₫590,800
₫250,994
₫830,000
₫599,000
₫1,350,000
₫109,963
₫3,150,000
₫385,200
₫96,040
₫1,399,000
₫130,000
₫2,315,000
₫459,906
₫1,800,000
₫120,888
₫999,000
₫270,000
₫900,000
₫4,990,000
₫584,500
₫50,000
₫820,000
₫699,999
₫304,100
₫72,000
₫89,300
₫148,000
₫5,500,000
₫68,000
₫762,200
₫60,000
₫2,594,000
₫870,000
₫328,000
₫229,000
₫55,000
₫1,099,000
₫195,000
₫68,000
₫6,590,000
₫590,800
₫250,994
₫830,000
₫599,000
₫1,350,000
₫109,963
₫3,150,000
₫385,200
₫96,040
₫1,399,000
₫130,000
₫2,315,000
₫459,906
₫1,800,000
₫120,888
₫999,000
₫270,000
₫900,000
₫4,990,000
₫584,500
₫50,000
₫820,000
₫699,999
₫304,100
₫72,000
₫89,300
₫148,000
₫5,500,000
₫68,000
₫762,200
₫60,000
₫2,594,000
₫870,000
₫328,000
₫229,000
₫55,000
₫1,099,000
₫195,000
₫68,000
₫6,590,000
₫590,800
₫250,994
₫830,000
₫599,000
₫1,350,000
₫109,963
₫3,150,000
₫385,200
₫96,040
₫1,399,000
₫130,000
₫2,315,000
₫459,906
₫1,800,000
₫120,888
₫999,000
₫270,000
₫900,000
₫4,990,000
