₫2,740,000
₫3,565,000
₫3,187,000
₫5,463,000
₫7,290,000
₫8,990,000
₫4,234,000
₫3,314,000
₫1,290,000
₫4,750,000
₫3,535,000
₫6,590,000
₫3,895,000
₫5,150,000
₫3,967,000
₫3,421,000
₫3,634,000
₫4,790,000
₫2,334,000
₫3,112,000
₫5,990,000
₫9,120,000
₫4,508,000
₫3,207,000
₫3,360,000
₫4,158,000
₫3,635,000
₫2,527,000
₫2,334,000
₫2,375,000
₫4,810,000
₫2,180,000
₫4,330,000
₫4,597,000
₫2,860,000
₫2,190,000
₫2,771,000
₫3,088,000
₫2,215,000
₫2,459,000
₫2,740,000
₫3,565,000
₫3,187,000
₫5,463,000
₫7,290,000
₫8,990,000
₫4,234,000
₫3,314,000
₫1,290,000
₫4,750,000
₫3,535,000
₫6,590,000
₫3,895,000
₫5,150,000
₫3,967,000
₫3,421,000
₫3,634,000
₫4,790,000
₫2,334,000
₫3,112,000
₫5,990,000
₫9,120,000
₫4,508,000
₫3,207,000
₫3,360,000
₫4,158,000
₫3,635,000
₫2,527,000
₫2,334,000
₫2,375,000
₫4,810,000
₫2,180,000
₫4,330,000
₫4,597,000
₫2,860,000
₫2,190,000
₫2,771,000
₫3,088,000
₫2,215,000
₫2,459,000
₫2,740,000
₫3,565,000
₫3,187,000
₫5,463,000
₫7,290,000
₫8,990,000
₫4,234,000
₫3,314,000
₫1,290,000
₫4,750,000
₫3,535,000
₫6,590,000
₫3,895,000
₫5,150,000
₫3,967,000
₫3,421,000
₫3,634,000
₫4,790,000
₫2,334,000
₫3,112,000
₫5,990,000
₫9,120,000
₫4,508,000
₫3,207,000
₫3,360,000
₫4,158,000
₫3,635,000
₫2,527,000
₫2,334,000
₫2,375,000
₫4,810,000
₫2,180,000
₫4,330,000
₫4,597,000
₫2,860,000
₫2,190,000
₫2,771,000
₫3,088,000
₫2,215,000
₫2,459,000
₫2,740,000
₫3,565,000
₫3,187,000
₫5,463,000
₫7,290,000
₫8,990,000
₫4,234,000
₫3,314,000
₫1,290,000
₫4,750,000
₫3,535,000
₫6,590,000
₫3,895,000
₫5,150,000
₫3,967,000
₫3,421,000
₫3,634,000
₫4,790,000
₫2,334,000
₫3,112,000
₫5,990,000
₫9,120,000
₫4,508,000
₫3,207,000
₫3,360,000
₫4,158,000
₫3,635,000
₫2,527,000
₫2,334,000
₫2,375,000
₫4,810,000
₫2,180,000
₫4,330,000
₫4,597,000
₫2,860,000
₫2,190,000
₫2,771,000
₫3,088,000
₫2,215,000
₫2,459,000
₫2,740,000
₫3,565,000
₫3,187,000
₫5,463,000
₫7,290,000
₫8,990,000
₫4,234,000
₫3,314,000
₫1,290,000
₫4,750,000
₫3,535,000
₫6,590,000
₫3,895,000
₫5,150,000
₫3,967,000
₫3,421,000
₫3,634,000
₫4,790,000
₫2,334,000
₫3,112,000
₫5,990,000
₫9,120,000
₫4,508,000
₫3,207,000
₫3,360,000
₫4,158,000
₫3,635,000
₫2,527,000
₫2,334,000
₫2,375,000
₫4,810,000
₫2,180,000
₫4,330,000
₫4,597,000
₫2,860,000
₫2,190,000
₫2,771,000
₫3,088,000
₫2,215,000
₫2,459,000
₫2,740,000
₫3,565,000
₫3,187,000
₫5,463,000
₫7,290,000
₫8,990,000
₫4,234,000
₫3,314,000
₫1,290,000
₫4,750,000
₫3,535,000
₫6,590,000
₫3,895,000
₫5,150,000
₫3,967,000
₫3,421,000
₫3,634,000
₫4,790,000
₫2,334,000
₫3,112,000
₫5,990,000
₫9,120,000
₫4,508,000
₫3,207,000
₫3,360,000
₫4,158,000
₫3,635,000
₫2,527,000
₫2,334,000
₫2,375,000
₫4,810,000
₫2,180,000
₫4,330,000
₫4,597,000
₫2,860,000
₫2,190,000
₫2,771,000
₫3,088,000
₫2,215,000
₫2,459,000
₫2,740,000
₫3,565,000
₫3,187,000
₫5,463,000
₫7,290,000
₫8,990,000
₫4,234,000
₫3,314,000
₫1,290,000
₫4,750,000
₫3,535,000
₫6,590,000
₫3,895,000
₫5,150,000
₫3,967,000
₫3,421,000
₫3,634,000
₫4,790,000
₫2,334,000
₫3,112,000
₫5,990,000
₫9,120,000
₫4,508,000
₫3,207,000
₫3,360,000
₫4,158,000
₫3,635,000
₫2,527,000
₫2,334,000
₫2,375,000
₫4,810,000
₫2,180,000
₫4,330,000
₫4,597,000
₫2,860,000
₫2,190,000
₫2,771,000
₫3,088,000
₫2,215,000
₫2,459,000
₫2,740,000
₫3,565,000
₫3,187,000
₫5,463,000
₫7,290,000
₫8,990,000
₫4,234,000
₫3,314,000
₫1,290,000
₫4,750,000
₫3,535,000
₫6,590,000
₫3,895,000
₫5,150,000
₫3,967,000
₫3,421,000
₫3,634,000
₫4,790,000
₫2,334,000
₫3,112,000
₫5,990,000
₫9,120,000
₫4,508,000
₫3,207,000
₫3,360,000
₫4,158,000
₫3,635,000
₫2,527,000
₫2,334,000
₫2,375,000
₫4,810,000
₫2,180,000
₫4,330,000
₫4,597,000
₫2,860,000
₫2,190,000
₫2,771,000
₫3,088,000
₫2,215,000
₫2,459,000
₫2,740,000
₫3,565,000
₫3,187,000
₫5,463,000
₫7,290,000
₫8,990,000
₫4,234,000
₫3,314,000
₫1,290,000
₫4,750,000
₫3,535,000
₫6,590,000
₫3,895,000
₫5,150,000
₫3,967,000
₫3,421,000
₫3,634,000
₫4,790,000
₫2,334,000
₫3,112,000
₫5,990,000
₫9,120,000
₫4,508,000
₫3,207,000
₫3,360,000
₫4,158,000
₫3,635,000
₫2,527,000
₫2,334,000
₫2,375,000
₫4,810,000
₫2,180,000
₫4,330,000
₫4,597,000
₫2,860,000
₫2,190,000
₫2,771,000
₫3,088,000
₫2,215,000
₫2,459,000
₫2,740,000
₫3,565,000
₫3,187,000
₫5,463,000
₫7,290,000
₫8,990,000
₫4,234,000
₫3,314,000
₫1,290,000
₫4,750,000
₫3,535,000
₫6,590,000
₫3,895,000
₫5,150,000
₫3,967,000
₫3,421,000
₫3,634,000
₫4,790,000
₫2,334,000
₫3,112,000
₫5,990,000
₫9,120,000
₫4,508,000
₫3,207,000
₫3,360,000
₫4,158,000
₫3,635,000
₫2,527,000
₫2,334,000
₫2,375,000
₫4,810,000
₫2,180,000
₫4,330,000
₫4,597,000
₫2,860,000
₫2,190,000
₫2,771,000
₫3,088,000
₫2,215,000
₫2,459,000
₫2,740,000
₫3,565,000
₫3,187,000
₫5,463,000
₫7,290,000
₫8,990,000
₫4,234,000
₫3,314,000
₫1,290,000
₫4,750,000
₫3,535,000
₫6,590,000
₫3,895,000
₫5,150,000
₫3,967,000
₫3,421,000
₫3,634,000
₫4,790,000
₫2,334,000
₫3,112,000
₫5,990,000
₫9,120,000
₫4,508,000
₫3,207,000
₫3,360,000
₫4,158,000
₫3,635,000
₫2,527,000
₫2,334,000
₫2,375,000
₫4,810,000
₫2,180,000
₫4,330,000
₫4,597,000
₫2,860,000
₫2,190,000
₫2,771,000
₫3,088,000
₫2,215,000
₫2,459,000
₫2,740,000
₫3,565,000
₫3,187,000
₫5,463,000
₫7,290,000
₫8,990,000
₫4,234,000
₫3,314,000
₫1,290,000
₫4,750,000
₫3,535,000
₫6,590,000
₫3,895,000
₫5,150,000
₫3,967,000
₫3,421,000
₫3,634,000
₫4,790,000
₫2,334,000
₫3,112,000
₫5,990,000
₫9,120,000
₫4,508,000
₫3,207,000
₫3,360,000
₫4,158,000
₫3,635,000
₫2,527,000
₫2,334,000
₫2,375,000
₫4,810,000
₫2,180,000
₫4,330,000
₫4,597,000
₫2,860,000
₫2,190,000
₫2,771,000
₫3,088,000
₫2,215,000
₫2,459,000
₫2,740,000
₫3,565,000
₫3,187,000
₫5,463,000
₫7,290,000
₫8,990,000
₫4,234,000
₫3,314,000
₫1,290,000
₫4,750,000
₫3,535,000
₫6,590,000
₫3,895,000
₫5,150,000
₫3,967,000
₫3,421,000
₫3,634,000
₫4,790,000
₫2,334,000
₫3,112,000
₫5,990,000
₫9,120,000
₫4,508,000
₫3,207,000
₫3,360,000
₫4,158,000
₫3,635,000
₫2,527,000
₫2,334,000
₫2,375,000
₫4,810,000
₫2,180,000
₫4,330,000
₫4,597,000
₫2,860,000
₫2,190,000
₫2,771,000
₫3,088,000
₫2,215,000
₫2,459,000
₫2,740,000
₫3,565,000
₫3,187,000
₫5,463,000
₫7,290,000
₫8,990,000
₫4,234,000
₫3,314,000
₫1,290,000
₫4,750,000
₫3,535,000
₫6,590,000
₫3,895,000
₫5,150,000
₫3,967,000
₫3,421,000
₫3,634,000
₫4,790,000
₫2,334,000
₫3,112,000
₫5,990,000
₫9,120,000
₫4,508,000
₫3,207,000
₫3,360,000
₫4,158,000
₫3,635,000
₫2,527,000
₫2,334,000
₫2,375,000
₫4,810,000
₫2,180,000
₫4,330,000
₫4,597,000
₫2,860,000
₫2,190,000
₫2,771,000
₫3,088,000
₫2,215,000
₫2,459,000
₫2,740,000
₫3,565,000
₫3,187,000
₫5,463,000
₫7,290,000
₫8,990,000
₫4,234,000
₫3,314,000
₫1,290,000
₫4,750,000
₫3,535,000
₫6,590,000
₫3,895,000
₫5,150,000
₫3,967,000
₫3,421,000
₫3,634,000
₫4,790,000
₫2,334,000
₫3,112,000
₫5,990,000
₫9,120,000
₫4,508,000
₫3,207,000
₫3,360,000
₫4,158,000
₫3,635,000
₫2,527,000
₫2,334,000
₫2,375,000
₫4,810,000
₫2,180,000
₫4,330,000
₫4,597,000
₫2,860,000
₫2,190,000
₫2,771,000
₫3,088,000
₫2,215,000
₫2,459,000
₫2,740,000
₫3,565,000
₫3,187,000
₫5,463,000
₫7,290,000
₫8,990,000
₫4,234,000
₫3,314,000
₫1,290,000
₫4,750,000
₫3,535,000
₫6,590,000
₫3,895,000
₫5,150,000
₫3,967,000
₫3,421,000
₫3,634,000
₫4,790,000
₫2,334,000
₫3,112,000
₫5,990,000
₫9,120,000
₫4,508,000
₫3,207,000
₫3,360,000
₫4,158,000
₫3,635,000
₫2,527,000
₫2,334,000
₫2,375,000
₫4,810,000
₫2,180,000
₫4,330,000
₫4,597,000
₫2,860,000
₫2,190,000
₫2,771,000
₫3,088,000
₫2,215,000
₫2,459,000
₫2,740,000
₫3,565,000
₫3,187,000
₫5,463,000
₫7,290,000
₫8,990,000
₫4,234,000
₫3,314,000
₫1,290,000
₫4,750,000
₫3,535,000
₫6,590,000
₫3,895,000
₫5,150,000
₫3,967,000
₫3,421,000
₫3,634,000
₫4,790,000
₫2,334,000
₫3,112,000
₫5,990,000
₫9,120,000
₫4,508,000
₫3,207,000
₫3,360,000
₫4,158,000
₫3,635,000
₫2,527,000
₫2,334,000
₫2,375,000
₫4,810,000
₫2,180,000
₫4,330,000
₫4,597,000
₫2,860,000
₫2,190,000
₫2,771,000
₫3,088,000
₫2,215,000
₫2,459,000
₫2,740,000
₫3,565,000
₫3,187,000
₫5,463,000
₫7,290,000
₫8,990,000
₫4,234,000
₫3,314,000
₫1,290,000
₫4,750,000
₫3,535,000
₫6,590,000
₫3,895,000
₫5,150,000
₫3,967,000
₫3,421,000
₫3,634,000
₫4,790,000
₫2,334,000
₫3,112,000
₫5,990,000
₫9,120,000
₫4,508,000
₫3,207,000
₫3,360,000
₫4,158,000
₫3,635,000
₫2,527,000
₫2,334,000
₫2,375,000
₫4,810,000
₫2,180,000
₫4,330,000
₫4,597,000
₫2,860,000
₫2,190,000
₫2,771,000
₫3,088,000
₫2,215,000
₫2,459,000
₫2,740,000
₫3,565,000
₫3,187,000
₫5,463,000
₫7,290,000
₫8,990,000
₫4,234,000
₫3,314,000
₫1,290,000
₫4,750,000
₫3,535,000
₫6,590,000
₫3,895,000
₫5,150,000
₫3,967,000
₫3,421,000
₫3,634,000
₫4,790,000
₫2,334,000
₫3,112,000
₫5,990,000
₫9,120,000
₫4,508,000
₫3,207,000
₫3,360,000
₫4,158,000
₫3,635,000
₫2,527,000
₫2,334,000
₫2,375,000
₫4,810,000
₫2,180,000
₫4,330,000
₫4,597,000
₫2,860,000
₫2,190,000
₫2,771,000
₫3,088,000
₫2,215,000
₫2,459,000
₫2,740,000
₫3,565,000
₫3,187,000
₫5,463,000
₫7,290,000
₫8,990,000
₫4,234,000
₫3,314,000
₫1,290,000
₫4,750,000
₫3,535,000
₫6,590,000
₫3,895,000
₫5,150,000
₫3,967,000
₫3,421,000
₫3,634,000
₫4,790,000
₫2,334,000
₫3,112,000
₫5,990,000
₫9,120,000
₫4,508,000
₫3,207,000
₫3,360,000
₫4,158,000
₫3,635,000
₫2,527,000
₫2,334,000
₫2,375,000
₫4,810,000
₫2,180,000
₫4,330,000
₫4,597,000
₫2,860,000
₫2,190,000
₫2,771,000
₫3,088,000
₫2,215,000
₫2,459,000
₫2,740,000
₫3,565,000
₫3,187,000
₫5,463,000
₫7,290,000
₫8,990,000
₫4,234,000
₫3,314,000
₫1,290,000
₫4,750,000
₫3,535,000
₫6,590,000
₫3,895,000
₫5,150,000
₫3,967,000
₫3,421,000
₫3,634,000
₫4,790,000
₫2,334,000
₫3,112,000
₫5,990,000
₫9,120,000
₫4,508,000
₫3,207,000
₫3,360,000
₫4,158,000
₫3,635,000
₫2,527,000
₫2,334,000
₫2,375,000
₫4,810,000
₫2,180,000
₫4,330,000
₫4,597,000
₫2,860,000
₫2,190,000
₫2,771,000
₫3,088,000
₫2,215,000
₫2,459,000
₫2,740,000
₫3,565,000
₫3,187,000
₫5,463,000
₫7,290,000
₫8,990,000
₫4,234,000
₫3,314,000
₫1,290,000
₫4,750,000
₫3,535,000
₫6,590,000
₫3,895,000
₫5,150,000
₫3,967,000
₫3,421,000
₫3,634,000
₫4,790,000
₫2,334,000
₫3,112,000
₫5,990,000
₫9,120,000
₫4,508,000
₫3,207,000
₫3,360,000
₫4,158,000
₫3,635,000
₫2,527,000
₫2,334,000
₫2,375,000
₫4,810,000
₫2,180,000
₫4,330,000
₫4,597,000
₫2,860,000
₫2,190,000
₫2,771,000
₫3,088,000
₫2,215,000
₫2,459,000
₫2,740,000
₫3,565,000
₫3,187,000
₫5,463,000
₫7,290,000
₫8,990,000
₫4,234,000
₫3,314,000
₫1,290,000
₫4,750,000
₫3,535,000
₫6,590,000
₫3,895,000
₫5,150,000
₫3,967,000
₫3,421,000
₫3,634,000
₫4,790,000
₫2,334,000
₫3,112,000
₫5,990,000
₫9,120,000
₫4,508,000
₫3,207,000
₫3,360,000
₫4,158,000
₫3,635,000
₫2,527,000
₫2,334,000
₫2,375,000
₫4,810,000
₫2,180,000
₫4,330,000
₫4,597,000
₫2,860,000
₫2,190,000
₫2,771,000
₫3,088,000
₫2,215,000
₫2,459,000
₫2,740,000
₫3,565,000
₫3,187,000
₫5,463,000
₫7,290,000
₫8,990,000
₫4,234,000
₫3,314,000
₫1,290,000
₫4,750,000
₫3,535,000
₫6,590,000
₫3,895,000
₫5,150,000
₫3,967,000
₫3,421,000
₫3,634,000
₫4,790,000
₫2,334,000
₫3,112,000
₫5,990,000
₫9,120,000
₫4,508,000
₫3,207,000
₫3,360,000
₫4,158,000
₫3,635,000
₫2,527,000
₫2,334,000
₫2,375,000
₫4,810,000
₫2,180,000
₫4,330,000
₫4,597,000
₫2,860,000
₫2,190,000
₫2,771,000
₫3,088,000
₫2,215,000
₫2,459,000
₫2,740,000
₫3,565,000
₫3,187,000
₫5,463,000
₫7,290,000
₫8,990,000
₫4,234,000
₫3,314,000
₫1,290,000
₫4,750,000
₫3,535,000
₫6,590,000
₫3,895,000
₫5,150,000
₫3,967,000
₫3,421,000
₫3,634,000
₫4,790,000
₫2,334,000
₫3,112,000
₫5,990,000
₫9,120,000
₫4,508,000
₫3,207,000
₫3,360,000
₫4,158,000
₫3,635,000
₫2,527,000
₫2,334,000
₫2,375,000
₫4,810,000
₫2,180,000
₫4,330,000
₫4,597,000
₫2,860,000
₫2,190,000
₫2,771,000
₫3,088,000
₫2,215,000
₫2,459,000
₫2,740,000
₫3,565,000
₫3,187,000
₫5,463,000
₫7,290,000
₫8,990,000
₫4,234,000
₫3,314,000
₫1,290,000
₫4,750,000
₫3,535,000
₫6,590,000
₫3,895,000
₫5,150,000
₫3,967,000
₫3,421,000
₫3,634,000
₫4,790,000
₫2,334,000
₫3,112,000
₫5,990,000
₫9,120,000
₫4,508,000
₫3,207,000
₫3,360,000
₫4,158,000
₫3,635,000
₫2,527,000
₫2,334,000
₫2,375,000
₫4,810,000
₫2,180,000
₫4,330,000
₫4,597,000
₫2,860,000
₫2,190,000
₫2,771,000
₫3,088,000
₫2,215,000
₫2,459,000
₫2,740,000
₫3,565,000
₫3,187,000
₫5,463,000
₫7,290,000
₫8,990,000
₫4,234,000
₫3,314,000
₫1,290,000
₫4,750,000
₫3,535,000
₫6,590,000
₫3,895,000
₫5,150,000
₫3,967,000
₫3,421,000
₫3,634,000
₫4,790,000
₫2,334,000
₫3,112,000
₫5,990,000
₫9,120,000
₫4,508,000
₫3,207,000
₫3,360,000
₫4,158,000
₫3,635,000
₫2,527,000
₫2,334,000
₫2,375,000
₫4,810,000
₫2,180,000
₫4,330,000
₫4,597,000
₫2,860,000
₫2,190,000
₫2,771,000
₫3,088,000
₫2,215,000
₫2,459,000
₫2,740,000
₫3,565,000
₫3,187,000
₫5,463,000
₫7,290,000
₫8,990,000
₫4,234,000
₫3,314,000
₫1,290,000
₫4,750,000
₫3,535,000
₫6,590,000
₫3,895,000
₫5,150,000
₫3,967,000
₫3,421,000
₫3,634,000
₫4,790,000
₫2,334,000
₫3,112,000
₫5,990,000
₫9,120,000
₫4,508,000
₫3,207,000
₫3,360,000
₫4,158,000
₫3,635,000
₫2,527,000
₫2,334,000
₫2,375,000
₫4,810,000
₫2,180,000
₫4,330,000
₫4,597,000
₫2,860,000
₫2,190,000
₫2,771,000
₫3,088,000
₫2,215,000
₫2,459,000
₫2,740,000
₫3,565,000
₫3,187,000
₫5,463,000
₫7,290,000
₫8,990,000
₫4,234,000
₫3,314,000
₫1,290,000
₫4,750,000
₫3,535,000
₫6,590,000
₫3,895,000
₫5,150,000
₫3,967,000
₫3,421,000
₫3,634,000
₫4,790,000
₫2,334,000
₫3,112,000
₫5,990,000
₫9,120,000
₫4,508,000
₫3,207,000
₫3,360,000
₫4,158,000
₫3,635,000
₫2,527,000
₫2,334,000
₫2,375,000
₫4,810,000
₫2,180,000
₫4,330,000
₫4,597,000
₫2,860,000
₫2,190,000
₫2,771,000
₫3,088,000
₫2,215,000
₫2,459,000
₫2,740,000
₫3,565,000
₫3,187,000
₫5,463,000
₫7,290,000
₫8,990,000
₫4,234,000
₫3,314,000
₫1,290,000
₫4,750,000
₫3,535,000
₫6,590,000
₫3,895,000
₫5,150,000
₫3,967,000
₫3,421,000
₫3,634,000
₫4,790,000
₫2,334,000
₫3,112,000
₫5,990,000
₫9,120,000
₫4,508,000
₫3,207,000
₫3,360,000
₫4,158,000
₫3,635,000
₫2,527,000
₫2,334,000
₫2,375,000
₫4,810,000
₫2,180,000
₫4,330,000
₫4,597,000
₫2,860,000
₫2,190,000
₫2,771,000
₫3,088,000
₫2,215,000
₫2,459,000
₫2,740,000
₫3,565,000
₫3,187,000
₫5,463,000
₫7,290,000
₫8,990,000
₫4,234,000
₫3,314,000
₫1,290,000
₫4,750,000
₫3,535,000
₫6,590,000
₫3,895,000
₫5,150,000
₫3,967,000
₫3,421,000
₫3,634,000
₫4,790,000
₫2,334,000
₫3,112,000
₫5,990,000
₫9,120,000
₫4,508,000
₫3,207,000
₫3,360,000
₫4,158,000
₫3,635,000
₫2,527,000
₫2,334,000
₫2,375,000
₫4,810,000
₫2,180,000
₫4,330,000
₫4,597,000
₫2,860,000
₫2,190,000
₫2,771,000
₫3,088,000
₫2,215,000
₫2,459,000
₫2,740,000
₫3,565,000
₫3,187,000
₫5,463,000
₫7,290,000
₫8,990,000
₫4,234,000
₫3,314,000
₫1,290,000
₫4,750,000
₫3,535,000
₫6,590,000
₫3,895,000
₫5,150,000
₫3,967,000
₫3,421,000
₫3,634,000
₫4,790,000
₫2,334,000
₫3,112,000
₫5,990,000
₫9,120,000
₫4,508,000
₫3,207,000
₫3,360,000
₫4,158,000
₫3,635,000
₫2,527,000
₫2,334,000
₫2,375,000
₫4,810,000
₫2,180,000
₫4,330,000
₫4,597,000
₫2,860,000
₫2,190,000
₫2,771,000
₫3,088,000
₫2,215,000
₫2,459,000
₫2,740,000
₫3,565,000
₫3,187,000
₫5,463,000
₫7,290,000
₫8,990,000
₫4,234,000
₫3,314,000
₫1,290,000
₫4,750,000
₫3,535,000
₫6,590,000
₫3,895,000
₫5,150,000
₫3,967,000
₫3,421,000
₫3,634,000
₫4,790,000
₫2,334,000
₫3,112,000
₫5,990,000
₫9,120,000
₫4,508,000
₫3,207,000
₫3,360,000
₫4,158,000
₫3,635,000
₫2,527,000
₫2,334,000
₫2,375,000
₫4,810,000
₫2,180,000
₫4,330,000
₫4,597,000
₫2,860,000
₫2,190,000
₫2,771,000
₫3,088,000
₫2,215,000
₫2,459,000
₫2,740,000
₫3,565,000
₫3,187,000
₫5,463,000
₫7,290,000
₫8,990,000
₫4,234,000
₫3,314,000
₫1,290,000
₫4,750,000
₫3,535,000
₫6,590,000
₫3,895,000
₫5,150,000
₫3,967,000
₫3,421,000
₫3,634,000
₫4,790,000
₫2,334,000
₫3,112,000
₫5,990,000
₫9,120,000
₫4,508,000
₫3,207,000
₫3,360,000
₫4,158,000
₫3,635,000
₫2,527,000
₫2,334,000
₫2,375,000
₫4,810,000
₫2,180,000
₫4,330,000
₫4,597,000
₫2,860,000
₫2,190,000
₫2,771,000
₫3,088,000
₫2,215,000
₫2,459,000
₫2,740,000
₫3,565,000
₫3,187,000
₫5,463,000
₫7,290,000
₫8,990,000
₫4,234,000
₫3,314,000
₫1,290,000
₫4,750,000
₫3,535,000
₫6,590,000
₫3,895,000
₫5,150,000
₫3,967,000
₫3,421,000
₫3,634,000
₫4,790,000
₫2,334,000
₫3,112,000
₫5,990,000
₫9,120,000
₫4,508,000
₫3,207,000
₫3,360,000
₫4,158,000
₫3,635,000
₫2,527,000
₫2,334,000
₫2,375,000
₫4,810,000
₫2,180,000
₫4,330,000
₫4,597,000
₫2,860,000
₫2,190,000
₫2,771,000
₫3,088,000
₫2,215,000
₫2,459,000
₫2,740,000
₫3,565,000
₫3,187,000
₫5,463,000
₫7,290,000
₫8,990,000
₫4,234,000
₫3,314,000
₫1,290,000
₫4,750,000
₫3,535,000
₫6,590,000
₫3,895,000
₫5,150,000
₫3,967,000
₫3,421,000
₫3,634,000
₫4,790,000
₫2,334,000
₫3,112,000
₫5,990,000
₫9,120,000
₫4,508,000
₫3,207,000
₫3,360,000
₫4,158,000
₫3,635,000
₫2,527,000
₫2,334,000
₫2,375,000
₫4,810,000
₫2,180,000
₫4,330,000
₫4,597,000
₫2,860,000
₫2,190,000
₫2,771,000
₫3,088,000
₫2,215,000
₫2,459,000
₫2,740,000
₫3,565,000
₫3,187,000
₫5,463,000
₫7,290,000
₫8,990,000
₫4,234,000
₫3,314,000
₫1,290,000
₫4,750,000
₫3,535,000
₫6,590,000
₫3,895,000
₫5,150,000
₫3,967,000
₫3,421,000
₫3,634,000
₫4,790,000
₫2,334,000
₫3,112,000
₫5,990,000
₫9,120,000
₫4,508,000
₫3,207,000
₫3,360,000
₫4,158,000
₫3,635,000
₫2,527,000
₫2,334,000
₫2,375,000
₫4,810,000
₫2,180,000
₫4,330,000
₫4,597,000
₫2,860,000
₫2,190,000
₫2,771,000
₫3,088,000
₫2,215,000
₫2,459,000
₫2,740,000
₫3,565,000
₫3,187,000
₫5,463,000
₫7,290,000
₫8,990,000
₫4,234,000
₫3,314,000
₫1,290,000
₫4,750,000
₫3,535,000
₫6,590,000
₫3,895,000
₫5,150,000
₫3,967,000
₫3,421,000
₫3,634,000
₫4,790,000
₫2,334,000
₫3,112,000
₫5,990,000
₫9,120,000
₫4,508,000
₫3,207,000
₫3,360,000
₫4,158,000
₫3,635,000
₫2,527,000
₫2,334,000
₫2,375,000
₫4,810,000
₫2,180,000
₫4,330,000
₫4,597,000
₫2,860,000
₫2,190,000
₫2,771,000
₫3,088,000
₫2,215,000
₫2,459,000
₫2,740,000
₫3,565,000
₫3,187,000
₫5,463,000
₫7,290,000
₫8,990,000
₫4,234,000
₫3,314,000
₫1,290,000
₫4,750,000
₫3,535,000
₫6,590,000
₫3,895,000
₫5,150,000
₫3,967,000
₫3,421,000
₫3,634,000
₫4,790,000
₫2,334,000
₫3,112,000
₫5,990,000
₫9,120,000
₫4,508,000
₫3,207,000
₫3,360,000
₫4,158,000
₫3,635,000
₫2,527,000
₫2,334,000
₫2,375,000
₫4,810,000
₫2,180,000
₫4,330,000
₫4,597,000
₫2,860,000
₫2,190,000
₫2,771,000
₫3,088,000
₫2,215,000
₫2,459,000
₫2,740,000
₫3,565,000
₫3,187,000
₫5,463,000
₫7,290,000
₫8,990,000
₫4,234,000
₫3,314,000
₫1,290,000
₫4,750,000
₫3,535,000
₫6,590,000
₫3,895,000
₫5,150,000
₫3,967,000
₫3,421,000
₫3,634,000
₫4,790,000
₫2,334,000
₫3,112,000
₫5,990,000
₫9,120,000
₫4,508,000
₫3,207,000
₫3,360,000
₫4,158,000
₫3,635,000
₫2,527,000
₫2,334,000
₫2,375,000
₫4,810,000
₫2,180,000
₫4,330,000
₫4,597,000
₫2,860,000
₫2,190,000
₫2,771,000
₫3,088,000
₫2,215,000
₫2,459,000
₫2,740,000
₫3,565,000
₫3,187,000
₫5,463,000
₫7,290,000
₫8,990,000
₫4,234,000
₫3,314,000
₫1,290,000
₫4,750,000
₫3,535,000
₫6,590,000
₫3,895,000
₫5,150,000
₫3,967,000
₫3,421,000
₫3,634,000
₫4,790,000
₫2,334,000
₫3,112,000
₫5,990,000
₫9,120,000
₫4,508,000
₫3,207,000
₫3,360,000
₫4,158,000
₫3,635,000
₫2,527,000
₫2,334,000
₫2,375,000
₫4,810,000
₫2,180,000
₫4,330,000
₫4,597,000
₫2,860,000
₫2,190,000
₫2,771,000
₫3,088,000
₫2,215,000
₫2,459,000
₫2,740,000
₫3,565,000
₫3,187,000
₫5,463,000
₫7,290,000
₫8,990,000
₫4,234,000
₫3,314,000
₫1,290,000
₫4,750,000
₫3,535,000
₫6,590,000
₫3,895,000
₫5,150,000
₫3,967,000
₫3,421,000
₫3,634,000
₫4,790,000
₫2,334,000
₫3,112,000
₫5,990,000
₫9,120,000
₫4,508,000
₫3,207,000
₫3,360,000
₫4,158,000
₫3,635,000
₫2,527,000
₫2,334,000
₫2,375,000
₫4,810,000
₫2,180,000
₫4,330,000
₫4,597,000
₫2,860,000
₫2,190,000
₫2,771,000
₫3,088,000
₫2,215,000
₫2,459,000
₫2,740,000
₫3,565,000
₫3,187,000
₫5,463,000
₫7,290,000
₫8,990,000
₫4,234,000
₫3,314,000
₫1,290,000
₫4,750,000
₫3,535,000
₫6,590,000
₫3,895,000
₫5,150,000
₫3,967,000
₫3,421,000
₫3,634,000
₫4,790,000
₫2,334,000
₫3,112,000
₫5,990,000
₫9,120,000
₫4,508,000
₫3,207,000
₫3,360,000
₫4,158,000
₫3,635,000
₫2,527,000
₫2,334,000
₫2,375,000
₫4,810,000
₫2,180,000
₫4,330,000
₫4,597,000
₫2,860,000
₫2,190,000
₫2,771,000
₫3,088,000
₫2,215,000
₫2,459,000
₫2,740,000
₫3,565,000
₫3,187,000
₫5,463,000
₫7,290,000
₫8,990,000
₫4,234,000
₫3,314,000
₫1,290,000
₫4,750,000
₫3,535,000
₫6,590,000
₫3,895,000
₫5,150,000
₫3,967,000
₫3,421,000
₫3,634,000
₫4,790,000
₫2,334,000
₫3,112,000
₫5,990,000
₫9,120,000
₫4,508,000
₫3,207,000
₫3,360,000
₫4,158,000
₫3,635,000
₫2,527,000
₫2,334,000
₫2,375,000
₫4,810,000
₫2,180,000
₫4,330,000
₫4,597,000
₫2,860,000
₫2,190,000
₫2,771,000
₫3,088,000
₫2,215,000
₫2,459,000
₫2,740,000
₫3,565,000
₫3,187,000
₫5,463,000
₫7,290,000
₫8,990,000
₫4,234,000
₫3,314,000
₫1,290,000
₫4,750,000
₫3,535,000
₫6,590,000
₫3,895,000
₫5,150,000
₫3,967,000
₫3,421,000
₫3,634,000
₫4,790,000
₫2,334,000
₫3,112,000
₫5,990,000
₫9,120,000
₫4,508,000
₫3,207,000
₫3,360,000
₫4,158,000
₫3,635,000
₫2,527,000
₫2,334,000
₫2,375,000
₫4,810,000
₫2,180,000
₫4,330,000
₫4,597,000
₫2,860,000
₫2,190,000
₫2,771,000
₫3,088,000
₫2,215,000
₫2,459,000
₫2,740,000
₫3,565,000
₫3,187,000
₫5,463,000
₫7,290,000
₫8,990,000
₫4,234,000
₫3,314,000
₫1,290,000
₫4,750,000
₫3,535,000
₫6,590,000
₫3,895,000
₫5,150,000
₫3,967,000
₫3,421,000
₫3,634,000
₫4,790,000
₫2,334,000
₫3,112,000
₫5,990,000
₫9,120,000
₫4,508,000
₫3,207,000
₫3,360,000
₫4,158,000
₫3,635,000
₫2,527,000
₫2,334,000
₫2,375,000
₫4,810,000
₫2,180,000
₫4,330,000
₫4,597,000
₫2,860,000
₫2,190,000
₫2,771,000
₫3,088,000
₫2,215,000
₫2,459,000
₫2,740,000
₫3,565,000
₫3,187,000
₫5,463,000
₫7,290,000
₫8,990,000
₫4,234,000
₫3,314,000
₫1,290,000
₫4,750,000
₫3,535,000
₫6,590,000
₫3,895,000
₫5,150,000
₫3,967,000
₫3,421,000
₫3,634,000
₫4,790,000
₫2,334,000
₫3,112,000
₫5,990,000
₫9,120,000
₫4,508,000
₫3,207,000
₫3,360,000
₫4,158,000
₫3,635,000
₫2,527,000
₫2,334,000
₫2,375,000
₫4,810,000
₫2,180,000
₫4,330,000
₫4,597,000
₫2,860,000
₫2,190,000
₫2,771,000
₫3,088,000
₫2,215,000
₫2,459,000
₫2,740,000
₫3,565,000
₫3,187,000
₫5,463,000
₫7,290,000
₫8,990,000
₫4,234,000
₫3,314,000
₫1,290,000
₫4,750,000
₫3,535,000
₫6,590,000
₫3,895,000
₫5,150,000
₫3,967,000
₫3,421,000
₫3,634,000
₫4,790,000
₫2,334,000
₫3,112,000
₫5,990,000
₫9,120,000
₫4,508,000
₫3,207,000
₫3,360,000
₫4,158,000
₫3,635,000
₫2,527,000
₫2,334,000
₫2,375,000
₫4,810,000
₫2,180,000
₫4,330,000
₫4,597,000
₫2,860,000
₫2,190,000
₫2,771,000
₫3,088,000
₫2,215,000
₫2,459,000
₫2,740,000
₫3,565,000
₫3,187,000
₫5,463,000
₫7,290,000
₫8,990,000
₫4,234,000
₫3,314,000
₫1,290,000
₫4,750,000
₫3,535,000
₫6,590,000
₫3,895,000
₫5,150,000
₫3,967,000
₫3,421,000
₫3,634,000
₫4,790,000
₫2,334,000
₫3,112,000
₫5,990,000
₫9,120,000
₫4,508,000
₫3,207,000
₫3,360,000
₫4,158,000
₫3,635,000
₫2,527,000
₫2,334,000
₫2,375,000
₫4,810,000
₫2,180,000
₫4,330,000
₫4,597,000
₫2,860,000
₫2,190,000
₫2,771,000
₫3,088,000
₫2,215,000
₫2,459,000
₫2,740,000
₫3,565,000
₫3,187,000
₫5,463,000
₫7,290,000
₫8,990,000
₫4,234,000
₫3,314,000
₫1,290,000
₫4,750,000
₫3,535,000
₫6,590,000
₫3,895,000
₫5,150,000
₫3,967,000
₫3,421,000
₫3,634,000
₫4,790,000
₫2,334,000
₫3,112,000
₫5,990,000
₫9,120,000
₫4,508,000
₫3,207,000
₫3,360,000
₫4,158,000
₫3,635,000
₫2,527,000
₫2,334,000
₫2,375,000
₫4,810,000
₫2,180,000
₫4,330,000
₫4,597,000
₫2,860,000
₫2,190,000
₫2,771,000
₫3,088,000
₫2,215,000
₫2,459,000
₫2,740,000
₫3,565,000
₫3,187,000
₫5,463,000
₫7,290,000
₫8,990,000
₫4,234,000
₫3,314,000
₫1,290,000
₫4,750,000
₫3,535,000
₫6,590,000
₫3,895,000
₫5,150,000
₫3,967,000
₫3,421,000
₫3,634,000
₫4,790,000
₫2,334,000
₫3,112,000
₫5,990,000
₫9,120,000
₫4,508,000
₫3,207,000
₫3,360,000
₫4,158,000
₫3,635,000
₫2,527,000
₫2,334,000
₫2,375,000
₫4,810,000
₫2,180,000
₫4,330,000
₫4,597,000
₫2,860,000
₫2,190,000
₫2,771,000
₫3,088,000
₫2,215,000
₫2,459,000
₫2,740,000
₫3,565,000
₫3,187,000
₫5,463,000
₫7,290,000
₫8,990,000
₫4,234,000
₫3,314,000
₫1,290,000
₫4,750,000
₫3,535,000
₫6,590,000
₫3,895,000
₫5,150,000
₫3,967,000
₫3,421,000
₫3,634,000
₫4,790,000
₫2,334,000
₫3,112,000
₫5,990,000
₫9,120,000
₫4,508,000
₫3,207,000
₫3,360,000
₫4,158,000
₫3,635,000
₫2,527,000
₫2,334,000
₫2,375,000
₫4,810,000
₫2,180,000
₫4,330,000
₫4,597,000
₫2,860,000
₫2,190,000
₫2,771,000
₫3,088,000
₫2,215,000
₫2,459,000
₫2,740,000
₫3,565,000
₫3,187,000
₫5,463,000
₫7,290,000
₫8,990,000
₫4,234,000
₫3,314,000
₫1,290,000
₫4,750,000
₫3,535,000
₫6,590,000
₫3,895,000
₫5,150,000
₫3,967,000
₫3,421,000
₫3,634,000
₫4,790,000
₫2,334,000
₫3,112,000
₫5,990,000
₫9,120,000
₫4,508,000
₫3,207,000
₫3,360,000
₫4,158,000
₫3,635,000
₫2,527,000
₫2,334,000
₫2,375,000
₫4,810,000
₫2,180,000
₫4,330,000
₫4,597,000
₫2,860,000
₫2,190,000
₫2,771,000
₫3,088,000
₫2,215,000
₫2,459,000
₫2,740,000
₫3,565,000
₫3,187,000
₫5,463,000
₫7,290,000
₫8,990,000
₫4,234,000
₫3,314,000
₫1,290,000
₫4,750,000
₫3,535,000
₫6,590,000
₫3,895,000
₫5,150,000
₫3,967,000
₫3,421,000
₫3,634,000
₫4,790,000
₫2,334,000
₫3,112,000
₫5,990,000
₫9,120,000
₫4,508,000
₫3,207,000
₫3,360,000
₫4,158,000
₫3,635,000
₫2,527,000
₫2,334,000
₫2,375,000
₫4,810,000
₫2,180,000
₫4,330,000
₫4,597,000
₫2,860,000
₫2,190,000
₫2,771,000
₫3,088,000
₫2,215,000
₫2,459,000
₫2,740,000
₫3,565,000
₫3,187,000
₫5,463,000
₫7,290,000
₫8,990,000
₫4,234,000
₫3,314,000
₫1,290,000
₫4,750,000
₫3,535,000
₫6,590,000
₫3,895,000
₫5,150,000
₫3,967,000
₫3,421,000
₫3,634,000
₫4,790,000
₫2,334,000
₫3,112,000
₫5,990,000
₫9,120,000
₫4,508,000
₫3,207,000
₫3,360,000
₫4,158,000
₫3,635,000
₫2,527,000
₫2,334,000
₫2,375,000
₫4,810,000
₫2,180,000
₫4,330,000
₫4,597,000
₫2,860,000
₫2,190,000
₫2,771,000
₫3,088,000
₫2,215,000
₫2,459,000
₫2,740,000
₫3,565,000
₫3,187,000
₫5,463,000
₫7,290,000
₫8,990,000
₫4,234,000
₫3,314,000
₫1,290,000
₫4,750,000
₫3,535,000
₫6,590,000
₫3,895,000
₫5,150,000
₫3,967,000
₫3,421,000
₫3,634,000
₫4,790,000
₫2,334,000
₫3,112,000
₫5,990,000
₫9,120,000
₫4,508,000
₫3,207,000
₫3,360,000
₫4,158,000
₫3,635,000
₫2,527,000
₫2,334,000
₫2,375,000
₫4,810,000
₫2,180,000
₫4,330,000
₫4,597,000
₫2,860,000
₫2,190,000
₫2,771,000
₫3,088,000
₫2,215,000
₫2,459,000
₫2,740,000
₫3,565,000
₫3,187,000
₫5,463,000
₫7,290,000
₫8,990,000
₫4,234,000
₫3,314,000
₫1,290,000
₫4,750,000
₫3,535,000
₫6,590,000
₫3,895,000
₫5,150,000
₫3,967,000
₫3,421,000
₫3,634,000
₫4,790,000
₫2,334,000
₫3,112,000
₫5,990,000
₫9,120,000
₫4,508,000
₫3,207,000
₫3,360,000
₫4,158,000
₫3,635,000
₫2,527,000
₫2,334,000
₫2,375,000
₫4,810,000
₫2,180,000
₫4,330,000
₫4,597,000
₫2,860,000
₫2,190,000
₫2,771,000
₫3,088,000
₫2,215,000
₫2,459,000
₫2,740,000
₫3,565,000
₫3,187,000
₫5,463,000
₫7,290,000
₫8,990,000
₫4,234,000
₫3,314,000
₫1,290,000
₫4,750,000
₫3,535,000
₫6,590,000
₫3,895,000
₫5,150,000
₫3,967,000
₫3,421,000
₫3,634,000
₫4,790,000
₫2,334,000
₫3,112,000
₫5,990,000
₫9,120,000
₫4,508,000
₫3,207,000
₫3,360,000
₫4,158,000
₫3,635,000
₫2,527,000
₫2,334,000
₫2,375,000
₫4,810,000
₫2,180,000
₫4,330,000
₫4,597,000
₫2,860,000
₫2,190,000
₫2,771,000
₫3,088,000
₫2,215,000
₫2,459,000
₫2,740,000
₫3,565,000
₫3,187,000
₫5,463,000
₫7,290,000
₫8,990,000
₫4,234,000
₫3,314,000
₫1,290,000
₫4,750,000
₫3,535,000
₫6,590,000
₫3,895,000
₫5,150,000
₫3,967,000
₫3,421,000
₫3,634,000
₫4,790,000
₫2,334,000
₫3,112,000
₫5,990,000
₫9,120,000
₫4,508,000
₫3,207,000
₫3,360,000
₫4,158,000
₫3,635,000
₫2,527,000
₫2,334,000
₫2,375,000
₫4,810,000
₫2,180,000
₫4,330,000
₫4,597,000
₫2,860,000
₫2,190,000
₫2,771,000
₫3,088,000
₫2,215,000
₫2,459,000
₫2,740,000
₫3,565,000
₫3,187,000
₫5,463,000
₫7,290,000
₫8,990,000
₫4,234,000
₫3,314,000
₫1,290,000
₫4,750,000
₫3,535,000
₫6,590,000
₫3,895,000
₫5,150,000
₫3,967,000
₫3,421,000
₫3,634,000
₫4,790,000
₫2,334,000
₫3,112,000
₫5,990,000
₫9,120,000
₫4,508,000
₫3,207,000
₫3,360,000
₫4,158,000
₫3,635,000
₫2,527,000
₫2,334,000
₫2,375,000
₫4,810,000
₫2,180,000
₫4,330,000
₫4,597,000
₫2,860,000
₫2,190,000
₫2,771,000
₫3,088,000
₫2,215,000
₫2,459,000
₫2,740,000
₫3,565,000
₫3,187,000
₫5,463,000
₫7,290,000
₫8,990,000
₫4,234,000
₫3,314,000
₫1,290,000
₫4,750,000
₫3,535,000
₫6,590,000
₫3,895,000
₫5,150,000
₫3,967,000
₫3,421,000
₫3,634,000
₫4,790,000
₫2,334,000
₫3,112,000
₫5,990,000
₫9,120,000
₫4,508,000
₫3,207,000
₫3,360,000
₫4,158,000
₫3,635,000
₫2,527,000
₫2,334,000
₫2,375,000
₫4,810,000
₫2,180,000
₫4,330,000
₫4,597,000
₫2,860,000
₫2,190,000
₫2,771,000
₫3,088,000
₫2,215,000
₫2,459,000
₫2,740,000
₫3,565,000
₫3,187,000
₫5,463,000
₫7,290,000
₫8,990,000
₫4,234,000
₫3,314,000
₫1,290,000
₫4,750,000
₫3,535,000
₫6,590,000
₫3,895,000
₫5,150,000
₫3,967,000
₫3,421,000
₫3,634,000
₫4,790,000
₫2,334,000
₫3,112,000
₫5,990,000
₫9,120,000
₫4,508,000
₫3,207,000
₫3,360,000
₫4,158,000
₫3,635,000
₫2,527,000
₫2,334,000
₫2,375,000
₫4,810,000
₫2,180,000
₫4,330,000
₫4,597,000
₫2,860,000
₫2,190,000
₫2,771,000
₫3,088,000
₫2,215,000
₫2,459,000
₫2,740,000
₫3,565,000
₫3,187,000
₫5,463,000
₫7,290,000
₫8,990,000
₫4,234,000
₫3,314,000
₫1,290,000
₫4,750,000
₫3,535,000
₫6,590,000
₫3,895,000
₫5,150,000
₫3,967,000
₫3,421,000
₫3,634,000
₫4,790,000
₫2,334,000
₫3,112,000
₫5,990,000
₫9,120,000
₫4,508,000
₫3,207,000
₫3,360,000
₫4,158,000
₫3,635,000
₫2,527,000
₫2,334,000
₫2,375,000
₫4,810,000
₫2,180,000
₫4,330,000
₫4,597,000
₫2,860,000
₫2,190,000
₫2,771,000
₫3,088,000
₫2,215,000
₫2,459,000
₫2,740,000
₫3,565,000
₫3,187,000
₫5,463,000
₫7,290,000
₫8,990,000
₫4,234,000
₫3,314,000
₫1,290,000
₫4,750,000
₫3,535,000
₫6,590,000
₫3,895,000
₫5,150,000
₫3,967,000
₫3,421,000
₫3,634,000
₫4,790,000
₫2,334,000
₫3,112,000
₫5,990,000
₫9,120,000
₫4,508,000
₫3,207,000
₫3,360,000
₫4,158,000
₫3,635,000
₫2,527,000
₫2,334,000
₫2,375,000
₫4,810,000
₫2,180,000
₫4,330,000
₫4,597,000
₫2,860,000
₫2,190,000
₫2,771,000
₫3,088,000
₫2,215,000
₫2,459,000
₫2,740,000
₫3,565,000
₫3,187,000
₫5,463,000
₫7,290,000
₫8,990,000
₫4,234,000
₫3,314,000
₫1,290,000
₫4,750,000
₫3,535,000
₫6,590,000
₫3,895,000
₫5,150,000
₫3,967,000
₫3,421,000
₫3,634,000
₫4,790,000
₫2,334,000
₫3,112,000
₫5,990,000
₫9,120,000
₫4,508,000
₫3,207,000
₫3,360,000
₫4,158,000
₫3,635,000
₫2,527,000
₫2,334,000
₫2,375,000
₫4,810,000
₫2,180,000
₫4,330,000
₫4,597,000
₫2,860,000
₫2,190,000
₫2,771,000
₫3,088,000
₫2,215,000
₫2,459,000
₫2,740,000
₫3,565,000
₫3,187,000
₫5,463,000
₫7,290,000
₫8,990,000
₫4,234,000
₫3,314,000
₫1,290,000
₫4,750,000
₫3,535,000
₫6,590,000
₫3,895,000
₫5,150,000
₫3,967,000
₫3,421,000
₫3,634,000
₫4,790,000
₫2,334,000
₫3,112,000
₫5,990,000
₫9,120,000
₫4,508,000
₫3,207,000
₫3,360,000
₫4,158,000
₫3,635,000
₫2,527,000
₫2,334,000
₫2,375,000
₫4,810,000
₫2,180,000
₫4,330,000
₫4,597,000
₫2,860,000
₫2,190,000
₫2,771,000
₫3,088,000
₫2,215,000
₫2,459,000
₫2,740,000
₫3,565,000
₫3,187,000
₫5,463,000
₫7,290,000
₫8,990,000
₫4,234,000
₫3,314,000
₫1,290,000
₫4,750,000
₫3,535,000
₫6,590,000
₫3,895,000
₫5,150,000
₫3,967,000
₫3,421,000
₫3,634,000
₫4,790,000
₫2,334,000
₫3,112,000
₫5,990,000
₫9,120,000
₫4,508,000
₫3,207,000
₫3,360,000
₫4,158,000
₫3,635,000
₫2,527,000
₫2,334,000
₫2,375,000
₫4,810,000
₫2,180,000
₫4,330,000
₫4,597,000
₫2,860,000
₫2,190,000
₫2,771,000
₫3,088,000
₫2,215,000
₫2,459,000
₫2,740,000
₫3,565,000
₫3,187,000
₫5,463,000
₫7,290,000
₫8,990,000
₫4,234,000
₫3,314,000
₫1,290,000
₫4,750,000
₫3,535,000
₫6,590,000
₫3,895,000
₫5,150,000
₫3,967,000
₫3,421,000
₫3,634,000
₫4,790,000
₫2,334,000
₫3,112,000
₫5,990,000
₫9,120,000
₫4,508,000
₫3,207,000
₫3,360,000
₫4,158,000
₫3,635,000
₫2,527,000
₫2,334,000
₫2,375,000
₫4,810,000
₫2,180,000
₫4,330,000
₫4,597,000
₫2,860,000
₫2,190,000
₫2,771,000
₫3,088,000
₫2,215,000
₫2,459,000
₫2,740,000
₫3,565,000
₫3,187,000
₫5,463,000
₫7,290,000
₫8,990,000
₫4,234,000
₫3,314,000
₫1,290,000
₫4,750,000
₫3,535,000
₫6,590,000
₫3,895,000
₫5,150,000
₫3,967,000
₫3,421,000
₫3,634,000
₫4,790,000
₫2,334,000
₫3,112,000
₫5,990,000
₫9,120,000
₫4,508,000
₫3,207,000
₫3,360,000
₫4,158,000
₫3,635,000
₫2,527,000
₫2,334,000
₫2,375,000
₫4,810,000
₫2,180,000
₫4,330,000
₫4,597,000
₫2,860,000
₫2,190,000
₫2,771,000
₫3,088,000
₫2,215,000
₫2,459,000
₫2,740,000
₫3,565,000
₫3,187,000
₫5,463,000
₫7,290,000
₫8,990,000
₫4,234,000
₫3,314,000
₫1,290,000
₫4,750,000
₫3,535,000
₫6,590,000
₫3,895,000
₫5,150,000
₫3,967,000
₫3,421,000
₫3,634,000
₫4,790,000
₫2,334,000
₫3,112,000
₫5,990,000
₫9,120,000
₫4,508,000
₫3,207,000
₫3,360,000
₫4,158,000
₫3,635,000
₫2,527,000
₫2,334,000
₫2,375,000
₫4,810,000
₫2,180,000
₫4,330,000
₫4,597,000
₫2,860,000
₫2,190,000
₫2,771,000
₫3,088,000
₫2,215,000
₫2,459,000
₫2,740,000
₫3,565,000
₫3,187,000
₫5,463,000
₫7,290,000
₫8,990,000
₫4,234,000
₫3,314,000
₫1,290,000
₫4,750,000
₫3,535,000
₫6,590,000
₫3,895,000
₫5,150,000
₫3,967,000
₫3,421,000
₫3,634,000
₫4,790,000
₫2,334,000
₫3,112,000
₫5,990,000
₫9,120,000
₫4,508,000
₫3,207,000
₫3,360,000
₫4,158,000
₫3,635,000
₫2,527,000
₫2,334,000
₫2,375,000
₫4,810,000
₫2,180,000
₫4,330,000
₫4,597,000
₫2,860,000
₫2,190,000
₫2,771,000
₫3,088,000
₫2,215,000
₫2,459,000
₫2,740,000
₫3,565,000
₫3,187,000
₫5,463,000
₫7,290,000
₫8,990,000
₫4,234,000
₫3,314,000
₫1,290,000
₫4,750,000
₫3,535,000
₫6,590,000
₫3,895,000
₫5,150,000
₫3,967,000
₫3,421,000
₫3,634,000
₫4,790,000
₫2,334,000
₫3,112,000
₫5,990,000
₫9,120,000
₫4,508,000
₫3,207,000
₫3,360,000
₫4,158,000
₫3,635,000
₫2,527,000
₫2,334,000
₫2,375,000
₫4,810,000
₫2,180,000
₫4,330,000
₫4,597,000
₫2,860,000
₫2,190,000
₫2,771,000
₫3,088,000
₫2,215,000
₫2,459,000
₫2,740,000
₫3,565,000
₫3,187,000
₫5,463,000
₫7,290,000
₫8,990,000
₫4,234,000
₫3,314,000
₫1,290,000
₫4,750,000
₫3,535,000
₫6,590,000
₫3,895,000
₫5,150,000
₫3,967,000
₫3,421,000
₫3,634,000
₫4,790,000
₫2,334,000
₫3,112,000
₫5,990,000
₫9,120,000
₫4,508,000
₫3,207,000
₫3,360,000
₫4,158,000
₫3,635,000
₫2,527,000
₫2,334,000
₫2,375,000
₫4,810,000
₫2,180,000
₫4,330,000
₫4,597,000
₫2,860,000
₫2,190,000
₫2,771,000
₫3,088,000
₫2,215,000
₫2,459,000
₫2,740,000
₫3,565,000
₫3,187,000
₫5,463,000
₫7,290,000
₫8,990,000
₫4,234,000
₫3,314,000
₫1,290,000
₫4,750,000
₫3,535,000
₫6,590,000
₫3,895,000
₫5,150,000
₫3,967,000
₫3,421,000
₫3,634,000
₫4,790,000
₫2,334,000
₫3,112,000
₫5,990,000
₫9,120,000
₫4,508,000
₫3,207,000
₫3,360,000
₫4,158,000
₫3,635,000
₫2,527,000
₫2,334,000
₫2,375,000
₫4,810,000
₫2,180,000
₫4,330,000
₫4,597,000
₫2,860,000
₫2,190,000
₫2,771,000
₫3,088,000
₫2,215,000
₫2,459,000
₫2,740,000
₫3,565,000
₫3,187,000
₫5,463,000
₫7,290,000
₫8,990,000
₫4,234,000
₫3,314,000
₫1,290,000
₫4,750,000
₫3,535,000
₫6,590,000
₫3,895,000
₫5,150,000
₫3,967,000
₫3,421,000
₫3,634,000
₫4,790,000
₫2,334,000
₫3,112,000
₫5,990,000
₫9,120,000
₫4,508,000
₫3,207,000
₫3,360,000
₫4,158,000
₫3,635,000
₫2,527,000
₫2,334,000
₫2,375,000
₫4,810,000
₫2,180,000
₫4,330,000
₫4,597,000
₫2,860,000
₫2,190,000
₫2,771,000
₫3,088,000
₫2,215,000
₫2,459,000
₫2,740,000
₫3,565,000
₫3,187,000
₫5,463,000
₫7,290,000
₫8,990,000
₫4,234,000
₫3,314,000
₫1,290,000
₫4,750,000
₫3,535,000
₫6,590,000
₫3,895,000
₫5,150,000
₫3,967,000
₫3,421,000
₫3,634,000
₫4,790,000
₫2,334,000
₫3,112,000
₫5,990,000
₫9,120,000
₫4,508,000
₫3,207,000
₫3,360,000
₫4,158,000
₫3,635,000
₫2,527,000
₫2,334,000
₫2,375,000
₫4,810,000
₫2,180,000
₫4,330,000
₫4,597,000
₫2,860,000
₫2,190,000
₫2,771,000
₫3,088,000
₫2,215,000
₫2,459,000
₫2,740,000
₫3,565,000
₫3,187,000
₫5,463,000
₫7,290,000
₫8,990,000
₫4,234,000
₫3,314,000
₫1,290,000
₫4,750,000
₫3,535,000
₫6,590,000
₫3,895,000
₫5,150,000
₫3,967,000
₫3,421,000
₫3,634,000
₫4,790,000
₫2,334,000
₫3,112,000
₫5,990,000
₫9,120,000
₫4,508,000
₫3,207,000
₫3,360,000
₫4,158,000
₫3,635,000
₫2,527,000
₫2,334,000
₫2,375,000
₫4,810,000
₫2,180,000
₫4,330,000
₫4,597,000
₫2,860,000
₫2,190,000
₫2,771,000
₫3,088,000
₫2,215,000
₫2,459,000
₫2,740,000
₫3,565,000
₫3,187,000
₫5,463,000
₫7,290,000
₫8,990,000
₫4,234,000
₫3,314,000
₫1,290,000
₫4,750,000
₫3,535,000
₫6,590,000
₫3,895,000
₫5,150,000
₫3,967,000
₫3,421,000
₫3,634,000
₫4,790,000
₫2,334,000
₫3,112,000
₫5,990,000
₫9,120,000
₫4,508,000
₫3,207,000
₫3,360,000
₫4,158,000
₫3,635,000
₫2,527,000
₫2,334,000
₫2,375,000
₫4,810,000
₫2,180,000
₫4,330,000
₫4,597,000
₫2,860,000
₫2,190,000
₫2,771,000
₫3,088,000
₫2,215,000
₫2,459,000
₫2,740,000
₫3,565,000
₫3,187,000
₫5,463,000
₫7,290,000
₫8,990,000
₫4,234,000
₫3,314,000
₫1,290,000
₫4,750,000
₫3,535,000
₫6,590,000
₫3,895,000
₫5,150,000
₫3,967,000
₫3,421,000
₫3,634,000
₫4,790,000
₫2,334,000
₫3,112,000
₫5,990,000
₫9,120,000
₫4,508,000
₫3,207,000
₫3,360,000
₫4,158,000
₫3,635,000
₫2,527,000
₫2,334,000
₫2,375,000
₫4,810,000
₫2,180,000
₫4,330,000
₫4,597,000
₫2,860,000
₫2,190,000
₫2,771,000
₫3,088,000
₫2,215,000
₫2,459,000
₫2,740,000
₫3,565,000
₫3,187,000
₫5,463,000
₫7,290,000
₫8,990,000
₫4,234,000
₫3,314,000
₫1,290,000
₫4,750,000
₫3,535,000
₫6,590,000
₫3,895,000
₫5,150,000
₫3,967,000
₫3,421,000
₫3,634,000
₫4,790,000
₫2,334,000
₫3,112,000
₫5,990,000
₫9,120,000
₫4,508,000
₫3,207,000
₫3,360,000
₫4,158,000
₫3,635,000
₫2,527,000
₫2,334,000
₫2,375,000
₫4,810,000
₫2,180,000
₫4,330,000
₫4,597,000
₫2,860,000
₫2,190,000
₫2,771,000
₫3,088,000
₫2,215,000
₫2,459,000
₫2,740,000
₫3,565,000
₫3,187,000
₫5,463,000
₫7,290,000
₫8,990,000
₫4,234,000
₫3,314,000
₫1,290,000
₫4,750,000
₫3,535,000
₫6,590,000
₫3,895,000
₫5,150,000
₫3,967,000
₫3,421,000
₫3,634,000
₫4,790,000
₫2,334,000
₫3,112,000
₫5,990,000
₫9,120,000
₫4,508,000
₫3,207,000
₫3,360,000
₫4,158,000
₫3,635,000
₫2,527,000
₫2,334,000
₫2,375,000
₫4,810,000
₫2,180,000
₫4,330,000
₫4,597,000
₫2,860,000
₫2,190,000
₫2,771,000
₫3,088,000
₫2,215,000
₫2,459,000
₫2,740,000
₫3,565,000
₫3,187,000
₫5,463,000
₫7,290,000
₫8,990,000
₫4,234,000
₫3,314,000
₫1,290,000
₫4,750,000
₫3,535,000
₫6,590,000
₫3,895,000
₫5,150,000
₫3,967,000
₫3,421,000
₫3,634,000
₫4,790,000
₫2,334,000
₫3,112,000
₫5,990,000
₫9,120,000
₫4,508,000
₫3,207,000
₫3,360,000
₫4,158,000
₫3,635,000
₫2,527,000
₫2,334,000
₫2,375,000
₫4,810,000
₫2,180,000
₫4,330,000
₫4,597,000
₫2,860,000
₫2,190,000
₫2,771,000
₫3,088,000
₫2,215,000
₫2,459,000
₫2,740,000
₫3,565,000
₫3,187,000
₫5,463,000
₫7,290,000
₫8,990,000
₫4,234,000
₫3,314,000
₫1,290,000
₫4,750,000
₫3,535,000
₫6,590,000
₫3,895,000
₫5,150,000
₫3,967,000
₫3,421,000
₫3,634,000
₫4,790,000
₫2,334,000
₫3,112,000
₫5,990,000
₫9,120,000
₫4,508,000
₫3,207,000
₫3,360,000
₫4,158,000
₫3,635,000
₫2,527,000
₫2,334,000
₫2,375,000
₫4,810,000
₫2,180,000
₫4,330,000
₫4,597,000
₫2,860,000
₫2,190,000
₫2,771,000
₫3,088,000
₫2,215,000
₫2,459,000
₫2,740,000
₫3,565,000
₫3,187,000
₫5,463,000
₫7,290,000
₫8,990,000
₫4,234,000
₫3,314,000
₫1,290,000
₫4,750,000
₫3,535,000
₫6,590,000
₫3,895,000
₫5,150,000
₫3,967,000
₫3,421,000
₫3,634,000
₫4,790,000
₫2,334,000
₫3,112,000
₫5,990,000
₫9,120,000
₫4,508,000
₫3,207,000
₫3,360,000
₫4,158,000
₫3,635,000
₫2,527,000
₫2,334,000
₫2,375,000
₫4,810,000
₫2,180,000
₫4,330,000
₫4,597,000
₫2,860,000
₫2,190,000
₫2,771,000
₫3,088,000
₫2,215,000
₫2,459,000
₫2,740,000
₫3,565,000
₫3,187,000
₫5,463,000
₫7,290,000
₫8,990,000
₫4,234,000
₫3,314,000
₫1,290,000
₫4,750,000
₫3,535,000
₫6,590,000
₫3,895,000
₫5,150,000
₫3,967,000
₫3,421,000
₫3,634,000
₫4,790,000
₫2,334,000
₫3,112,000
₫5,990,000
₫9,120,000
₫4,508,000
₫3,207,000
₫3,360,000
₫4,158,000
₫3,635,000
₫2,527,000
₫2,334,000
₫2,375,000
₫4,810,000
₫2,180,000
₫4,330,000
₫4,597,000
₫2,860,000
₫2,190,000
₫2,771,000
₫3,088,000
₫2,215,000
₫2,459,000
₫2,740,000
₫3,565,000
₫3,187,000
₫5,463,000
₫7,290,000
₫8,990,000
₫4,234,000
₫3,314,000
₫1,290,000
₫4,750,000
₫3,535,000
₫6,590,000
₫3,895,000
₫5,150,000
₫3,967,000
₫3,421,000
₫3,634,000
₫4,790,000
₫2,334,000
₫3,112,000
₫5,990,000
₫9,120,000
₫4,508,000
₫3,207,000
₫3,360,000
₫4,158,000
₫3,635,000
₫2,527,000
₫2,334,000
₫2,375,000
₫4,810,000
₫2,180,000
₫4,330,000
₫4,597,000
₫2,860,000
₫2,190,000
₫2,771,000
₫3,088,000
₫2,215,000
₫2,459,000
₫2,740,000
₫3,565,000
₫3,187,000
₫5,463,000
₫7,290,000
₫8,990,000
₫4,234,000
₫3,314,000
₫1,290,000
₫4,750,000
₫3,535,000
₫6,590,000
₫3,895,000
₫5,150,000
₫3,967,000
₫3,421,000
₫3,634,000
₫4,790,000
₫2,334,000
₫3,112,000
₫5,990,000
₫9,120,000
₫4,508,000
₫3,207,000
₫3,360,000
₫4,158,000
₫3,635,000
₫2,527,000
₫2,334,000
₫2,375,000
₫4,810,000
₫2,180,000
₫4,330,000
₫4,597,000
₫2,860,000
₫2,190,000
₫2,771,000
₫3,088,000
₫2,215,000
₫2,459,000
₫2,740,000
₫3,565,000
₫3,187,000
₫5,463,000
₫7,290,000
₫8,990,000
₫4,234,000
₫3,314,000
₫1,290,000
₫4,750,000
₫3,535,000
₫6,590,000
₫3,895,000
₫5,150,000
₫3,967,000
₫3,421,000
₫3,634,000
₫4,790,000
₫2,334,000
₫3,112,000
₫5,990,000
₫9,120,000
₫4,508,000
₫3,207,000
₫3,360,000
₫4,158,000
₫3,635,000
₫2,527,000
₫2,334,000
₫2,375,000
₫4,810,000
₫2,180,000
₫4,330,000
₫4,597,000
₫2,860,000
₫2,190,000
₫2,771,000
₫3,088,000
₫2,215,000
₫2,459,000
₫2,740,000
₫3,565,000
₫3,187,000
₫5,463,000
₫7,290,000
₫8,990,000
₫4,234,000
₫3,314,000
₫1,290,000
₫4,750,000
₫3,535,000
₫6,590,000
₫3,895,000
₫5,150,000
₫3,967,000
₫3,421,000
₫3,634,000
₫4,790,000
₫2,334,000
₫3,112,000
₫5,990,000
₫9,120,000
₫4,508,000
₫3,207,000
₫3,360,000
₫4,158,000
₫3,635,000
₫2,527,000
₫2,334,000
₫2,375,000
₫4,810,000
₫2,180,000
₫4,330,000
₫4,597,000
₫2,860,000
₫2,190,000
₫2,771,000
₫3,088,000
₫2,215,000
₫2,459,000
₫2,740,000
₫3,565,000
₫3,187,000
₫5,463,000
₫7,290,000
₫8,990,000
₫4,234,000
₫3,314,000
₫1,290,000
₫4,750,000
₫3,535,000
₫6,590,000
₫3,895,000
₫5,150,000
₫3,967,000
₫3,421,000
₫3,634,000
₫4,790,000
₫2,334,000
₫3,112,000
₫5,990,000
₫9,120,000
₫4,508,000
₫3,207,000
₫3,360,000
₫4,158,000
₫3,635,000
₫2,527,000
₫2,334,000
₫2,375,000
₫4,810,000
₫2,180,000
₫4,330,000
₫4,597,000
₫2,860,000
₫2,190,000
₫2,771,000
₫3,088,000
₫2,215,000
₫2,459,000
₫2,740,000
₫3,565,000
₫3,187,000
₫5,463,000
₫7,290,000
₫8,990,000
₫4,234,000
₫3,314,000
₫1,290,000
₫4,750,000
₫3,535,000
₫6,590,000
₫3,895,000
₫5,150,000
₫3,967,000
₫3,421,000
₫3,634,000
₫4,790,000
₫2,334,000
₫3,112,000
₫5,990,000
₫9,120,000
₫4,508,000
₫3,207,000
₫3,360,000
₫4,158,000
₫3,635,000
₫2,527,000
₫2,334,000
₫2,375,000
₫4,810,000
₫2,180,000
₫4,330,000
₫4,597,000
₫2,860,000
₫2,190,000
₫2,771,000
₫3,088,000
₫2,215,000
₫2,459,000
₫2,740,000
₫3,565,000
₫3,187,000
₫5,463,000
₫7,290,000
₫8,990,000
₫4,234,000
₫3,314,000
₫1,290,000
₫4,750,000
₫3,535,000
₫6,590,000
₫3,895,000
₫5,150,000
₫3,967,000
₫3,421,000
₫3,634,000
₫4,790,000
₫2,334,000
₫3,112,000
₫5,990,000
₫9,120,000
₫4,508,000
₫3,207,000
₫3,360,000
₫4,158,000
₫3,635,000
₫2,527,000
₫2,334,000
₫2,375,000
₫4,810,000
₫2,180,000
₫4,330,000
₫4,597,000
₫2,860,000
₫2,190,000
₫2,771,000
₫3,088,000
₫2,215,000
₫2,459,000
₫2,740,000
₫3,565,000
₫3,187,000
₫5,463,000
₫7,290,000
₫8,990,000
₫4,234,000
₫3,314,000
₫1,290,000
₫4,750,000
₫3,535,000
₫6,590,000
₫3,895,000
₫5,150,000
₫3,967,000
₫3,421,000
₫3,634,000
₫4,790,000
₫2,334,000
₫3,112,000
₫5,990,000
₫9,120,000
₫4,508,000
₫3,207,000
₫3,360,000
₫4,158,000
₫3,635,000
₫2,527,000
₫2,334,000
₫2,375,000
₫4,810,000
₫2,180,000
₫4,330,000
₫4,597,000
₫2,860,000
₫2,190,000
₫2,771,000
₫3,088,000
₫2,215,000
₫2,459,000
₫2,740,000
₫3,565,000
₫3,187,000
₫5,463,000
₫7,290,000
₫8,990,000
₫4,234,000
₫3,314,000
₫1,290,000
₫4,750,000
₫3,535,000
₫6,590,000
₫3,895,000
₫5,150,000
₫3,967,000
₫3,421,000
₫3,634,000
₫4,790,000
₫2,334,000
₫3,112,000
₫5,990,000
₫9,120,000
₫4,508,000
₫3,207,000
₫3,360,000
₫4,158,000
₫3,635,000
₫2,527,000
₫2,334,000
₫2,375,000
₫4,810,000
₫2,180,000
₫4,330,000
₫4,597,000
₫2,860,000
₫2,190,000
₫2,771,000
₫3,088,000
₫2,215,000
₫2,459,000
₫2,740,000
₫3,565,000
₫3,187,000
₫5,463,000
₫7,290,000
₫8,990,000
₫4,234,000
₫3,314,000
₫1,290,000
₫4,750,000
₫3,535,000
₫6,590,000
₫3,895,000
₫5,150,000
₫3,967,000
₫3,421,000
₫3,634,000
₫4,790,000
₫2,334,000
₫3,112,000
₫5,990,000
₫9,120,000
₫4,508,000
₫3,207,000
₫3,360,000
₫4,158,000
₫3,635,000
₫2,527,000
₫2,334,000
₫2,375,000
₫4,810,000
₫2,180,000
₫4,330,000
₫4,597,000
₫2,860,000
₫2,190,000
₫2,771,000
₫3,088,000
₫2,215,000
₫2,459,000
₫2,740,000
₫3,565,000
₫3,187,000
₫5,463,000
₫7,290,000
₫8,990,000
₫4,234,000
₫3,314,000
₫1,290,000
₫4,750,000
₫3,535,000
₫6,590,000
₫3,895,000
₫5,150,000
₫3,967,000
₫3,421,000
₫3,634,000
₫4,790,000
₫2,334,000
₫3,112,000
₫5,990,000
₫9,120,000
₫4,508,000
₫3,207,000
₫3,360,000
₫4,158,000
₫3,635,000
₫2,527,000
₫2,334,000
₫2,375,000
₫4,810,000
₫2,180,000
₫4,330,000
₫4,597,000
₫2,860,000
₫2,190,000
₫2,771,000
₫3,088,000
₫2,215,000
₫2,459,000
₫2,740,000
₫3,565,000
₫3,187,000
₫5,463,000
₫7,290,000
₫8,990,000
₫4,234,000
₫3,314,000
₫1,290,000
₫4,750,000
₫3,535,000
₫6,590,000
₫3,895,000
₫5,150,000
₫3,967,000
₫3,421,000
₫3,634,000
₫4,790,000
₫2,334,000
₫3,112,000
₫5,990,000
₫9,120,000
₫4,508,000
₫3,207,000
₫3,360,000
₫4,158,000
₫3,635,000
₫2,527,000
₫2,334,000
₫2,375,000
₫4,810,000
₫2,180,000
₫4,330,000
₫4,597,000
₫2,860,000
₫2,190,000
₫2,771,000
₫3,088,000
₫2,215,000
₫2,459,000
₫2,740,000
₫3,565,000
₫3,187,000
₫5,463,000
₫7,290,000
₫8,990,000
₫4,234,000
₫3,314,000
₫1,290,000
₫4,750,000
₫3,535,000
₫6,590,000
₫3,895,000
₫5,150,000
₫3,967,000
₫3,421,000
₫3,634,000
₫4,790,000
₫2,334,000
₫3,112,000
₫5,990,000
₫9,120,000
₫4,508,000
₫3,207,000
₫3,360,000
₫4,158,000
₫3,635,000
₫2,527,000
₫2,334,000
₫2,375,000
₫4,810,000
₫2,180,000
₫4,330,000
₫4,597,000
₫2,860,000
₫2,190,000
₫2,771,000
₫3,088,000
₫2,215,000
₫2,459,000
₫2,740,000
₫3,565,000
₫3,187,000
₫5,463,000
₫7,290,000
₫8,990,000
₫4,234,000
₫3,314,000
₫1,290,000
₫4,750,000
₫3,535,000
₫6,590,000
₫3,895,000
₫5,150,000
₫3,967,000
₫3,421,000
₫3,634,000
₫4,790,000
₫2,334,000
₫3,112,000
₫5,990,000
₫9,120,000
₫4,508,000
₫3,207,000
₫3,360,000
₫4,158,000
₫3,635,000
₫2,527,000
₫2,334,000
₫2,375,000
₫4,810,000
₫2,180,000
₫4,330,000
₫4,597,000
₫2,860,000
₫2,190,000
₫2,771,000
₫3,088,000
₫2,215,000
₫2,459,000
₫2,740,000
₫3,565,000
₫3,187,000
₫5,463,000
₫7,290,000
₫8,990,000
₫4,234,000
₫3,314,000
₫1,290,000
₫4,750,000
₫3,535,000
₫6,590,000
₫3,895,000
₫5,150,000
₫3,967,000
₫3,421,000
₫3,634,000
₫4,790,000
₫2,334,000
₫3,112,000
₫5,990,000
₫9,120,000
₫4,508,000
₫3,207,000
₫3,360,000
₫4,158,000
₫3,635,000
₫2,527,000
₫2,334,000
₫2,375,000
₫4,810,000
₫2,180,000
₫4,330,000
₫4,597,000
₫2,860,000
₫2,190,000
₫2,771,000
₫3,088,000
₫2,215,000
₫2,459,000
₫2,740,000
₫3,565,000
₫3,187,000
₫5,463,000
₫7,290,000
₫8,990,000
₫4,234,000
₫3,314,000
₫1,290,000
₫4,750,000
₫3,535,000
₫6,590,000
₫3,895,000
₫5,150,000
₫3,967,000
₫3,421,000
₫3,634,000
₫4,790,000
₫2,334,000
₫3,112,000
₫5,990,000
₫9,120,000
₫4,508,000
₫3,207,000
₫3,360,000
₫4,158,000
₫3,635,000
₫2,527,000
₫2,334,000
₫2,375,000
₫4,810,000
₫2,180,000
₫4,330,000
₫4,597,000
₫2,860,000
₫2,190,000
₫2,771,000
₫3,088,000
₫2,215,000
₫2,459,000
₫2,740,000
₫3,565,000
₫3,187,000
₫5,463,000
₫7,290,000
₫8,990,000
₫4,234,000
₫3,314,000
₫1,290,000
₫4,750,000
₫3,535,000
₫6,590,000
₫3,895,000
₫5,150,000
₫3,967,000
₫3,421,000
₫3,634,000
₫4,790,000
₫2,334,000
₫3,112,000
₫5,990,000
₫9,120,000
₫4,508,000
₫3,207,000
₫3,360,000
₫4,158,000
₫3,635,000
₫2,527,000
₫2,334,000
₫2,375,000
₫4,810,000
₫2,180,000
₫4,330,000
₫4,597,000
₫2,860,000
₫2,190,000
₫2,771,000
₫3,088,000
₫2,215,000
₫2,459,000
