₫512,694
₫428,000
₫501,500
₫551,800
₫759,525
₫214,000
₫479,400
₫364,356
₫182,600
₫510,100
₫665,474
₫339,700
₫359,356
₫433,245
₫340,500
₫391,400
₫388,531
₫147,400
₫219,000
₫197,100
₫406,498
₫490,125
₫447,841
₫476,553
₫189,600
₫680,000
₫192,900
₫483,300
₫4,538,888
₫9,000
₫142,700
₫249,165
₫4,450,000
₫338,807
₫209,400
₫411,674
₫196,500
₫163,300
₫108,749
₫521,314
₫512,694
₫428,000
₫501,500
₫551,800
₫759,525
₫214,000
₫479,400
₫364,356
₫182,600
₫510,100
₫665,474
₫339,700
₫359,356
₫433,245
₫340,500
₫391,400
₫388,531
₫147,400
₫219,000
₫197,100
₫406,498
₫490,125
₫447,841
₫476,553
₫189,600
₫680,000
₫192,900
₫483,300
₫4,538,888
₫9,000
₫142,700
₫249,165
₫4,450,000
₫338,807
₫209,400
₫411,674
₫196,500
₫163,300
₫108,749
₫521,314
₫512,694
₫428,000
₫501,500
₫551,800
₫759,525
₫214,000
₫479,400
₫364,356
₫182,600
₫510,100
₫665,474
₫339,700
₫359,356
₫433,245
₫340,500
₫391,400
₫388,531
₫147,400
₫219,000
₫197,100
₫406,498
₫490,125
₫447,841
₫476,553
₫189,600
₫680,000
₫192,900
₫483,300
₫4,538,888
₫9,000
₫142,700
₫249,165
₫4,450,000
₫338,807
₫209,400
₫411,674
₫196,500
₫163,300
₫108,749
₫521,314
₫512,694
₫428,000
₫501,500
₫551,800
₫759,525
₫214,000
₫479,400
₫364,356
₫182,600
₫510,100
₫665,474
₫339,700
₫359,356
₫433,245
₫340,500
₫391,400
₫388,531
₫147,400
₫219,000
₫197,100
₫406,498
₫490,125
₫447,841
₫476,553
₫189,600
₫680,000
₫192,900
₫483,300
₫4,538,888
₫9,000
₫142,700
₫249,165
₫4,450,000
₫338,807
₫209,400
₫411,674
₫196,500
₫163,300
₫108,749
₫521,314
₫512,694
₫428,000
₫501,500
₫551,800
₫759,525
₫214,000
₫479,400
₫364,356
₫182,600
₫510,100
₫665,474
₫339,700
₫359,356
₫433,245
₫340,500
₫391,400
₫388,531
₫147,400
₫219,000
₫197,100
₫406,498
₫490,125
₫447,841
₫476,553
₫189,600
₫680,000
₫192,900
₫483,300
₫4,538,888
₫9,000
₫142,700
₫249,165
₫4,450,000
₫338,807
₫209,400
₫411,674
₫196,500
₫163,300
₫108,749
₫521,314
₫512,694
₫428,000
₫501,500
₫551,800
₫759,525
₫214,000
₫479,400
₫364,356
₫182,600
₫510,100
₫665,474
₫339,700
₫359,356
₫433,245
₫340,500
₫391,400
₫388,531
₫147,400
₫219,000
₫197,100
₫406,498
₫490,125
₫447,841
₫476,553
₫189,600
₫680,000
₫192,900
₫483,300
₫4,538,888
₫9,000
₫142,700
₫249,165
₫4,450,000
₫338,807
₫209,400
₫411,674
₫196,500
₫163,300
₫108,749
₫521,314
₫512,694
₫428,000
₫501,500
₫551,800
₫759,525
₫214,000
₫479,400
₫364,356
₫182,600
₫510,100
₫665,474
₫339,700
₫359,356
₫433,245
₫340,500
₫391,400
₫388,531
₫147,400
₫219,000
₫197,100
₫406,498
₫490,125
₫447,841
₫476,553
₫189,600
₫680,000
₫192,900
₫483,300
₫4,538,888
₫9,000
₫142,700
₫249,165
₫4,450,000
₫338,807
₫209,400
₫411,674
₫196,500
₫163,300
₫108,749
₫521,314
₫512,694
₫428,000
₫501,500
₫551,800
₫759,525
₫214,000
₫479,400
₫364,356
₫182,600
₫510,100
₫665,474
₫339,700
₫359,356
₫433,245
₫340,500
₫391,400
₫388,531
₫147,400
₫219,000
₫197,100
₫406,498
₫490,125
₫447,841
₫476,553
₫189,600
₫680,000
₫192,900
₫483,300
₫4,538,888
₫9,000
₫142,700
₫249,165
₫4,450,000
₫338,807
₫209,400
₫411,674
₫196,500
₫163,300
₫108,749
₫521,314
₫512,694
₫428,000
₫501,500
₫551,800
₫759,525
₫214,000
₫479,400
₫364,356
₫182,600
₫510,100
₫665,474
₫339,700
₫359,356
₫433,245
₫340,500
₫391,400
₫388,531
₫147,400
₫219,000
₫197,100
₫406,498
₫490,125
₫447,841
₫476,553
₫189,600
₫680,000
₫192,900
₫483,300
₫4,538,888
₫9,000
₫142,700
₫249,165
₫4,450,000
₫338,807
₫209,400
₫411,674
₫196,500
₫163,300
₫108,749
₫521,314
₫512,694
₫428,000
₫501,500
₫551,800
₫759,525
₫214,000
₫479,400
₫364,356
₫182,600
₫510,100
₫665,474
₫339,700
₫359,356
₫433,245
₫340,500
₫391,400
₫388,531
₫147,400
₫219,000
₫197,100
₫406,498
₫490,125
₫447,841
₫476,553
₫189,600
₫680,000
₫192,900
₫483,300
₫4,538,888
₫9,000
₫142,700
₫249,165
₫4,450,000
₫338,807
₫209,400
₫411,674
₫196,500
₫163,300
₫108,749
₫521,314
₫512,694
₫428,000
₫501,500
₫551,800
₫759,525
₫214,000
₫479,400
₫364,356
₫182,600
₫510,100
₫665,474
₫339,700
₫359,356
₫433,245
₫340,500
₫391,400
₫388,531
₫147,400
₫219,000
₫197,100
₫406,498
₫490,125
₫447,841
₫476,553
₫189,600
₫680,000
₫192,900
₫483,300
₫4,538,888
₫9,000
₫142,700
₫249,165
₫4,450,000
₫338,807
₫209,400
₫411,674
₫196,500
₫163,300
₫108,749
₫521,314
₫512,694
₫428,000
₫501,500
₫551,800
₫759,525
₫214,000
₫479,400
₫364,356
₫182,600
₫510,100
₫665,474
₫339,700
₫359,356
₫433,245
₫340,500
₫391,400
₫388,531
₫147,400
₫219,000
₫197,100
₫406,498
₫490,125
₫447,841
₫476,553
₫189,600
₫680,000
₫192,900
₫483,300
₫4,538,888
₫9,000
₫142,700
₫249,165
₫4,450,000
₫338,807
₫209,400
₫411,674
₫196,500
₫163,300
₫108,749
₫521,314
₫512,694
₫428,000
₫501,500
₫551,800
₫759,525
₫214,000
₫479,400
₫364,356
₫182,600
₫510,100
₫665,474
₫339,700
₫359,356
₫433,245
₫340,500
₫391,400
₫388,531
₫147,400
₫219,000
₫197,100
₫406,498
₫490,125
₫447,841
₫476,553
₫189,600
₫680,000
₫192,900
₫483,300
₫4,538,888
₫9,000
₫142,700
₫249,165
₫4,450,000
₫338,807
₫209,400
₫411,674
₫196,500
₫163,300
₫108,749
₫521,314
₫512,694
₫428,000
₫501,500
₫551,800
₫759,525
₫214,000
₫479,400
₫364,356
₫182,600
₫510,100
₫665,474
₫339,700
₫359,356
₫433,245
₫340,500
₫391,400
₫388,531
₫147,400
₫219,000
₫197,100
₫406,498
₫490,125
₫447,841
₫476,553
₫189,600
₫680,000
₫192,900
₫483,300
₫4,538,888
₫9,000
₫142,700
₫249,165
₫4,450,000
₫338,807
₫209,400
₫411,674
₫196,500
₫163,300
₫108,749
₫521,314
₫512,694
₫428,000
₫501,500
₫551,800
₫759,525
₫214,000
₫479,400
₫364,356
₫182,600
₫510,100
₫665,474
₫339,700
₫359,356
₫433,245
₫340,500
₫391,400
₫388,531
₫147,400
₫219,000
₫197,100
₫406,498
₫490,125
₫447,841
₫476,553
₫189,600
₫680,000
₫192,900
₫483,300
₫4,538,888
₫9,000
₫142,700
₫249,165
₫4,450,000
₫338,807
₫209,400
₫411,674
₫196,500
₫163,300
₫108,749
₫521,314
₫512,694
₫428,000
₫501,500
₫551,800
₫759,525
₫214,000
₫479,400
₫364,356
₫182,600
₫510,100
₫665,474
₫339,700
₫359,356
₫433,245
₫340,500
₫391,400
₫388,531
₫147,400
₫219,000
₫197,100
₫406,498
₫490,125
₫447,841
₫476,553
₫189,600
₫680,000
₫192,900
₫483,300
₫4,538,888
₫9,000
₫142,700
₫249,165
₫4,450,000
₫338,807
₫209,400
₫411,674
₫196,500
₫163,300
₫108,749
₫521,314
₫512,694
₫428,000
₫501,500
₫551,800
₫759,525
₫214,000
₫479,400
₫364,356
₫182,600
₫510,100
₫665,474
₫339,700
₫359,356
₫433,245
₫340,500
₫391,400
₫388,531
₫147,400
₫219,000
₫197,100
₫406,498
₫490,125
₫447,841
₫476,553
₫189,600
₫680,000
₫192,900
₫483,300
₫4,538,888
₫9,000
₫142,700
₫249,165
₫4,450,000
₫338,807
₫209,400
₫411,674
₫196,500
₫163,300
₫108,749
₫521,314
₫512,694
₫428,000
₫501,500
₫551,800
₫759,525
₫214,000
₫479,400
₫364,356
₫182,600
₫510,100
₫665,474
₫339,700
₫359,356
₫433,245
₫340,500
₫391,400
₫388,531
₫147,400
₫219,000
₫197,100
₫406,498
₫490,125
₫447,841
₫476,553
₫189,600
₫680,000
₫192,900
₫483,300
₫4,538,888
₫9,000
₫142,700
₫249,165
₫4,450,000
₫338,807
₫209,400
₫411,674
₫196,500
₫163,300
₫108,749
₫521,314
₫512,694
₫428,000
₫501,500
₫551,800
₫759,525
₫214,000
₫479,400
₫364,356
₫182,600
₫510,100
₫665,474
₫339,700
₫359,356
₫433,245
₫340,500
₫391,400
₫388,531
₫147,400
₫219,000
₫197,100
₫406,498
₫490,125
₫447,841
₫476,553
₫189,600
₫680,000
₫192,900
₫483,300
₫4,538,888
₫9,000
₫142,700
₫249,165
₫4,450,000
₫338,807
₫209,400
₫411,674
₫196,500
₫163,300
₫108,749
₫521,314
₫512,694
₫428,000
₫501,500
₫551,800
₫759,525
₫214,000
₫479,400
₫364,356
₫182,600
₫510,100
₫665,474
₫339,700
₫359,356
₫433,245
₫340,500
₫391,400
₫388,531
₫147,400
₫219,000
₫197,100
₫406,498
₫490,125
₫447,841
₫476,553
₫189,600
₫680,000
₫192,900
₫483,300
₫4,538,888
₫9,000
₫142,700
₫249,165
₫4,450,000
₫338,807
₫209,400
₫411,674
₫196,500
₫163,300
₫108,749
₫521,314
₫512,694
₫428,000
₫501,500
₫551,800
₫759,525
₫214,000
₫479,400
₫364,356
₫182,600
₫510,100
₫665,474
₫339,700
₫359,356
₫433,245
₫340,500
₫391,400
₫388,531
₫147,400
₫219,000
₫197,100
₫406,498
₫490,125
₫447,841
₫476,553
₫189,600
₫680,000
₫192,900
₫483,300
₫4,538,888
₫9,000
₫142,700
₫249,165
₫4,450,000
₫338,807
₫209,400
₫411,674
₫196,500
₫163,300
₫108,749
₫521,314
₫512,694
₫428,000
₫501,500
₫551,800
₫759,525
₫214,000
₫479,400
₫364,356
₫182,600
₫510,100
₫665,474
₫339,700
₫359,356
₫433,245
₫340,500
₫391,400
₫388,531
₫147,400
₫219,000
₫197,100
₫406,498
₫490,125
₫447,841
₫476,553
₫189,600
₫680,000
₫192,900
₫483,300
₫4,538,888
₫9,000
₫142,700
₫249,165
₫4,450,000
₫338,807
₫209,400
₫411,674
₫196,500
₫163,300
₫108,749
₫521,314
₫512,694
₫428,000
₫501,500
₫551,800
₫759,525
₫214,000
₫479,400
₫364,356
₫182,600
₫510,100
₫665,474
₫339,700
₫359,356
₫433,245
₫340,500
₫391,400
₫388,531
₫147,400
₫219,000
₫197,100
₫406,498
₫490,125
₫447,841
₫476,553
₫189,600
₫680,000
₫192,900
₫483,300
₫4,538,888
₫9,000
₫142,700
₫249,165
₫4,450,000
₫338,807
₫209,400
₫411,674
₫196,500
₫163,300
₫108,749
₫521,314
₫512,694
₫428,000
₫501,500
₫551,800
₫759,525
₫214,000
₫479,400
₫364,356
₫182,600
₫510,100
₫665,474
₫339,700
₫359,356
₫433,245
₫340,500
₫391,400
₫388,531
₫147,400
₫219,000
₫197,100
₫406,498
₫490,125
₫447,841
₫476,553
₫189,600
₫680,000
₫192,900
₫483,300
₫4,538,888
₫9,000
₫142,700
₫249,165
₫4,450,000
₫338,807
₫209,400
₫411,674
₫196,500
₫163,300
₫108,749
₫521,314
₫512,694
₫428,000
₫501,500
₫551,800
₫759,525
₫214,000
₫479,400
₫364,356
₫182,600
₫510,100
₫665,474
₫339,700
₫359,356
₫433,245
₫340,500
₫391,400
₫388,531
₫147,400
₫219,000
₫197,100
₫406,498
₫490,125
₫447,841
₫476,553
₫189,600
₫680,000
₫192,900
₫483,300
₫4,538,888
₫9,000
₫142,700
₫249,165
₫4,450,000
₫338,807
₫209,400
₫411,674
₫196,500
₫163,300
₫108,749
₫521,314
₫512,694
₫428,000
₫501,500
₫551,800
₫759,525
₫214,000
₫479,400
₫364,356
₫182,600
₫510,100
₫665,474
₫339,700
₫359,356
₫433,245
₫340,500
₫391,400
₫388,531
₫147,400
₫219,000
₫197,100
₫406,498
₫490,125
₫447,841
₫476,553
₫189,600
₫680,000
₫192,900
₫483,300
₫4,538,888
₫9,000
₫142,700
₫249,165
₫4,450,000
₫338,807
₫209,400
₫411,674
₫196,500
₫163,300
₫108,749
₫521,314
₫512,694
₫428,000
₫501,500
₫551,800
₫759,525
₫214,000
₫479,400
₫364,356
₫182,600
₫510,100
₫665,474
₫339,700
₫359,356
₫433,245
₫340,500
₫391,400
₫388,531
₫147,400
₫219,000
₫197,100
₫406,498
₫490,125
₫447,841
₫476,553
₫189,600
₫680,000
₫192,900
₫483,300
₫4,538,888
₫9,000
₫142,700
₫249,165
₫4,450,000
₫338,807
₫209,400
₫411,674
₫196,500
₫163,300
₫108,749
₫521,314
₫512,694
₫428,000
₫501,500
₫551,800
₫759,525
₫214,000
₫479,400
₫364,356
₫182,600
₫510,100
₫665,474
₫339,700
₫359,356
₫433,245
₫340,500
₫391,400
₫388,531
₫147,400
₫219,000
₫197,100
₫406,498
₫490,125
₫447,841
₫476,553
₫189,600
₫680,000
₫192,900
₫483,300
₫4,538,888
₫9,000
₫142,700
₫249,165
₫4,450,000
₫338,807
₫209,400
₫411,674
₫196,500
₫163,300
₫108,749
₫521,314
₫512,694
₫428,000
₫501,500
₫551,800
₫759,525
₫214,000
₫479,400
₫364,356
₫182,600
₫510,100
₫665,474
₫339,700
₫359,356
₫433,245
₫340,500
₫391,400
₫388,531
₫147,400
₫219,000
₫197,100
₫406,498
₫490,125
₫447,841
₫476,553
₫189,600
₫680,000
₫192,900
₫483,300
₫4,538,888
₫9,000
₫142,700
₫249,165
₫4,450,000
₫338,807
₫209,400
₫411,674
₫196,500
₫163,300
₫108,749
₫521,314
₫512,694
₫428,000
₫501,500
₫551,800
₫759,525
₫214,000
₫479,400
₫364,356
₫182,600
₫510,100
₫665,474
₫339,700
₫359,356
₫433,245
₫340,500
₫391,400
₫388,531
₫147,400
₫219,000
₫197,100
₫406,498
₫490,125
₫447,841
₫476,553
₫189,600
₫680,000
₫192,900
₫483,300
₫4,538,888
₫9,000
₫142,700
₫249,165
₫4,450,000
₫338,807
₫209,400
₫411,674
₫196,500
₫163,300
₫108,749
₫521,314
₫512,694
₫428,000
₫501,500
₫551,800
₫759,525
₫214,000
₫479,400
₫364,356
₫182,600
₫510,100
₫665,474
₫339,700
₫359,356
₫433,245
₫340,500
₫391,400
₫388,531
₫147,400
₫219,000
₫197,100
₫406,498
₫490,125
₫447,841
₫476,553
₫189,600
₫680,000
₫192,900
₫483,300
₫4,538,888
₫9,000
₫142,700
₫249,165
₫4,450,000
₫338,807
₫209,400
₫411,674
₫196,500
₫163,300
₫108,749
₫521,314
₫512,694
₫428,000
₫501,500
₫551,800
₫759,525
₫214,000
₫479,400
₫364,356
₫182,600
₫510,100
₫665,474
₫339,700
₫359,356
₫433,245
₫340,500
₫391,400
₫388,531
₫147,400
₫219,000
₫197,100
₫406,498
₫490,125
₫447,841
₫476,553
₫189,600
₫680,000
₫192,900
₫483,300
₫4,538,888
₫9,000
₫142,700
₫249,165
₫4,450,000
₫338,807
₫209,400
₫411,674
₫196,500
₫163,300
₫108,749
₫521,314
₫512,694
₫428,000
₫501,500
₫551,800
₫759,525
₫214,000
₫479,400
₫364,356
₫182,600
₫510,100
₫665,474
₫339,700
₫359,356
₫433,245
₫340,500
₫391,400
₫388,531
₫147,400
₫219,000
₫197,100
₫406,498
₫490,125
₫447,841
₫476,553
₫189,600
₫680,000
₫192,900
₫483,300
₫4,538,888
₫9,000
₫142,700
₫249,165
₫4,450,000
₫338,807
₫209,400
₫411,674
₫196,500
₫163,300
₫108,749
₫521,314
₫512,694
₫428,000
₫501,500
₫551,800
₫759,525
₫214,000
₫479,400
₫364,356
₫182,600
₫510,100
₫665,474
₫339,700
₫359,356
₫433,245
₫340,500
₫391,400
₫388,531
₫147,400
₫219,000
₫197,100
₫406,498
₫490,125
₫447,841
₫476,553
₫189,600
₫680,000
₫192,900
₫483,300
₫4,538,888
₫9,000
₫142,700
₫249,165
₫4,450,000
₫338,807
₫209,400
₫411,674
₫196,500
₫163,300
₫108,749
₫521,314
₫512,694
₫428,000
₫501,500
₫551,800
₫759,525
₫214,000
₫479,400
₫364,356
₫182,600
₫510,100
₫665,474
₫339,700
₫359,356
₫433,245
₫340,500
₫391,400
₫388,531
₫147,400
₫219,000
₫197,100
₫406,498
₫490,125
₫447,841
₫476,553
₫189,600
₫680,000
₫192,900
₫483,300
₫4,538,888
₫9,000
₫142,700
₫249,165
₫4,450,000
₫338,807
₫209,400
₫411,674
₫196,500
₫163,300
₫108,749
₫521,314
₫512,694
₫428,000
₫501,500
₫551,800
₫759,525
₫214,000
₫479,400
₫364,356
₫182,600
₫510,100
₫665,474
₫339,700
₫359,356
₫433,245
₫340,500
₫391,400
₫388,531
₫147,400
₫219,000
₫197,100
₫406,498
₫490,125
₫447,841
₫476,553
₫189,600
₫680,000
₫192,900
₫483,300
₫4,538,888
₫9,000
₫142,700
₫249,165
₫4,450,000
₫338,807
₫209,400
₫411,674
₫196,500
₫163,300
₫108,749
₫521,314
₫512,694
₫428,000
₫501,500
₫551,800
₫759,525
₫214,000
₫479,400
₫364,356
₫182,600
₫510,100
₫665,474
₫339,700
₫359,356
₫433,245
₫340,500
₫391,400
₫388,531
₫147,400
₫219,000
₫197,100
₫406,498
₫490,125
₫447,841
₫476,553
₫189,600
₫680,000
₫192,900
₫483,300
₫4,538,888
₫9,000
₫142,700
₫249,165
₫4,450,000
₫338,807
₫209,400
₫411,674
₫196,500
₫163,300
₫108,749
₫521,314
₫512,694
₫428,000
₫501,500
₫551,800
₫759,525
₫214,000
₫479,400
₫364,356
₫182,600
₫510,100
₫665,474
₫339,700
₫359,356
₫433,245
₫340,500
₫391,400
₫388,531
₫147,400
₫219,000
₫197,100
₫406,498
₫490,125
₫447,841
₫476,553
₫189,600
₫680,000
₫192,900
₫483,300
₫4,538,888
₫9,000
₫142,700
₫249,165
₫4,450,000
₫338,807
₫209,400
₫411,674
₫196,500
₫163,300
₫108,749
₫521,314
₫512,694
₫428,000
₫501,500
₫551,800
₫759,525
₫214,000
₫479,400
₫364,356
₫182,600
₫510,100
₫665,474
₫339,700
₫359,356
₫433,245
₫340,500
₫391,400
₫388,531
₫147,400
₫219,000
₫197,100
₫406,498
₫490,125
₫447,841
₫476,553
₫189,600
₫680,000
₫192,900
₫483,300
₫4,538,888
₫9,000
₫142,700
₫249,165
₫4,450,000
₫338,807
₫209,400
₫411,674
₫196,500
₫163,300
₫108,749
₫521,314
₫512,694
₫428,000
₫501,500
₫551,800
₫759,525
₫214,000
₫479,400
₫364,356
₫182,600
₫510,100
₫665,474
₫339,700
₫359,356
₫433,245
₫340,500
₫391,400
₫388,531
₫147,400
₫219,000
₫197,100
₫406,498
₫490,125
₫447,841
₫476,553
₫189,600
₫680,000
₫192,900
₫483,300
₫4,538,888
₫9,000
₫142,700
₫249,165
₫4,450,000
₫338,807
₫209,400
₫411,674
₫196,500
₫163,300
₫108,749
₫521,314
₫512,694
₫428,000
₫501,500
₫551,800
₫759,525
₫214,000
₫479,400
₫364,356
₫182,600
₫510,100
₫665,474
₫339,700
₫359,356
₫433,245
₫340,500
₫391,400
₫388,531
₫147,400
₫219,000
₫197,100
₫406,498
₫490,125
₫447,841
₫476,553
₫189,600
₫680,000
₫192,900
₫483,300
₫4,538,888
₫9,000
₫142,700
₫249,165
₫4,450,000
₫338,807
₫209,400
₫411,674
₫196,500
₫163,300
₫108,749
₫521,314
₫512,694
₫428,000
₫501,500
₫551,800
₫759,525
₫214,000
₫479,400
₫364,356
₫182,600
₫510,100
₫665,474
₫339,700
₫359,356
₫433,245
₫340,500
₫391,400
₫388,531
₫147,400
₫219,000
₫197,100
₫406,498
₫490,125
₫447,841
₫476,553
₫189,600
₫680,000
₫192,900
₫483,300
₫4,538,888
₫9,000
₫142,700
₫249,165
₫4,450,000
₫338,807
₫209,400
₫411,674
₫196,500
₫163,300
₫108,749
₫521,314
₫512,694
₫428,000
₫501,500
₫551,800
₫759,525
₫214,000
₫479,400
₫364,356
₫182,600
₫510,100
₫665,474
₫339,700
₫359,356
₫433,245
₫340,500
₫391,400
₫388,531
₫147,400
₫219,000
₫197,100
₫406,498
₫490,125
₫447,841
₫476,553
₫189,600
₫680,000
₫192,900
₫483,300
₫4,538,888
₫9,000
₫142,700
₫249,165
₫4,450,000
₫338,807
₫209,400
₫411,674
₫196,500
₫163,300
₫108,749
₫521,314
₫512,694
₫428,000
₫501,500
₫551,800
₫759,525
₫214,000
₫479,400
₫364,356
₫182,600
₫510,100
₫665,474
₫339,700
₫359,356
₫433,245
₫340,500
₫391,400
₫388,531
₫147,400
₫219,000
₫197,100
₫406,498
₫490,125
₫447,841
₫476,553
₫189,600
₫680,000
₫192,900
₫483,300
₫4,538,888
₫9,000
₫142,700
₫249,165
₫4,450,000
₫338,807
₫209,400
₫411,674
₫196,500
₫163,300
₫108,749
₫521,314
₫512,694
₫428,000
₫501,500
₫551,800
₫759,525
₫214,000
₫479,400
₫364,356
₫182,600
₫510,100
₫665,474
₫339,700
₫359,356
₫433,245
₫340,500
₫391,400
₫388,531
₫147,400
₫219,000
₫197,100
₫406,498
₫490,125
₫447,841
₫476,553
₫189,600
₫680,000
₫192,900
₫483,300
₫4,538,888
₫9,000
₫142,700
₫249,165
₫4,450,000
₫338,807
₫209,400
₫411,674
₫196,500
₫163,300
₫108,749
₫521,314
₫512,694
₫428,000
₫501,500
₫551,800
₫759,525
₫214,000
₫479,400
₫364,356
₫182,600
₫510,100
₫665,474
₫339,700
₫359,356
₫433,245
₫340,500
₫391,400
₫388,531
₫147,400
₫219,000
₫197,100
₫406,498
₫490,125
₫447,841
₫476,553
₫189,600
₫680,000
₫192,900
₫483,300
₫4,538,888
₫9,000
₫142,700
₫249,165
₫4,450,000
₫338,807
₫209,400
₫411,674
₫196,500
₫163,300
₫108,749
₫521,314
₫512,694
₫428,000
₫501,500
₫551,800
₫759,525
₫214,000
₫479,400
₫364,356
₫182,600
₫510,100
₫665,474
₫339,700
₫359,356
₫433,245
₫340,500
₫391,400
₫388,531
₫147,400
₫219,000
₫197,100
₫406,498
₫490,125
₫447,841
₫476,553
₫189,600
₫680,000
₫192,900
₫483,300
₫4,538,888
₫9,000
₫142,700
₫249,165
₫4,450,000
₫338,807
₫209,400
₫411,674
₫196,500
₫163,300
₫108,749
₫521,314
₫512,694
₫428,000
₫501,500
₫551,800
₫759,525
₫214,000
₫479,400
₫364,356
₫182,600
₫510,100
₫665,474
₫339,700
₫359,356
₫433,245
₫340,500
₫391,400
₫388,531
₫147,400
₫219,000
₫197,100
₫406,498
₫490,125
₫447,841
₫476,553
₫189,600
₫680,000
₫192,900
₫483,300
₫4,538,888
₫9,000
₫142,700
₫249,165
₫4,450,000
₫338,807
₫209,400
₫411,674
₫196,500
₫163,300
₫108,749
₫521,314
₫512,694
₫428,000
₫501,500
₫551,800
₫759,525
₫214,000
₫479,400
₫364,356
₫182,600
₫510,100
₫665,474
₫339,700
₫359,356
₫433,245
₫340,500
₫391,400
₫388,531
₫147,400
₫219,000
₫197,100
₫406,498
₫490,125
₫447,841
₫476,553
₫189,600
₫680,000
₫192,900
₫483,300
₫4,538,888
₫9,000
₫142,700
₫249,165
₫4,450,000
₫338,807
₫209,400
₫411,674
₫196,500
₫163,300
₫108,749
₫521,314
₫512,694
₫428,000
₫501,500
₫551,800
₫759,525
₫214,000
₫479,400
₫364,356
₫182,600
₫510,100
₫665,474
₫339,700
₫359,356
₫433,245
₫340,500
₫391,400
₫388,531
₫147,400
₫219,000
₫197,100
₫406,498
₫490,125
₫447,841
₫476,553
₫189,600
₫680,000
₫192,900
₫483,300
₫4,538,888
₫9,000
₫142,700
₫249,165
₫4,450,000
₫338,807
₫209,400
₫411,674
₫196,500
₫163,300
₫108,749
₫521,314
₫512,694
₫428,000
₫501,500
₫551,800
₫759,525
₫214,000
₫479,400
₫364,356
₫182,600
₫510,100
₫665,474
₫339,700
₫359,356
₫433,245
₫340,500
₫391,400
₫388,531
₫147,400
₫219,000
₫197,100
₫406,498
₫490,125
₫447,841
₫476,553
₫189,600
₫680,000
₫192,900
₫483,300
₫4,538,888
₫9,000
₫142,700
₫249,165
₫4,450,000
₫338,807
₫209,400
₫411,674
₫196,500
₫163,300
₫108,749
₫521,314
₫512,694
₫428,000
₫501,500
₫551,800
₫759,525
₫214,000
₫479,400
₫364,356
₫182,600
₫510,100
₫665,474
₫339,700
₫359,356
₫433,245
₫340,500
₫391,400
₫388,531
₫147,400
₫219,000
₫197,100
₫406,498
₫490,125
₫447,841
₫476,553
₫189,600
₫680,000
₫192,900
₫483,300
₫4,538,888
₫9,000
₫142,700
₫249,165
₫4,450,000
₫338,807
₫209,400
₫411,674
₫196,500
₫163,300
₫108,749
₫521,314
₫512,694
₫428,000
₫501,500
₫551,800
₫759,525
₫214,000
₫479,400
₫364,356
₫182,600
₫510,100
₫665,474
₫339,700
₫359,356
₫433,245
₫340,500
₫391,400
₫388,531
₫147,400
₫219,000
₫197,100
₫406,498
₫490,125
₫447,841
₫476,553
₫189,600
₫680,000
₫192,900
₫483,300
₫4,538,888
₫9,000
₫142,700
₫249,165
₫4,450,000
₫338,807
₫209,400
₫411,674
₫196,500
₫163,300
₫108,749
₫521,314
₫512,694
₫428,000
₫501,500
₫551,800
₫759,525
₫214,000
₫479,400
₫364,356
₫182,600
₫510,100
₫665,474
₫339,700
₫359,356
₫433,245
₫340,500
₫391,400
₫388,531
₫147,400
₫219,000
₫197,100
₫406,498
₫490,125
₫447,841
₫476,553
₫189,600
₫680,000
₫192,900
₫483,300
₫4,538,888
₫9,000
₫142,700
₫249,165
₫4,450,000
₫338,807
₫209,400
₫411,674
₫196,500
₫163,300
₫108,749
₫521,314
₫512,694
₫428,000
₫501,500
₫551,800
₫759,525
₫214,000
₫479,400
₫364,356
₫182,600
₫510,100
₫665,474
₫339,700
₫359,356
₫433,245
₫340,500
₫391,400
₫388,531
₫147,400
₫219,000
₫197,100
₫406,498
₫490,125
₫447,841
₫476,553
₫189,600
₫680,000
₫192,900
₫483,300
₫4,538,888
₫9,000
₫142,700
₫249,165
₫4,450,000
₫338,807
₫209,400
₫411,674
₫196,500
₫163,300
₫108,749
₫521,314
₫512,694
₫428,000
₫501,500
₫551,800
₫759,525
₫214,000
₫479,400
₫364,356
₫182,600
₫510,100
₫665,474
₫339,700
₫359,356
₫433,245
₫340,500
₫391,400
₫388,531
₫147,400
₫219,000
₫197,100
₫406,498
₫490,125
₫447,841
₫476,553
₫189,600
₫680,000
₫192,900
₫483,300
₫4,538,888
₫9,000
₫142,700
₫249,165
₫4,450,000
₫338,807
₫209,400
₫411,674
₫196,500
₫163,300
₫108,749
₫521,314
₫512,694
₫428,000
₫501,500
₫551,800
₫759,525
₫214,000
₫479,400
₫364,356
₫182,600
₫510,100
₫665,474
₫339,700
₫359,356
₫433,245
₫340,500
₫391,400
₫388,531
₫147,400
₫219,000
₫197,100
₫406,498
₫490,125
₫447,841
₫476,553
₫189,600
₫680,000
₫192,900
₫483,300
₫4,538,888
₫9,000
₫142,700
₫249,165
₫4,450,000
₫338,807
₫209,400
₫411,674
₫196,500
₫163,300
₫108,749
₫521,314
₫512,694
₫428,000
₫501,500
₫551,800
₫759,525
₫214,000
₫479,400
₫364,356
₫182,600
₫510,100
₫665,474
₫339,700
₫359,356
₫433,245
₫340,500
₫391,400
₫388,531
₫147,400
₫219,000
₫197,100
₫406,498
₫490,125
₫447,841
₫476,553
₫189,600
₫680,000
₫192,900
₫483,300
₫4,538,888
₫9,000
₫142,700
₫249,165
₫4,450,000
₫338,807
₫209,400
₫411,674
₫196,500
₫163,300
₫108,749
₫521,314
₫512,694
₫428,000
₫501,500
₫551,800
₫759,525
₫214,000
₫479,400
₫364,356
₫182,600
₫510,100
₫665,474
₫339,700
₫359,356
₫433,245
₫340,500
₫391,400
₫388,531
₫147,400
₫219,000
₫197,100
₫406,498
₫490,125
₫447,841
₫476,553
₫189,600
₫680,000
₫192,900
₫483,300
₫4,538,888
₫9,000
₫142,700
₫249,165
₫4,450,000
₫338,807
₫209,400
₫411,674
₫196,500
₫163,300
₫108,749
₫521,314
₫512,694
₫428,000
₫501,500
₫551,800
₫759,525
₫214,000
₫479,400
₫364,356
₫182,600
₫510,100
₫665,474
₫339,700
₫359,356
₫433,245
₫340,500
₫391,400
₫388,531
₫147,400
₫219,000
₫197,100
₫406,498
₫490,125
₫447,841
₫476,553
₫189,600
₫680,000
₫192,900
₫483,300
₫4,538,888
₫9,000
₫142,700
₫249,165
₫4,450,000
₫338,807
₫209,400
₫411,674
₫196,500
₫163,300
₫108,749
₫521,314
₫512,694
₫428,000
₫501,500
₫551,800
₫759,525
₫214,000
₫479,400
₫364,356
₫182,600
₫510,100
₫665,474
₫339,700
₫359,356
₫433,245
₫340,500
₫391,400
₫388,531
₫147,400
₫219,000
₫197,100
₫406,498
₫490,125
₫447,841
₫476,553
₫189,600
₫680,000
₫192,900
₫483,300
₫4,538,888
₫9,000
₫142,700
₫249,165
₫4,450,000
₫338,807
₫209,400
₫411,674
₫196,500
₫163,300
₫108,749
₫521,314
₫512,694
₫428,000
₫501,500
₫551,800
₫759,525
₫214,000
₫479,400
₫364,356
₫182,600
₫510,100
₫665,474
₫339,700
₫359,356
₫433,245
₫340,500
₫391,400
₫388,531
₫147,400
₫219,000
₫197,100
₫406,498
₫490,125
₫447,841
₫476,553
₫189,600
₫680,000
₫192,900
₫483,300
₫4,538,888
₫9,000
₫142,700
₫249,165
₫4,450,000
₫338,807
₫209,400
₫411,674
₫196,500
₫163,300
₫108,749
₫521,314
₫512,694
₫428,000
₫501,500
₫551,800
₫759,525
₫214,000
₫479,400
₫364,356
₫182,600
₫510,100
₫665,474
₫339,700
₫359,356
₫433,245
₫340,500
₫391,400
₫388,531
₫147,400
₫219,000
₫197,100
₫406,498
₫490,125
₫447,841
₫476,553
₫189,600
₫680,000
₫192,900
₫483,300
₫4,538,888
₫9,000
₫142,700
₫249,165
₫4,450,000
₫338,807
₫209,400
₫411,674
₫196,500
₫163,300
₫108,749
₫521,314
₫512,694
₫428,000
₫501,500
₫551,800
₫759,525
₫214,000
₫479,400
₫364,356
₫182,600
₫510,100
₫665,474
₫339,700
₫359,356
₫433,245
₫340,500
₫391,400
₫388,531
₫147,400
₫219,000
₫197,100
₫406,498
₫490,125
₫447,841
₫476,553
₫189,600
₫680,000
₫192,900
₫483,300
₫4,538,888
₫9,000
₫142,700
₫249,165
₫4,450,000
₫338,807
₫209,400
₫411,674
₫196,500
₫163,300
₫108,749
₫521,314
₫512,694
₫428,000
₫501,500
₫551,800
₫759,525
₫214,000
₫479,400
₫364,356
₫182,600
₫510,100
₫665,474
₫339,700
₫359,356
₫433,245
₫340,500
₫391,400
₫388,531
₫147,400
₫219,000
₫197,100
₫406,498
₫490,125
₫447,841
₫476,553
₫189,600
₫680,000
₫192,900
₫483,300
₫4,538,888
₫9,000
₫142,700
₫249,165
₫4,450,000
₫338,807
₫209,400
₫411,674
₫196,500
₫163,300
₫108,749
₫521,314
₫512,694
₫428,000
₫501,500
₫551,800
₫759,525
₫214,000
₫479,400
₫364,356
₫182,600
₫510,100
₫665,474
₫339,700
₫359,356
₫433,245
₫340,500
₫391,400
₫388,531
₫147,400
₫219,000
₫197,100
₫406,498
₫490,125
₫447,841
₫476,553
₫189,600
₫680,000
₫192,900
₫483,300
₫4,538,888
₫9,000
₫142,700
₫249,165
₫4,450,000
₫338,807
₫209,400
₫411,674
₫196,500
₫163,300
₫108,749
₫521,314
₫512,694
₫428,000
₫501,500
₫551,800
₫759,525
₫214,000
₫479,400
₫364,356
₫182,600
₫510,100
₫665,474
₫339,700
₫359,356
₫433,245
₫340,500
₫391,400
₫388,531
₫147,400
₫219,000
₫197,100
₫406,498
₫490,125
₫447,841
₫476,553
₫189,600
₫680,000
₫192,900
₫483,300
₫4,538,888
₫9,000
₫142,700
₫249,165
₫4,450,000
₫338,807
₫209,400
₫411,674
₫196,500
₫163,300
₫108,749
₫521,314
₫512,694
₫428,000
₫501,500
₫551,800
₫759,525
₫214,000
₫479,400
₫364,356
₫182,600
₫510,100
₫665,474
₫339,700
₫359,356
₫433,245
₫340,500
₫391,400
₫388,531
₫147,400
₫219,000
₫197,100
₫406,498
₫490,125
₫447,841
₫476,553
₫189,600
₫680,000
₫192,900
₫483,300
₫4,538,888
₫9,000
₫142,700
₫249,165
₫4,450,000
₫338,807
₫209,400
₫411,674
₫196,500
₫163,300
₫108,749
₫521,314
₫512,694
₫428,000
₫501,500
₫551,800
₫759,525
₫214,000
₫479,400
₫364,356
₫182,600
₫510,100
₫665,474
₫339,700
₫359,356
₫433,245
₫340,500
₫391,400
₫388,531
₫147,400
₫219,000
₫197,100
₫406,498
₫490,125
₫447,841
₫476,553
₫189,600
₫680,000
₫192,900
₫483,300
₫4,538,888
₫9,000
₫142,700
₫249,165
₫4,450,000
₫338,807
₫209,400
₫411,674
₫196,500
₫163,300
₫108,749
₫521,314
₫512,694
₫428,000
₫501,500
₫551,800
₫759,525
₫214,000
₫479,400
₫364,356
₫182,600
₫510,100
₫665,474
₫339,700
₫359,356
₫433,245
₫340,500
₫391,400
₫388,531
₫147,400
₫219,000
₫197,100
₫406,498
₫490,125
₫447,841
₫476,553
₫189,600
₫680,000
₫192,900
₫483,300
₫4,538,888
₫9,000
₫142,700
₫249,165
₫4,450,000
₫338,807
₫209,400
₫411,674
₫196,500
₫163,300
₫108,749
₫521,314
₫512,694
₫428,000
₫501,500
₫551,800
₫759,525
₫214,000
₫479,400
₫364,356
₫182,600
₫510,100
₫665,474
₫339,700
₫359,356
₫433,245
₫340,500
₫391,400
₫388,531
₫147,400
₫219,000
₫197,100
₫406,498
₫490,125
₫447,841
₫476,553
₫189,600
₫680,000
₫192,900
₫483,300
₫4,538,888
₫9,000
₫142,700
₫249,165
₫4,450,000
₫338,807
₫209,400
₫411,674
₫196,500
₫163,300
₫108,749
₫521,314
₫512,694
₫428,000
₫501,500
₫551,800
₫759,525
₫214,000
₫479,400
₫364,356
₫182,600
₫510,100
₫665,474
₫339,700
₫359,356
₫433,245
₫340,500
₫391,400
₫388,531
₫147,400
₫219,000
₫197,100
₫406,498
₫490,125
₫447,841
₫476,553
₫189,600
₫680,000
₫192,900
₫483,300
₫4,538,888
₫9,000
₫142,700
₫249,165
₫4,450,000
₫338,807
₫209,400
₫411,674
₫196,500
₫163,300
₫108,749
₫521,314
₫512,694
₫428,000
₫501,500
₫551,800
₫759,525
₫214,000
₫479,400
₫364,356
₫182,600
₫510,100
₫665,474
₫339,700
₫359,356
₫433,245
₫340,500
₫391,400
₫388,531
₫147,400
₫219,000
₫197,100
₫406,498
₫490,125
₫447,841
₫476,553
₫189,600
₫680,000
₫192,900
₫483,300
₫4,538,888
₫9,000
₫142,700
₫249,165
₫4,450,000
₫338,807
₫209,400
₫411,674
₫196,500
₫163,300
₫108,749
₫521,314
₫512,694
₫428,000
₫501,500
₫551,800
₫759,525
₫214,000
₫479,400
₫364,356
₫182,600
₫510,100
₫665,474
₫339,700
₫359,356
₫433,245
₫340,500
₫391,400
₫388,531
₫147,400
₫219,000
₫197,100
₫406,498
₫490,125
₫447,841
₫476,553
₫189,600
₫680,000
₫192,900
₫483,300
₫4,538,888
₫9,000
₫142,700
₫249,165
₫4,450,000
₫338,807
₫209,400
₫411,674
₫196,500
₫163,300
₫108,749
₫521,314
₫512,694
₫428,000
₫501,500
₫551,800
₫759,525
₫214,000
₫479,400
₫364,356
₫182,600
₫510,100
₫665,474
₫339,700
₫359,356
₫433,245
₫340,500
₫391,400
₫388,531
₫147,400
₫219,000
₫197,100
₫406,498
₫490,125
₫447,841
₫476,553
₫189,600
₫680,000
₫192,900
₫483,300
₫4,538,888
₫9,000
₫142,700
₫249,165
₫4,450,000
₫338,807
₫209,400
₫411,674
₫196,500
₫163,300
₫108,749
₫521,314
₫512,694
₫428,000
₫501,500
₫551,800
₫759,525
₫214,000
₫479,400
₫364,356
₫182,600
₫510,100
₫665,474
₫339,700
₫359,356
₫433,245
₫340,500
₫391,400
₫388,531
₫147,400
₫219,000
₫197,100
₫406,498
₫490,125
₫447,841
₫476,553
₫189,600
₫680,000
₫192,900
₫483,300
₫4,538,888
₫9,000
₫142,700
₫249,165
₫4,450,000
₫338,807
₫209,400
₫411,674
₫196,500
₫163,300
₫108,749
₫521,314
₫512,694
₫428,000
₫501,500
₫551,800
₫759,525
₫214,000
₫479,400
₫364,356
₫182,600
₫510,100
₫665,474
₫339,700
₫359,356
₫433,245
₫340,500
₫391,400
₫388,531
₫147,400
₫219,000
₫197,100
₫406,498
₫490,125
₫447,841
₫476,553
₫189,600
₫680,000
₫192,900
₫483,300
₫4,538,888
₫9,000
₫142,700
₫249,165
₫4,450,000
₫338,807
₫209,400
₫411,674
₫196,500
₫163,300
₫108,749
₫521,314
₫512,694
₫428,000
₫501,500
₫551,800
₫759,525
₫214,000
₫479,400
₫364,356
₫182,600
₫510,100
₫665,474
₫339,700
₫359,356
₫433,245
₫340,500
₫391,400
₫388,531
₫147,400
₫219,000
₫197,100
₫406,498
₫490,125
₫447,841
₫476,553
₫189,600
₫680,000
₫192,900
₫483,300
₫4,538,888
₫9,000
₫142,700
₫249,165
₫4,450,000
₫338,807
₫209,400
₫411,674
₫196,500
₫163,300
₫108,749
₫521,314
₫512,694
₫428,000
₫501,500
₫551,800
₫759,525
₫214,000
₫479,400
₫364,356
₫182,600
₫510,100
₫665,474
₫339,700
₫359,356
₫433,245
₫340,500
₫391,400
₫388,531
₫147,400
₫219,000
₫197,100
₫406,498
₫490,125
₫447,841
₫476,553
₫189,600
₫680,000
₫192,900
₫483,300
₫4,538,888
₫9,000
₫142,700
₫249,165
₫4,450,000
₫338,807
₫209,400
₫411,674
₫196,500
₫163,300
₫108,749
₫521,314
₫512,694
₫428,000
₫501,500
₫551,800
₫759,525
₫214,000
₫479,400
₫364,356
₫182,600
₫510,100
₫665,474
₫339,700
₫359,356
₫433,245
₫340,500
₫391,400
₫388,531
₫147,400
₫219,000
₫197,100
₫406,498
₫490,125
₫447,841
₫476,553
₫189,600
₫680,000
₫192,900
₫483,300
₫4,538,888
₫9,000
₫142,700
₫249,165
₫4,450,000
₫338,807
₫209,400
₫411,674
₫196,500
₫163,300
₫108,749
₫521,314
₫512,694
₫428,000
₫501,500
₫551,800
₫759,525
₫214,000
₫479,400
₫364,356
₫182,600
₫510,100
₫665,474
₫339,700
₫359,356
₫433,245
₫340,500
₫391,400
₫388,531
₫147,400
₫219,000
₫197,100
₫406,498
₫490,125
₫447,841
₫476,553
₫189,600
₫680,000
₫192,900
₫483,300
₫4,538,888
₫9,000
₫142,700
₫249,165
₫4,450,000
₫338,807
₫209,400
₫411,674
₫196,500
₫163,300
₫108,749
₫521,314
₫512,694
₫428,000
₫501,500
₫551,800
₫759,525
₫214,000
₫479,400
₫364,356
₫182,600
₫510,100
₫665,474
₫339,700
₫359,356
₫433,245
₫340,500
₫391,400
₫388,531
₫147,400
₫219,000
₫197,100
₫406,498
₫490,125
₫447,841
₫476,553
₫189,600
₫680,000
₫192,900
₫483,300
₫4,538,888
₫9,000
₫142,700
₫249,165
₫4,450,000
₫338,807
₫209,400
₫411,674
₫196,500
₫163,300
₫108,749
₫521,314
₫512,694
₫428,000
₫501,500
₫551,800
₫759,525
₫214,000
₫479,400
₫364,356
₫182,600
₫510,100
₫665,474
₫339,700
₫359,356
₫433,245
₫340,500
₫391,400
₫388,531
₫147,400
₫219,000
₫197,100
₫406,498
₫490,125
₫447,841
₫476,553
₫189,600
₫680,000
₫192,900
₫483,300
₫4,538,888
₫9,000
₫142,700
₫249,165
₫4,450,000
₫338,807
₫209,400
₫411,674
₫196,500
₫163,300
₫108,749
₫521,314
₫512,694
₫428,000
₫501,500
₫551,800
₫759,525
₫214,000
₫479,400
₫364,356
₫182,600
₫510,100
₫665,474
₫339,700
₫359,356
₫433,245
₫340,500
₫391,400
₫388,531
₫147,400
₫219,000
₫197,100
₫406,498
₫490,125
₫447,841
₫476,553
₫189,600
₫680,000
₫192,900
₫483,300
₫4,538,888
₫9,000
₫142,700
₫249,165
₫4,450,000
₫338,807
₫209,400
₫411,674
₫196,500
₫163,300
₫108,749
₫521,314
₫512,694
₫428,000
₫501,500
₫551,800
₫759,525
₫214,000
₫479,400
₫364,356
₫182,600
₫510,100
₫665,474
₫339,700
₫359,356
₫433,245
₫340,500
₫391,400
₫388,531
₫147,400
₫219,000
₫197,100
₫406,498
₫490,125
₫447,841
₫476,553
₫189,600
₫680,000
₫192,900
₫483,300
₫4,538,888
₫9,000
₫142,700
₫249,165
₫4,450,000
₫338,807
₫209,400
₫411,674
₫196,500
₫163,300
₫108,749
₫521,314
₫512,694
₫428,000
₫501,500
₫551,800
₫759,525
₫214,000
₫479,400
₫364,356
₫182,600
₫510,100
₫665,474
₫339,700
₫359,356
₫433,245
₫340,500
₫391,400
₫388,531
₫147,400
₫219,000
₫197,100
₫406,498
₫490,125
₫447,841
₫476,553
₫189,600
₫680,000
₫192,900
₫483,300
₫4,538,888
₫9,000
₫142,700
₫249,165
₫4,450,000
₫338,807
₫209,400
₫411,674
₫196,500
₫163,300
₫108,749
₫521,314
₫512,694
₫428,000
₫501,500
₫551,800
₫759,525
₫214,000
₫479,400
₫364,356
₫182,600
₫510,100
₫665,474
₫339,700
₫359,356
₫433,245
₫340,500
₫391,400
₫388,531
₫147,400
₫219,000
₫197,100
₫406,498
₫490,125
₫447,841
₫476,553
₫189,600
₫680,000
₫192,900
₫483,300
₫4,538,888
₫9,000
₫142,700
₫249,165
₫4,450,000
₫338,807
₫209,400
₫411,674
₫196,500
₫163,300
₫108,749
₫521,314
₫512,694
₫428,000
₫501,500
₫551,800
₫759,525
₫214,000
₫479,400
₫364,356
₫182,600
₫510,100
₫665,474
₫339,700
₫359,356
₫433,245
₫340,500
₫391,400
₫388,531
₫147,400
₫219,000
₫197,100
₫406,498
₫490,125
₫447,841
₫476,553
₫189,600
₫680,000
₫192,900
₫483,300
₫4,538,888
₫9,000
₫142,700
₫249,165
₫4,450,000
₫338,807
₫209,400
₫411,674
₫196,500
₫163,300
₫108,749
₫521,314
₫512,694
₫428,000
₫501,500
₫551,800
₫759,525
₫214,000
₫479,400
₫364,356
₫182,600
₫510,100
₫665,474
₫339,700
₫359,356
₫433,245
₫340,500
₫391,400
₫388,531
₫147,400
₫219,000
₫197,100
₫406,498
₫490,125
₫447,841
₫476,553
₫189,600
₫680,000
₫192,900
₫483,300
₫4,538,888
₫9,000
₫142,700
₫249,165
₫4,450,000
₫338,807
₫209,400
₫411,674
₫196,500
₫163,300
₫108,749
₫521,314
₫512,694
₫428,000
₫501,500
₫551,800
₫759,525
₫214,000
₫479,400
₫364,356
₫182,600
₫510,100
₫665,474
₫339,700
₫359,356
₫433,245
₫340,500
₫391,400
₫388,531
₫147,400
₫219,000
₫197,100
₫406,498
₫490,125
₫447,841
₫476,553
₫189,600
₫680,000
₫192,900
₫483,300
₫4,538,888
₫9,000
₫142,700
₫249,165
₫4,450,000
₫338,807
₫209,400
₫411,674
₫196,500
₫163,300
₫108,749
₫521,314
₫512,694
₫428,000
₫501,500
₫551,800
₫759,525
₫214,000
₫479,400
₫364,356
₫182,600
₫510,100
₫665,474
₫339,700
₫359,356
₫433,245
₫340,500
₫391,400
₫388,531
₫147,400
₫219,000
₫197,100
₫406,498
₫490,125
₫447,841
₫476,553
₫189,600
₫680,000
₫192,900
₫483,300
₫4,538,888
₫9,000
₫142,700
₫249,165
₫4,450,000
₫338,807
₫209,400
₫411,674
₫196,500
₫163,300
₫108,749
₫521,314
₫512,694
₫428,000
₫501,500
₫551,800
₫759,525
₫214,000
₫479,400
₫364,356
₫182,600
₫510,100
₫665,474
₫339,700
₫359,356
₫433,245
₫340,500
₫391,400
₫388,531
₫147,400
₫219,000
₫197,100
₫406,498
₫490,125
₫447,841
₫476,553
₫189,600
₫680,000
₫192,900
₫483,300
₫4,538,888
₫9,000
₫142,700
₫249,165
₫4,450,000
₫338,807
₫209,400
₫411,674
₫196,500
₫163,300
₫108,749
₫521,314
₫512,694
₫428,000
₫501,500
₫551,800
₫759,525
₫214,000
₫479,400
₫364,356
₫182,600
₫510,100
₫665,474
₫339,700
₫359,356
₫433,245
₫340,500
₫391,400
₫388,531
₫147,400
₫219,000
₫197,100
₫406,498
₫490,125
₫447,841
₫476,553
₫189,600
₫680,000
₫192,900
₫483,300
₫4,538,888
₫9,000
₫142,700
₫249,165
₫4,450,000
₫338,807
₫209,400
₫411,674
₫196,500
₫163,300
₫108,749
₫521,314
₫512,694
₫428,000
₫501,500
₫551,800
₫759,525
₫214,000
₫479,400
₫364,356
₫182,600
₫510,100
₫665,474
₫339,700
₫359,356
₫433,245
₫340,500
₫391,400
₫388,531
₫147,400
₫219,000
₫197,100
₫406,498
₫490,125
₫447,841
₫476,553
₫189,600
₫680,000
₫192,900
₫483,300
₫4,538,888
₫9,000
₫142,700
₫249,165
₫4,450,000
₫338,807
₫209,400
₫411,674
₫196,500
₫163,300
₫108,749
₫521,314
₫512,694
₫428,000
₫501,500
₫551,800
₫759,525
₫214,000
₫479,400
₫364,356
₫182,600
₫510,100
₫665,474
₫339,700
₫359,356
₫433,245
₫340,500
₫391,400
₫388,531
₫147,400
₫219,000
₫197,100
₫406,498
₫490,125
₫447,841
₫476,553
₫189,600
₫680,000
₫192,900
₫483,300
₫4,538,888
₫9,000
₫142,700
₫249,165
₫4,450,000
₫338,807
₫209,400
₫411,674
₫196,500
₫163,300
₫108,749
₫521,314
₫512,694
₫428,000
₫501,500
₫551,800
₫759,525
₫214,000
₫479,400
₫364,356
₫182,600
₫510,100
₫665,474
₫339,700
₫359,356
₫433,245
₫340,500
₫391,400
₫388,531
₫147,400
₫219,000
₫197,100
₫406,498
₫490,125
₫447,841
₫476,553
₫189,600
₫680,000
₫192,900
₫483,300
₫4,538,888
₫9,000
₫142,700
₫249,165
₫4,450,000
₫338,807
₫209,400
₫411,674
₫196,500
₫163,300
₫108,749
₫521,314
₫512,694
₫428,000
₫501,500
₫551,800
₫759,525
₫214,000
₫479,400
₫364,356
₫182,600
₫510,100
₫665,474
₫339,700
₫359,356
₫433,245
₫340,500
₫391,400
₫388,531
₫147,400
₫219,000
₫197,100
₫406,498
₫490,125
₫447,841
₫476,553
₫189,600
₫680,000
₫192,900
₫483,300
₫4,538,888
₫9,000
₫142,700
₫249,165
₫4,450,000
₫338,807
₫209,400
₫411,674
₫196,500
₫163,300
₫108,749
₫521,314
₫512,694
₫428,000
₫501,500
₫551,800
₫759,525
₫214,000
₫479,400
₫364,356
₫182,600
₫510,100
₫665,474
₫339,700
₫359,356
₫433,245
₫340,500
₫391,400
₫388,531
₫147,400
₫219,000
₫197,100
₫406,498
₫490,125
₫447,841
₫476,553
₫189,600
₫680,000
₫192,900
₫483,300
₫4,538,888
₫9,000
₫142,700
₫249,165
₫4,450,000
₫338,807
₫209,400
₫411,674
₫196,500
₫163,300
₫108,749
₫521,314
₫512,694
₫428,000
₫501,500
₫551,800
₫759,525
₫214,000
₫479,400
₫364,356
₫182,600
₫510,100
₫665,474
₫339,700
₫359,356
₫433,245
₫340,500
₫391,400
₫388,531
₫147,400
₫219,000
₫197,100
₫406,498
₫490,125
₫447,841
₫476,553
₫189,600
₫680,000
₫192,900
₫483,300
₫4,538,888
₫9,000
₫142,700
₫249,165
₫4,450,000
₫338,807
₫209,400
₫411,674
₫196,500
₫163,300
₫108,749
₫521,314
₫512,694
₫428,000
₫501,500
₫551,800
₫759,525
₫214,000
₫479,400
₫364,356
₫182,600
₫510,100
₫665,474
₫339,700
₫359,356
₫433,245
₫340,500
₫391,400
₫388,531
₫147,400
₫219,000
₫197,100
₫406,498
₫490,125
₫447,841
₫476,553
₫189,600
₫680,000
₫192,900
₫483,300
₫4,538,888
₫9,000
₫142,700
₫249,165
₫4,450,000
₫338,807
₫209,400
₫411,674
₫196,500
₫163,300
₫108,749
₫521,314
₫512,694
₫428,000
₫501,500
₫551,800
₫759,525
₫214,000
₫479,400
₫364,356
₫182,600
₫510,100
₫665,474
₫339,700
₫359,356
₫433,245
₫340,500
₫391,400
₫388,531
₫147,400
₫219,000
₫197,100
₫406,498
₫490,125
₫447,841
₫476,553
₫189,600
₫680,000
₫192,900
₫483,300
₫4,538,888
₫9,000
₫142,700
₫249,165
₫4,450,000
₫338,807
₫209,400
₫411,674
₫196,500
₫163,300
₫108,749
₫521,314
₫512,694
₫428,000
₫501,500
₫551,800
₫759,525
₫214,000
₫479,400
₫364,356
₫182,600
₫510,100
₫665,474
₫339,700
₫359,356
₫433,245
₫340,500
₫391,400
₫388,531
₫147,400
₫219,000
₫197,100
₫406,498
₫490,125
₫447,841
₫476,553
₫189,600
₫680,000
₫192,900
₫483,300
₫4,538,888
₫9,000
₫142,700
₫249,165
₫4,450,000
₫338,807
₫209,400
₫411,674
₫196,500
₫163,300
₫108,749
₫521,314
