₫300,000
₫368,750
₫499,000
₫5,850,000
₫189,000
₫249,000
₫400,000
₫70,000
₫190,000
₫83,000
₫369,000
₫65,000
₫38,000
₫69,000
₫69,000
₫75,000
₫250,000
₫50,000
₫258,000
₫299,000
₫70,000
₫299,000
₫911,783
₫278,000
₫200,000
₫290,000
₫83,000
₫18,000
₫18,000
₫19,000
₫53,000
₫59,000
₫20,000
₫93,000
₫20,000
₫166,999
₫20,000
₫60,000
₫167,000
₫34,369
₫300,000
₫368,750
₫499,000
₫5,850,000
₫189,000
₫249,000
₫400,000
₫70,000
₫190,000
₫83,000
₫369,000
₫65,000
₫38,000
₫69,000
₫69,000
₫75,000
₫250,000
₫50,000
₫258,000
₫299,000
₫70,000
₫299,000
₫911,783
₫278,000
₫200,000
₫290,000
₫83,000
₫18,000
₫18,000
₫19,000
₫53,000
₫59,000
₫20,000
₫93,000
₫20,000
₫166,999
₫20,000
₫60,000
₫167,000
₫34,369
