₫6,500,000
₫15,900,000
₫3,400,000
₫700,000
₫6,500,000
₫2,500,000
₫5,500,000
₫15,500,000
₫7,900,000
₫1,400,000
₫1,300,000
₫350,000
₫8,500,000
₫2,700,000
₫285,000
₫800,000
₫9,500,000
₫16,900,000
₫27,300,000
₫9,958,000
₫2,200,000
₫850,000
₫246,500
₫5,000,000
₫15,000
₫14,500,000
₫67,000
₫3,000,000
₫230,000
₫3,900,000
₫22,200,000
₫2,700,000
₫600,000
₫470,000
₫2,700,000
₫155,000
₫3,150,000
₫155,000
₫25,000,000
₫220,000
₫6,500,000
₫15,900,000
₫3,400,000
₫700,000
₫6,500,000
₫2,500,000
₫5,500,000
₫15,500,000
₫7,900,000
₫1,400,000
₫1,300,000
₫350,000
₫8,500,000
₫2,700,000
₫285,000
₫800,000
₫9,500,000
₫16,900,000
₫27,300,000
₫9,958,000
₫2,200,000
₫850,000
₫246,500
₫5,000,000
₫15,000
₫14,500,000
₫67,000
₫3,000,000
₫230,000
₫3,900,000
₫22,200,000
₫2,700,000
₫600,000
₫470,000
₫2,700,000
₫155,000
₫3,150,000
₫155,000
₫25,000,000
₫220,000
₫6,500,000
₫15,900,000
₫3,400,000
₫700,000
₫6,500,000
₫2,500,000
₫5,500,000
₫15,500,000
₫7,900,000
₫1,400,000
₫1,300,000
₫350,000
₫8,500,000
₫2,700,000
₫285,000
₫800,000
₫9,500,000
₫16,900,000
₫27,300,000
₫9,958,000
₫2,200,000
₫850,000
₫246,500
₫5,000,000
₫15,000
₫14,500,000
₫67,000
₫3,000,000
₫230,000
₫3,900,000
₫22,200,000
₫2,700,000
₫600,000
₫470,000
₫2,700,000
₫155,000
₫3,150,000
₫155,000
₫25,000,000
₫220,000
₫6,500,000
₫15,900,000
₫3,400,000
₫700,000
₫6,500,000
₫2,500,000
₫5,500,000
₫15,500,000
₫7,900,000
₫1,400,000
₫1,300,000
₫350,000
₫8,500,000
₫2,700,000
₫285,000
₫800,000
₫9,500,000
₫16,900,000
₫27,300,000
₫9,958,000
₫2,200,000
₫850,000
₫246,500
₫5,000,000
₫15,000
₫14,500,000
₫67,000
₫3,000,000
₫230,000
₫3,900,000
₫22,200,000
₫2,700,000
₫600,000
₫470,000
₫2,700,000
₫155,000
₫3,150,000
₫155,000
₫25,000,000
₫220,000
