₫23,690,000
₫15,090,000
₫10,290,000
₫14,690,000
₫15,090,000
₫15,090,000
₫23,290,000
₫18,690,000
₫28,990,000
₫22,950,000
₫9,590,000
₫14,090,000
₫26,690,000
₫9,500,000
₫27,290,000
₫20,890,000
₫11,150,000
₫22,390,000
₫13,500,000
₫13,690,000
₫21,890,000
₫16,790,000
₫15,000,000
₫191,000
₫51,120,000
₫23,590,000
₫87,000
₫25,990,000
₫25,090,000
₫10,090,000
₫49,190,000
₫20,198,800
₫18,200,000
₫6,900,000
₫31,490,000
₫14,690,000
₫14,950,000
₫219,000
₫19,700,000
₫25,390,000
₫23,690,000
₫15,090,000
₫10,290,000
₫14,690,000
₫15,090,000
₫15,090,000
₫23,290,000
₫18,690,000
₫28,990,000
₫22,950,000
₫9,590,000
₫14,090,000
₫26,690,000
₫9,500,000
₫27,290,000
₫20,890,000
₫11,150,000
₫22,390,000
₫13,500,000
₫13,690,000
₫21,890,000
₫16,790,000
₫15,000,000
₫191,000
₫51,120,000
₫23,590,000
₫87,000
₫25,990,000
₫25,090,000
₫10,090,000
₫49,190,000
₫20,198,800
₫18,200,000
₫6,900,000
₫31,490,000
₫14,690,000
₫14,950,000
₫219,000
₫19,700,000
₫25,390,000
₫23,690,000
₫15,090,000
₫10,290,000
₫14,690,000
₫15,090,000
₫15,090,000
₫23,290,000
₫18,690,000
₫28,990,000
₫22,950,000
₫9,590,000
₫14,090,000
₫26,690,000
₫9,500,000
₫27,290,000
₫20,890,000
₫11,150,000
₫22,390,000
₫13,500,000
₫13,690,000
₫21,890,000
₫16,790,000
₫15,000,000
₫191,000
₫51,120,000
₫23,590,000
₫87,000
₫25,990,000
₫25,090,000
₫10,090,000
₫49,190,000
₫20,198,800
₫18,200,000
₫6,900,000
₫31,490,000
₫14,690,000
₫14,950,000
₫219,000
₫19,700,000
₫25,390,000
₫23,690,000
₫15,090,000
₫10,290,000
₫14,690,000
₫15,090,000
₫15,090,000
₫23,290,000
₫18,690,000
₫28,990,000
₫22,950,000
₫9,590,000
₫14,090,000
₫26,690,000
₫9,500,000
₫27,290,000
₫20,890,000
₫11,150,000
₫22,390,000
₫13,500,000
₫13,690,000
₫21,890,000
₫16,790,000
₫15,000,000
₫191,000
₫51,120,000
₫23,590,000
₫87,000
₫25,990,000
₫25,090,000
₫10,090,000
₫49,190,000
₫20,198,800
₫18,200,000
₫6,900,000
₫31,490,000
₫14,690,000
₫14,950,000
₫219,000
₫19,700,000
₫25,390,000
₫23,690,000
₫15,090,000
₫10,290,000
₫14,690,000
₫15,090,000
₫15,090,000
₫23,290,000
₫18,690,000
₫28,990,000
₫22,950,000
₫9,590,000
₫14,090,000
₫26,690,000
₫9,500,000
₫27,290,000
₫20,890,000
₫11,150,000
₫22,390,000
₫13,500,000
₫13,690,000
₫21,890,000
₫16,790,000
₫15,000,000
₫191,000
₫51,120,000
₫23,590,000
₫87,000
₫25,990,000
₫25,090,000
₫10,090,000
₫49,190,000
₫20,198,800
₫18,200,000
₫6,900,000
₫31,490,000
₫14,690,000
₫14,950,000
₫219,000
₫19,700,000
₫25,390,000
₫23,690,000
₫15,090,000
₫10,290,000
₫14,690,000
₫15,090,000
₫15,090,000
₫23,290,000
₫18,690,000
₫28,990,000
₫22,950,000
₫9,590,000
₫14,090,000
₫26,690,000
₫9,500,000
₫27,290,000
₫20,890,000
₫11,150,000
₫22,390,000
₫13,500,000
₫13,690,000
₫21,890,000
₫16,790,000
₫15,000,000
₫191,000
₫51,120,000
₫23,590,000
₫87,000
₫25,990,000
₫25,090,000
₫10,090,000
₫49,190,000
₫20,198,800
₫18,200,000
₫6,900,000
₫31,490,000
₫14,690,000
₫14,950,000
₫219,000
₫19,700,000
₫25,390,000
₫23,690,000
₫15,090,000
₫10,290,000
₫14,690,000
₫15,090,000
₫15,090,000
₫23,290,000
₫18,690,000
₫28,990,000
₫22,950,000
₫9,590,000
₫14,090,000
₫26,690,000
₫9,500,000
₫27,290,000
₫20,890,000
₫11,150,000
₫22,390,000
₫13,500,000
₫13,690,000
₫21,890,000
₫16,790,000
₫15,000,000
₫191,000
₫51,120,000
₫23,590,000
₫87,000
₫25,990,000
₫25,090,000
₫10,090,000
₫49,190,000
₫20,198,800
₫18,200,000
₫6,900,000
₫31,490,000
₫14,690,000
₫14,950,000
₫219,000
₫19,700,000
₫25,390,000
₫23,690,000
₫15,090,000
₫10,290,000
₫14,690,000
₫15,090,000
₫15,090,000
₫23,290,000
₫18,690,000
₫28,990,000
₫22,950,000
₫9,590,000
₫14,090,000
₫26,690,000
₫9,500,000
₫27,290,000
₫20,890,000
₫11,150,000
₫22,390,000
₫13,500,000
₫13,690,000
₫21,890,000
₫16,790,000
₫15,000,000
₫191,000
₫51,120,000
₫23,590,000
₫87,000
₫25,990,000
₫25,090,000
₫10,090,000
₫49,190,000
₫20,198,800
₫18,200,000
₫6,900,000
₫31,490,000
₫14,690,000
₫14,950,000
₫219,000
₫19,700,000
₫25,390,000
₫23,690,000
₫15,090,000
₫10,290,000
₫14,690,000
₫15,090,000
₫15,090,000
₫23,290,000
₫18,690,000
₫28,990,000
₫22,950,000
₫9,590,000
₫14,090,000
₫26,690,000
₫9,500,000
₫27,290,000
₫20,890,000
₫11,150,000
₫22,390,000
₫13,500,000
₫13,690,000
₫21,890,000
₫16,790,000
₫15,000,000
₫191,000
₫51,120,000
₫23,590,000
₫87,000
₫25,990,000
₫25,090,000
₫10,090,000
₫49,190,000
₫20,198,800
₫18,200,000
₫6,900,000
₫31,490,000
₫14,690,000
₫14,950,000
₫219,000
₫19,700,000
₫25,390,000
₫23,690,000
₫15,090,000
₫10,290,000
₫14,690,000
₫15,090,000
₫15,090,000
₫23,290,000
₫18,690,000
₫28,990,000
₫22,950,000
₫9,590,000
₫14,090,000
₫26,690,000
₫9,500,000
₫27,290,000
₫20,890,000
₫11,150,000
₫22,390,000
₫13,500,000
₫13,690,000
₫21,890,000
₫16,790,000
₫15,000,000
₫191,000
₫51,120,000
₫23,590,000
₫87,000
₫25,990,000
₫25,090,000
₫10,090,000
₫49,190,000
₫20,198,800
₫18,200,000
₫6,900,000
₫31,490,000
₫14,690,000
₫14,950,000
₫219,000
₫19,700,000
₫25,390,000
₫23,690,000
₫15,090,000
₫10,290,000
₫14,690,000
₫15,090,000
₫15,090,000
₫23,290,000
₫18,690,000
₫28,990,000
₫22,950,000
₫9,590,000
₫14,090,000
₫26,690,000
₫9,500,000
₫27,290,000
₫20,890,000
₫11,150,000
₫22,390,000
₫13,500,000
₫13,690,000
₫21,890,000
₫16,790,000
₫15,000,000
₫191,000
₫51,120,000
₫23,590,000
₫87,000
₫25,990,000
₫25,090,000
₫10,090,000
₫49,190,000
₫20,198,800
₫18,200,000
₫6,900,000
₫31,490,000
₫14,690,000
₫14,950,000
₫219,000
₫19,700,000
₫25,390,000
₫23,690,000
₫15,090,000
₫10,290,000
₫14,690,000
₫15,090,000
₫15,090,000
₫23,290,000
₫18,690,000
₫28,990,000
₫22,950,000
₫9,590,000
₫14,090,000
₫26,690,000
₫9,500,000
₫27,290,000
₫20,890,000
₫11,150,000
₫22,390,000
₫13,500,000
₫13,690,000
₫21,890,000
₫16,790,000
₫15,000,000
₫191,000
₫51,120,000
₫23,590,000
₫87,000
₫25,990,000
₫25,090,000
₫10,090,000
₫49,190,000
₫20,198,800
₫18,200,000
₫6,900,000
₫31,490,000
₫14,690,000
₫14,950,000
₫219,000
₫19,700,000
₫25,390,000
₫23,690,000
₫15,090,000
₫10,290,000
₫14,690,000
₫15,090,000
₫15,090,000
₫23,290,000
₫18,690,000
₫28,990,000
₫22,950,000
₫9,590,000
₫14,090,000
₫26,690,000
₫9,500,000
₫27,290,000
₫20,890,000
₫11,150,000
₫22,390,000
₫13,500,000
₫13,690,000
₫21,890,000
₫16,790,000
₫15,000,000
₫191,000
₫51,120,000
₫23,590,000
₫87,000
₫25,990,000
₫25,090,000
₫10,090,000
₫49,190,000
₫20,198,800
₫18,200,000
₫6,900,000
₫31,490,000
₫14,690,000
₫14,950,000
₫219,000
₫19,700,000
₫25,390,000
₫23,690,000
₫15,090,000
₫10,290,000
₫14,690,000
₫15,090,000
₫15,090,000
₫23,290,000
₫18,690,000
₫28,990,000
₫22,950,000
₫9,590,000
₫14,090,000
₫26,690,000
₫9,500,000
₫27,290,000
₫20,890,000
₫11,150,000
₫22,390,000
₫13,500,000
₫13,690,000
₫21,890,000
₫16,790,000
₫15,000,000
₫191,000
₫51,120,000
₫23,590,000
₫87,000
₫25,990,000
₫25,090,000
₫10,090,000
₫49,190,000
₫20,198,800
₫18,200,000
₫6,900,000
₫31,490,000
₫14,690,000
₫14,950,000
₫219,000
₫19,700,000
₫25,390,000
₫23,690,000
₫15,090,000
₫10,290,000
₫14,690,000
₫15,090,000
₫15,090,000
₫23,290,000
₫18,690,000
₫28,990,000
₫22,950,000
₫9,590,000
₫14,090,000
₫26,690,000
₫9,500,000
₫27,290,000
₫20,890,000
₫11,150,000
₫22,390,000
₫13,500,000
₫13,690,000
₫21,890,000
₫16,790,000
₫15,000,000
₫191,000
₫51,120,000
₫23,590,000
₫87,000
₫25,990,000
₫25,090,000
₫10,090,000
₫49,190,000
₫20,198,800
₫18,200,000
₫6,900,000
₫31,490,000
₫14,690,000
₫14,950,000
₫219,000
₫19,700,000
₫25,390,000
₫23,690,000
₫15,090,000
₫10,290,000
₫14,690,000
₫15,090,000
₫15,090,000
₫23,290,000
₫18,690,000
₫28,990,000
₫22,950,000
₫9,590,000
₫14,090,000
₫26,690,000
₫9,500,000
₫27,290,000
₫20,890,000
₫11,150,000
₫22,390,000
₫13,500,000
₫13,690,000
₫21,890,000
₫16,790,000
₫15,000,000
₫191,000
₫51,120,000
₫23,590,000
₫87,000
₫25,990,000
₫25,090,000
₫10,090,000
₫49,190,000
₫20,198,800
₫18,200,000
₫6,900,000
₫31,490,000
₫14,690,000
₫14,950,000
₫219,000
₫19,700,000
₫25,390,000
₫23,690,000
₫15,090,000
₫10,290,000
₫14,690,000
₫15,090,000
₫15,090,000
₫23,290,000
₫18,690,000
₫28,990,000
₫22,950,000
₫9,590,000
₫14,090,000
₫26,690,000
₫9,500,000
₫27,290,000
₫20,890,000
₫11,150,000
₫22,390,000
₫13,500,000
₫13,690,000
₫21,890,000
₫16,790,000
₫15,000,000
₫191,000
₫51,120,000
₫23,590,000
₫87,000
₫25,990,000
₫25,090,000
₫10,090,000
₫49,190,000
₫20,198,800
₫18,200,000
₫6,900,000
₫31,490,000
₫14,690,000
₫14,950,000
₫219,000
₫19,700,000
₫25,390,000
₫23,690,000
₫15,090,000
₫10,290,000
₫14,690,000
₫15,090,000
₫15,090,000
₫23,290,000
₫18,690,000
₫28,990,000
₫22,950,000
₫9,590,000
₫14,090,000
₫26,690,000
₫9,500,000
₫27,290,000
₫20,890,000
₫11,150,000
₫22,390,000
₫13,500,000
₫13,690,000
₫21,890,000
₫16,790,000
₫15,000,000
₫191,000
₫51,120,000
₫23,590,000
₫87,000
₫25,990,000
₫25,090,000
₫10,090,000
₫49,190,000
₫20,198,800
₫18,200,000
₫6,900,000
₫31,490,000
₫14,690,000
₫14,950,000
₫219,000
₫19,700,000
₫25,390,000
₫23,690,000
₫15,090,000
₫10,290,000
₫14,690,000
₫15,090,000
₫15,090,000
₫23,290,000
₫18,690,000
₫28,990,000
₫22,950,000
₫9,590,000
₫14,090,000
₫26,690,000
₫9,500,000
₫27,290,000
₫20,890,000
₫11,150,000
₫22,390,000
₫13,500,000
₫13,690,000
₫21,890,000
₫16,790,000
₫15,000,000
₫191,000
₫51,120,000
₫23,590,000
₫87,000
₫25,990,000
₫25,090,000
₫10,090,000
₫49,190,000
₫20,198,800
₫18,200,000
₫6,900,000
₫31,490,000
₫14,690,000
₫14,950,000
₫219,000
₫19,700,000
₫25,390,000
₫23,690,000
₫15,090,000
₫10,290,000
₫14,690,000
₫15,090,000
₫15,090,000
₫23,290,000
₫18,690,000
₫28,990,000
₫22,950,000
₫9,590,000
₫14,090,000
₫26,690,000
₫9,500,000
₫27,290,000
₫20,890,000
₫11,150,000
₫22,390,000
₫13,500,000
₫13,690,000
₫21,890,000
₫16,790,000
₫15,000,000
₫191,000
₫51,120,000
₫23,590,000
₫87,000
₫25,990,000
₫25,090,000
₫10,090,000
₫49,190,000
₫20,198,800
₫18,200,000
₫6,900,000
₫31,490,000
₫14,690,000
₫14,950,000
₫219,000
₫19,700,000
₫25,390,000
₫23,690,000
₫15,090,000
₫10,290,000
₫14,690,000
₫15,090,000
₫15,090,000
₫23,290,000
₫18,690,000
₫28,990,000
₫22,950,000
₫9,590,000
₫14,090,000
₫26,690,000
₫9,500,000
₫27,290,000
₫20,890,000
₫11,150,000
₫22,390,000
₫13,500,000
₫13,690,000
₫21,890,000
₫16,790,000
₫15,000,000
₫191,000
₫51,120,000
₫23,590,000
₫87,000
₫25,990,000
₫25,090,000
₫10,090,000
₫49,190,000
₫20,198,800
₫18,200,000
₫6,900,000
₫31,490,000
₫14,690,000
₫14,950,000
₫219,000
₫19,700,000
₫25,390,000
₫23,690,000
₫15,090,000
₫10,290,000
₫14,690,000
₫15,090,000
₫15,090,000
₫23,290,000
₫18,690,000
₫28,990,000
₫22,950,000
₫9,590,000
₫14,090,000
₫26,690,000
₫9,500,000
₫27,290,000
₫20,890,000
₫11,150,000
₫22,390,000
₫13,500,000
₫13,690,000
₫21,890,000
₫16,790,000
₫15,000,000
₫191,000
₫51,120,000
₫23,590,000
₫87,000
₫25,990,000
₫25,090,000
₫10,090,000
₫49,190,000
₫20,198,800
₫18,200,000
₫6,900,000
₫31,490,000
₫14,690,000
₫14,950,000
₫219,000
₫19,700,000
₫25,390,000
₫23,690,000
₫15,090,000
₫10,290,000
₫14,690,000
₫15,090,000
₫15,090,000
₫23,290,000
₫18,690,000
₫28,990,000
₫22,950,000
₫9,590,000
₫14,090,000
₫26,690,000
₫9,500,000
₫27,290,000
₫20,890,000
₫11,150,000
₫22,390,000
₫13,500,000
₫13,690,000
₫21,890,000
₫16,790,000
₫15,000,000
₫191,000
₫51,120,000
₫23,590,000
₫87,000
₫25,990,000
₫25,090,000
₫10,090,000
₫49,190,000
₫20,198,800
₫18,200,000
₫6,900,000
₫31,490,000
₫14,690,000
₫14,950,000
₫219,000
₫19,700,000
₫25,390,000
₫23,690,000
₫15,090,000
₫10,290,000
₫14,690,000
₫15,090,000
₫15,090,000
₫23,290,000
₫18,690,000
₫28,990,000
₫22,950,000
₫9,590,000
₫14,090,000
₫26,690,000
₫9,500,000
₫27,290,000
₫20,890,000
₫11,150,000
₫22,390,000
₫13,500,000
₫13,690,000
₫21,890,000
₫16,790,000
₫15,000,000
₫191,000
₫51,120,000
₫23,590,000
₫87,000
₫25,990,000
₫25,090,000
₫10,090,000
₫49,190,000
₫20,198,800
₫18,200,000
₫6,900,000
₫31,490,000
₫14,690,000
₫14,950,000
₫219,000
₫19,700,000
₫25,390,000
₫23,690,000
₫15,090,000
₫10,290,000
₫14,690,000
₫15,090,000
₫15,090,000
₫23,290,000
₫18,690,000
₫28,990,000
₫22,950,000
₫9,590,000
₫14,090,000
₫26,690,000
₫9,500,000
₫27,290,000
₫20,890,000
₫11,150,000
₫22,390,000
₫13,500,000
₫13,690,000
₫21,890,000
₫16,790,000
₫15,000,000
₫191,000
₫51,120,000
₫23,590,000
₫87,000
₫25,990,000
₫25,090,000
₫10,090,000
₫49,190,000
₫20,198,800
₫18,200,000
₫6,900,000
₫31,490,000
₫14,690,000
₫14,950,000
₫219,000
₫19,700,000
₫25,390,000
₫23,690,000
₫15,090,000
₫10,290,000
₫14,690,000
₫15,090,000
₫15,090,000
₫23,290,000
₫18,690,000
₫28,990,000
₫22,950,000
₫9,590,000
₫14,090,000
₫26,690,000
₫9,500,000
₫27,290,000
₫20,890,000
₫11,150,000
₫22,390,000
₫13,500,000
₫13,690,000
₫21,890,000
₫16,790,000
₫15,000,000
₫191,000
₫51,120,000
₫23,590,000
₫87,000
₫25,990,000
₫25,090,000
₫10,090,000
₫49,190,000
₫20,198,800
₫18,200,000
₫6,900,000
₫31,490,000
₫14,690,000
₫14,950,000
₫219,000
₫19,700,000
₫25,390,000
₫23,690,000
₫15,090,000
₫10,290,000
₫14,690,000
₫15,090,000
₫15,090,000
₫23,290,000
₫18,690,000
₫28,990,000
₫22,950,000
₫9,590,000
₫14,090,000
₫26,690,000
₫9,500,000
₫27,290,000
₫20,890,000
₫11,150,000
₫22,390,000
₫13,500,000
₫13,690,000
₫21,890,000
₫16,790,000
₫15,000,000
₫191,000
₫51,120,000
₫23,590,000
₫87,000
₫25,990,000
₫25,090,000
₫10,090,000
₫49,190,000
₫20,198,800
₫18,200,000
₫6,900,000
₫31,490,000
₫14,690,000
₫14,950,000
₫219,000
₫19,700,000
₫25,390,000
₫23,690,000
₫15,090,000
₫10,290,000
₫14,690,000
₫15,090,000
₫15,090,000
₫23,290,000
₫18,690,000
₫28,990,000
₫22,950,000
₫9,590,000
₫14,090,000
₫26,690,000
₫9,500,000
₫27,290,000
₫20,890,000
₫11,150,000
₫22,390,000
₫13,500,000
₫13,690,000
₫21,890,000
₫16,790,000
₫15,000,000
₫191,000
₫51,120,000
₫23,590,000
₫87,000
₫25,990,000
₫25,090,000
₫10,090,000
₫49,190,000
₫20,198,800
₫18,200,000
₫6,900,000
₫31,490,000
₫14,690,000
₫14,950,000
₫219,000
₫19,700,000
₫25,390,000
₫23,690,000
₫15,090,000
₫10,290,000
₫14,690,000
₫15,090,000
₫15,090,000
₫23,290,000
₫18,690,000
₫28,990,000
₫22,950,000
₫9,590,000
₫14,090,000
₫26,690,000
₫9,500,000
₫27,290,000
₫20,890,000
₫11,150,000
₫22,390,000
₫13,500,000
₫13,690,000
₫21,890,000
₫16,790,000
₫15,000,000
₫191,000
₫51,120,000
₫23,590,000
₫87,000
₫25,990,000
₫25,090,000
₫10,090,000
₫49,190,000
₫20,198,800
₫18,200,000
₫6,900,000
₫31,490,000
₫14,690,000
₫14,950,000
₫219,000
₫19,700,000
₫25,390,000
₫23,690,000
₫15,090,000
₫10,290,000
₫14,690,000
₫15,090,000
₫15,090,000
₫23,290,000
₫18,690,000
₫28,990,000
₫22,950,000
₫9,590,000
₫14,090,000
₫26,690,000
₫9,500,000
₫27,290,000
₫20,890,000
₫11,150,000
₫22,390,000
₫13,500,000
₫13,690,000
₫21,890,000
₫16,790,000
₫15,000,000
₫191,000
₫51,120,000
₫23,590,000
₫87,000
₫25,990,000
₫25,090,000
₫10,090,000
₫49,190,000
₫20,198,800
₫18,200,000
₫6,900,000
₫31,490,000
₫14,690,000
₫14,950,000
₫219,000
₫19,700,000
₫25,390,000
₫23,690,000
₫15,090,000
₫10,290,000
₫14,690,000
₫15,090,000
₫15,090,000
₫23,290,000
₫18,690,000
₫28,990,000
₫22,950,000
₫9,590,000
₫14,090,000
₫26,690,000
₫9,500,000
₫27,290,000
₫20,890,000
₫11,150,000
₫22,390,000
₫13,500,000
₫13,690,000
₫21,890,000
₫16,790,000
₫15,000,000
₫191,000
₫51,120,000
₫23,590,000
₫87,000
₫25,990,000
₫25,090,000
₫10,090,000
₫49,190,000
₫20,198,800
₫18,200,000
₫6,900,000
₫31,490,000
₫14,690,000
₫14,950,000
₫219,000
₫19,700,000
₫25,390,000
₫23,690,000
₫15,090,000
₫10,290,000
₫14,690,000
₫15,090,000
₫15,090,000
₫23,290,000
₫18,690,000
₫28,990,000
₫22,950,000
₫9,590,000
₫14,090,000
₫26,690,000
₫9,500,000
₫27,290,000
₫20,890,000
₫11,150,000
₫22,390,000
₫13,500,000
₫13,690,000
₫21,890,000
₫16,790,000
₫15,000,000
₫191,000
₫51,120,000
₫23,590,000
₫87,000
₫25,990,000
₫25,090,000
₫10,090,000
₫49,190,000
₫20,198,800
₫18,200,000
₫6,900,000
₫31,490,000
₫14,690,000
₫14,950,000
₫219,000
₫19,700,000
₫25,390,000
₫23,690,000
₫15,090,000
₫10,290,000
₫14,690,000
₫15,090,000
₫15,090,000
₫23,290,000
₫18,690,000
₫28,990,000
₫22,950,000
₫9,590,000
₫14,090,000
₫26,690,000
₫9,500,000
₫27,290,000
₫20,890,000
₫11,150,000
₫22,390,000
₫13,500,000
₫13,690,000
₫21,890,000
₫16,790,000
₫15,000,000
₫191,000
₫51,120,000
₫23,590,000
₫87,000
₫25,990,000
₫25,090,000
₫10,090,000
₫49,190,000
₫20,198,800
₫18,200,000
₫6,900,000
₫31,490,000
₫14,690,000
₫14,950,000
₫219,000
₫19,700,000
₫25,390,000
₫23,690,000
₫15,090,000
₫10,290,000
₫14,690,000
₫15,090,000
₫15,090,000
₫23,290,000
₫18,690,000
₫28,990,000
₫22,950,000
₫9,590,000
₫14,090,000
₫26,690,000
₫9,500,000
₫27,290,000
₫20,890,000
₫11,150,000
₫22,390,000
₫13,500,000
₫13,690,000
₫21,890,000
₫16,790,000
₫15,000,000
₫191,000
₫51,120,000
₫23,590,000
₫87,000
₫25,990,000
₫25,090,000
₫10,090,000
₫49,190,000
₫20,198,800
₫18,200,000
₫6,900,000
₫31,490,000
₫14,690,000
₫14,950,000
₫219,000
₫19,700,000
₫25,390,000
