₫850,000
₫40,700
₫75,200
₫60,000
₫20,000
₫850,000
₫2,790,000
₫40,900
₫527,000
₫220,000
₫35,900
₫43,200
₫658,800
₫99,800
₫4,300
₫9,900
₫34,100
₫250,000
₫464,000
₫81,600
₫250,000
₫78,300
₫39,800
₫499,000
₫2,990,000
₫800,000
₫500,000
₫850,000
₫18,300
₫65,300
₫80,200
₫36,100
₫950,000
₫850,000
₫13,000
₫67,000
₫600,000
₫54,800
₫93,000
₫650,000
₫850,000
₫40,700
₫75,200
₫60,000
₫20,000
₫850,000
₫2,790,000
₫40,900
₫527,000
₫220,000
₫35,900
₫43,200
₫658,800
₫99,800
₫4,300
₫9,900
₫34,100
₫250,000
₫464,000
₫81,600
₫250,000
₫78,300
₫39,800
₫499,000
₫2,990,000
₫800,000
₫500,000
₫850,000
₫18,300
₫65,300
₫80,200
₫36,100
₫950,000
₫850,000
₫13,000
₫67,000
₫600,000
₫54,800
₫93,000
₫650,000
₫850,000
₫40,700
₫75,200
₫60,000
₫20,000
₫850,000
₫2,790,000
₫40,900
₫527,000
₫220,000
₫35,900
₫43,200
₫658,800
₫99,800
₫4,300
₫9,900
₫34,100
₫250,000
₫464,000
₫81,600
₫250,000
₫78,300
₫39,800
₫499,000
₫2,990,000
₫800,000
₫500,000
₫850,000
₫18,300
₫65,300
₫80,200
₫36,100
₫950,000
₫850,000
₫13,000
₫67,000
₫600,000
₫54,800
₫93,000
₫650,000
₫850,000
₫40,700
₫75,200
₫60,000
₫20,000
₫850,000
₫2,790,000
₫40,900
₫527,000
₫220,000
₫35,900
₫43,200
₫658,800
₫99,800
₫4,300
₫9,900
₫34,100
₫250,000
₫464,000
₫81,600
₫250,000
₫78,300
₫39,800
₫499,000
₫2,990,000
₫800,000
₫500,000
₫850,000
₫18,300
₫65,300
₫80,200
₫36,100
₫950,000
₫850,000
₫13,000
₫67,000
₫600,000
₫54,800
₫93,000
₫650,000
₫850,000
₫40,700
₫75,200
₫60,000
₫20,000
₫850,000
₫2,790,000
₫40,900
₫527,000
₫220,000
₫35,900
₫43,200
₫658,800
₫99,800
₫4,300
₫9,900
₫34,100
₫250,000
₫464,000
₫81,600
₫250,000
₫78,300
₫39,800
₫499,000
₫2,990,000
₫800,000
₫500,000
₫850,000
₫18,300
₫65,300
₫80,200
₫36,100
₫950,000
₫850,000
₫13,000
₫67,000
₫600,000
₫54,800
₫93,000
₫650,000
₫850,000
₫40,700
₫75,200
₫60,000
₫20,000
₫850,000
₫2,790,000
₫40,900
₫527,000
₫220,000
₫35,900
₫43,200
₫658,800
₫99,800
₫4,300
₫9,900
₫34,100
₫250,000
₫464,000
₫81,600
₫250,000
₫78,300
₫39,800
₫499,000
₫2,990,000
₫800,000
₫500,000
₫850,000
₫18,300
₫65,300
₫80,200
₫36,100
₫950,000
₫850,000
₫13,000
₫67,000
₫600,000
₫54,800
₫93,000
₫650,000
₫850,000
₫40,700
₫75,200
₫60,000
₫20,000
₫850,000
₫2,790,000
₫40,900
₫527,000
₫220,000
₫35,900
₫43,200
₫658,800
₫99,800
₫4,300
₫9,900
₫34,100
₫250,000
₫464,000
₫81,600
₫250,000
₫78,300
₫39,800
₫499,000
₫2,990,000
₫800,000
₫500,000
₫850,000
₫18,300
₫65,300
₫80,200
₫36,100
₫950,000
₫850,000
₫13,000
₫67,000
₫600,000
₫54,800
₫93,000
₫650,000
₫850,000
₫40,700
₫75,200
₫60,000
₫20,000
₫850,000
₫2,790,000
₫40,900
₫527,000
₫220,000
₫35,900
₫43,200
₫658,800
₫99,800
₫4,300
₫9,900
₫34,100
₫250,000
₫464,000
₫81,600
₫250,000
₫78,300
₫39,800
₫499,000
₫2,990,000
₫800,000
₫500,000
₫850,000
₫18,300
₫65,300
₫80,200
₫36,100
₫950,000
₫850,000
₫13,000
₫67,000
₫600,000
₫54,800
₫93,000
₫650,000
₫850,000
₫40,700
₫75,200
₫60,000
₫20,000
₫850,000
₫2,790,000
₫40,900
₫527,000
₫220,000
₫35,900
₫43,200
₫658,800
₫99,800
₫4,300
₫9,900
₫34,100
₫250,000
₫464,000
₫81,600
₫250,000
₫78,300
₫39,800
₫499,000
₫2,990,000
₫800,000
₫500,000
₫850,000
₫18,300
₫65,300
₫80,200
₫36,100
₫950,000
₫850,000
₫13,000
₫67,000
₫600,000
₫54,800
₫93,000
₫650,000
₫850,000
₫40,700
₫75,200
₫60,000
₫20,000
₫850,000
₫2,790,000
₫40,900
₫527,000
₫220,000
₫35,900
₫43,200
₫658,800
₫99,800
₫4,300
₫9,900
₫34,100
₫250,000
₫464,000
₫81,600
₫250,000
₫78,300
₫39,800
₫499,000
₫2,990,000
₫800,000
₫500,000
₫850,000
₫18,300
₫65,300
₫80,200
₫36,100
₫950,000
₫850,000
₫13,000
₫67,000
₫600,000
₫54,800
₫93,000
₫650,000
₫850,000
₫40,700
₫75,200
₫60,000
₫20,000
₫850,000
₫2,790,000
₫40,900
₫527,000
₫220,000
₫35,900
₫43,200
₫658,800
₫99,800
₫4,300
₫9,900
₫34,100
₫250,000
₫464,000
₫81,600
₫250,000
₫78,300
₫39,800
₫499,000
₫2,990,000
₫800,000
₫500,000
₫850,000
₫18,300
₫65,300
₫80,200
₫36,100
₫950,000
₫850,000
₫13,000
₫67,000
₫600,000
₫54,800
₫93,000
₫650,000
₫850,000
₫40,700
₫75,200
₫60,000
₫20,000
₫850,000
₫2,790,000
₫40,900
₫527,000
₫220,000
₫35,900
₫43,200
₫658,800
₫99,800
₫4,300
₫9,900
₫34,100
₫250,000
₫464,000
₫81,600
₫250,000
₫78,300
₫39,800
₫499,000
₫2,990,000
₫800,000
₫500,000
₫850,000
₫18,300
₫65,300
₫80,200
₫36,100
₫950,000
₫850,000
₫13,000
₫67,000
₫600,000
₫54,800
₫93,000
₫650,000
₫850,000
₫40,700
₫75,200
₫60,000
₫20,000
₫850,000
₫2,790,000
₫40,900
₫527,000
₫220,000
₫35,900
₫43,200
₫658,800
₫99,800
₫4,300
₫9,900
₫34,100
₫250,000
₫464,000
₫81,600
₫250,000
₫78,300
₫39,800
₫499,000
₫2,990,000
₫800,000
₫500,000
₫850,000
₫18,300
₫65,300
₫80,200
₫36,100
₫950,000
₫850,000
₫13,000
₫67,000
₫600,000
₫54,800
₫93,000
₫650,000
₫850,000
₫40,700
₫75,200
₫60,000
₫20,000
₫850,000
₫2,790,000
₫40,900
₫527,000
₫220,000
₫35,900
₫43,200
₫658,800
₫99,800
₫4,300
₫9,900
₫34,100
₫250,000
₫464,000
₫81,600
₫250,000
₫78,300
₫39,800
₫499,000
₫2,990,000
₫800,000
₫500,000
₫850,000
₫18,300
₫65,300
₫80,200
₫36,100
₫950,000
₫850,000
₫13,000
₫67,000
₫600,000
₫54,800
₫93,000
₫650,000
₫850,000
₫40,700
₫75,200
₫60,000
₫20,000
₫850,000
₫2,790,000
₫40,900
₫527,000
₫220,000
₫35,900
₫43,200
₫658,800
₫99,800
₫4,300
₫9,900
₫34,100
₫250,000
₫464,000
₫81,600
₫250,000
₫78,300
₫39,800
₫499,000
₫2,990,000
₫800,000
₫500,000
₫850,000
₫18,300
₫65,300
₫80,200
₫36,100
₫950,000
₫850,000
₫13,000
₫67,000
₫600,000
₫54,800
₫93,000
₫650,000
₫850,000
₫40,700
₫75,200
₫60,000
₫20,000
₫850,000
₫2,790,000
₫40,900
₫527,000
₫220,000
₫35,900
₫43,200
₫658,800
₫99,800
₫4,300
₫9,900
₫34,100
₫250,000
₫464,000
₫81,600
₫250,000
₫78,300
₫39,800
₫499,000
₫2,990,000
₫800,000
₫500,000
₫850,000
₫18,300
₫65,300
₫80,200
₫36,100
₫950,000
₫850,000
₫13,000
₫67,000
₫600,000
₫54,800
₫93,000
₫650,000
₫850,000
₫40,700
₫75,200
₫60,000
₫20,000
₫850,000
₫2,790,000
₫40,900
₫527,000
₫220,000
₫35,900
₫43,200
₫658,800
₫99,800
₫4,300
₫9,900
₫34,100
₫250,000
₫464,000
₫81,600
₫250,000
₫78,300
₫39,800
₫499,000
₫2,990,000
₫800,000
₫500,000
₫850,000
₫18,300
₫65,300
₫80,200
₫36,100
₫950,000
₫850,000
₫13,000
₫67,000
₫600,000
₫54,800
₫93,000
₫650,000
₫850,000
₫40,700
₫75,200
₫60,000
₫20,000
₫850,000
₫2,790,000
₫40,900
₫527,000
₫220,000
₫35,900
₫43,200
₫658,800
₫99,800
₫4,300
₫9,900
₫34,100
₫250,000
₫464,000
₫81,600
₫250,000
₫78,300
₫39,800
₫499,000
₫2,990,000
₫800,000
₫500,000
₫850,000
₫18,300
₫65,300
₫80,200
₫36,100
₫950,000
₫850,000
₫13,000
₫67,000
₫600,000
₫54,800
₫93,000
₫650,000
₫850,000
₫40,700
₫75,200
₫60,000
₫20,000
₫850,000
₫2,790,000
₫40,900
₫527,000
₫220,000
₫35,900
₫43,200
₫658,800
₫99,800
₫4,300
₫9,900
₫34,100
₫250,000
₫464,000
₫81,600
₫250,000
₫78,300
₫39,800
₫499,000
₫2,990,000
₫800,000
₫500,000
₫850,000
₫18,300
₫65,300
₫80,200
₫36,100
₫950,000
₫850,000
₫13,000
₫67,000
₫600,000
₫54,800
₫93,000
₫650,000
₫850,000
₫40,700
₫75,200
₫60,000
₫20,000
₫850,000
₫2,790,000
₫40,900
₫527,000
₫220,000
₫35,900
₫43,200
₫658,800
₫99,800
₫4,300
₫9,900
₫34,100
₫250,000
₫464,000
₫81,600
₫250,000
₫78,300
₫39,800
₫499,000
₫2,990,000
₫800,000
₫500,000
₫850,000
₫18,300
₫65,300
₫80,200
₫36,100
₫950,000
₫850,000
₫13,000
₫67,000
₫600,000
₫54,800
₫93,000
₫650,000
₫850,000
₫40,700
₫75,200
₫60,000
₫20,000
₫850,000
₫2,790,000
₫40,900
₫527,000
₫220,000
₫35,900
₫43,200
₫658,800
₫99,800
₫4,300
₫9,900
₫34,100
₫250,000
₫464,000
₫81,600
₫250,000
₫78,300
₫39,800
₫499,000
₫2,990,000
₫800,000
₫500,000
₫850,000
₫18,300
₫65,300
₫80,200
₫36,100
₫950,000
₫850,000
₫13,000
₫67,000
₫600,000
₫54,800
₫93,000
₫650,000
₫850,000
₫40,700
₫75,200
₫60,000
₫20,000
₫850,000
₫2,790,000
₫40,900
₫527,000
₫220,000
₫35,900
₫43,200
₫658,800
₫99,800
₫4,300
₫9,900
₫34,100
₫250,000
₫464,000
₫81,600
₫250,000
₫78,300
₫39,800
₫499,000
₫2,990,000
₫800,000
₫500,000
₫850,000
₫18,300
₫65,300
₫80,200
₫36,100
₫950,000
₫850,000
₫13,000
₫67,000
₫600,000
₫54,800
₫93,000
₫650,000
₫850,000
₫40,700
₫75,200
₫60,000
₫20,000
₫850,000
₫2,790,000
₫40,900
₫527,000
₫220,000
₫35,900
₫43,200
₫658,800
₫99,800
₫4,300
₫9,900
₫34,100
₫250,000
₫464,000
₫81,600
₫250,000
₫78,300
₫39,800
₫499,000
₫2,990,000
₫800,000
₫500,000
₫850,000
₫18,300
₫65,300
₫80,200
₫36,100
₫950,000
₫850,000
₫13,000
₫67,000
₫600,000
₫54,800
₫93,000
₫650,000
₫850,000
₫40,700
₫75,200
₫60,000
₫20,000
₫850,000
₫2,790,000
₫40,900
₫527,000
₫220,000
₫35,900
₫43,200
₫658,800
₫99,800
₫4,300
₫9,900
₫34,100
₫250,000
₫464,000
₫81,600
₫250,000
₫78,300
₫39,800
₫499,000
₫2,990,000
₫800,000
₫500,000
₫850,000
₫18,300
₫65,300
₫80,200
₫36,100
₫950,000
₫850,000
₫13,000
₫67,000
₫600,000
₫54,800
₫93,000
₫650,000
₫850,000
₫40,700
₫75,200
₫60,000
₫20,000
₫850,000
₫2,790,000
₫40,900
₫527,000
₫220,000
₫35,900
₫43,200
₫658,800
₫99,800
₫4,300
₫9,900
₫34,100
₫250,000
₫464,000
₫81,600
₫250,000
₫78,300
₫39,800
₫499,000
₫2,990,000
₫800,000
₫500,000
₫850,000
₫18,300
₫65,300
₫80,200
₫36,100
₫950,000
₫850,000
₫13,000
₫67,000
₫600,000
₫54,800
₫93,000
₫650,000
₫850,000
₫40,700
₫75,200
₫60,000
₫20,000
₫850,000
₫2,790,000
₫40,900
₫527,000
₫220,000
₫35,900
₫43,200
₫658,800
₫99,800
₫4,300
₫9,900
₫34,100
₫250,000
₫464,000
₫81,600
₫250,000
₫78,300
₫39,800
₫499,000
₫2,990,000
₫800,000
₫500,000
₫850,000
₫18,300
₫65,300
₫80,200
₫36,100
₫950,000
₫850,000
₫13,000
₫67,000
₫600,000
₫54,800
₫93,000
₫650,000
₫850,000
₫40,700
₫75,200
₫60,000
₫20,000
₫850,000
₫2,790,000
₫40,900
₫527,000
₫220,000
₫35,900
₫43,200
₫658,800
₫99,800
₫4,300
₫9,900
₫34,100
₫250,000
₫464,000
₫81,600
₫250,000
₫78,300
₫39,800
₫499,000
₫2,990,000
₫800,000
₫500,000
₫850,000
₫18,300
₫65,300
₫80,200
₫36,100
₫950,000
₫850,000
₫13,000
₫67,000
₫600,000
₫54,800
₫93,000
₫650,000
₫850,000
₫40,700
₫75,200
₫60,000
₫20,000
₫850,000
₫2,790,000
₫40,900
₫527,000
₫220,000
₫35,900
₫43,200
₫658,800
₫99,800
₫4,300
₫9,900
₫34,100
₫250,000
₫464,000
₫81,600
₫250,000
₫78,300
₫39,800
₫499,000
₫2,990,000
₫800,000
₫500,000
₫850,000
₫18,300
₫65,300
₫80,200
₫36,100
₫950,000
₫850,000
₫13,000
₫67,000
₫600,000
₫54,800
₫93,000
₫650,000
₫850,000
₫40,700
₫75,200
₫60,000
₫20,000
₫850,000
₫2,790,000
₫40,900
₫527,000
₫220,000
₫35,900
₫43,200
₫658,800
₫99,800
₫4,300
₫9,900
₫34,100
₫250,000
₫464,000
₫81,600
₫250,000
₫78,300
₫39,800
₫499,000
₫2,990,000
₫800,000
₫500,000
₫850,000
₫18,300
₫65,300
₫80,200
₫36,100
₫950,000
₫850,000
₫13,000
₫67,000
₫600,000
₫54,800
₫93,000
₫650,000
₫850,000
₫40,700
₫75,200
₫60,000
₫20,000
₫850,000
₫2,790,000
₫40,900
₫527,000
₫220,000
₫35,900
₫43,200
₫658,800
₫99,800
₫4,300
₫9,900
₫34,100
₫250,000
₫464,000
₫81,600
₫250,000
₫78,300
₫39,800
₫499,000
₫2,990,000
₫800,000
₫500,000
₫850,000
₫18,300
₫65,300
₫80,200
₫36,100
₫950,000
₫850,000
₫13,000
₫67,000
₫600,000
₫54,800
₫93,000
₫650,000
₫850,000
₫40,700
₫75,200
₫60,000
₫20,000
₫850,000
₫2,790,000
₫40,900
₫527,000
₫220,000
₫35,900
₫43,200
₫658,800
₫99,800
₫4,300
₫9,900
₫34,100
₫250,000
₫464,000
₫81,600
₫250,000
₫78,300
₫39,800
₫499,000
₫2,990,000
₫800,000
₫500,000
₫850,000
₫18,300
₫65,300
₫80,200
₫36,100
₫950,000
₫850,000
₫13,000
₫67,000
₫600,000
₫54,800
₫93,000
₫650,000
₫850,000
₫40,700
₫75,200
₫60,000
₫20,000
₫850,000
₫2,790,000
₫40,900
₫527,000
₫220,000
₫35,900
₫43,200
₫658,800
₫99,800
₫4,300
₫9,900
₫34,100
₫250,000
₫464,000
₫81,600
₫250,000
₫78,300
₫39,800
₫499,000
₫2,990,000
₫800,000
₫500,000
₫850,000
₫18,300
₫65,300
₫80,200
₫36,100
₫950,000
₫850,000
₫13,000
₫67,000
₫600,000
₫54,800
₫93,000
₫650,000
