₫27,000
₫15,000
₫135,000
₫770,000
₫75,000
₫9,000
₫56,300
₫350,000
₫135,000
₫80,000
₫120,000
₫40,000
₫48,500
₫36,900
₫1,090,000
₫12,900
₫68,000
₫2,299,000
₫2,325,000
₫15,000
₫39,000
₫13,900
₫80,000
₫20,000
₫27,000
₫11,500
₫1,860,000
₫21,580
₫152,000
₫996,000
₫39,000
₫32,000
₫114,000
₫55,000
₫100,000
₫22,980
₫18,000
₫15,000
₫24,000
₫180,000
₫27,000
₫15,000
₫135,000
₫770,000
₫75,000
₫9,000
₫56,300
₫350,000
₫135,000
₫80,000
₫120,000
₫40,000
₫48,500
₫36,900
₫1,090,000
₫12,900
₫68,000
₫2,299,000
₫2,325,000
₫15,000
₫39,000
₫13,900
₫80,000
₫20,000
₫27,000
₫11,500
₫1,860,000
₫21,580
₫152,000
₫996,000
₫39,000
₫32,000
₫114,000
₫55,000
₫100,000
₫22,980
₫18,000
₫15,000
₫24,000
₫180,000
₫27,000
₫15,000
₫135,000
₫770,000
₫75,000
₫9,000
₫56,300
₫350,000
₫135,000
₫80,000
₫120,000
₫40,000
₫48,500
₫36,900
₫1,090,000
₫12,900
₫68,000
₫2,299,000
₫2,325,000
₫15,000
₫39,000
₫13,900
₫80,000
₫20,000
₫27,000
₫11,500
₫1,860,000
₫21,580
₫152,000
₫996,000
₫39,000
₫32,000
₫114,000
₫55,000
₫100,000
₫22,980
₫18,000
₫15,000
₫24,000
₫180,000
₫27,000
₫15,000
₫135,000
₫770,000
₫75,000
₫9,000
₫56,300
₫350,000
₫135,000
₫80,000
₫120,000
₫40,000
₫48,500
₫36,900
₫1,090,000
₫12,900
₫68,000
₫2,299,000
₫2,325,000
₫15,000
₫39,000
₫13,900
₫80,000
₫20,000
₫27,000
₫11,500
₫1,860,000
₫21,580
₫152,000
₫996,000
₫39,000
₫32,000
₫114,000
₫55,000
₫100,000
₫22,980
₫18,000
₫15,000
₫24,000
₫180,000
₫27,000
₫15,000
₫135,000
₫770,000
₫75,000
₫9,000
₫56,300
₫350,000
₫135,000
₫80,000
₫120,000
₫40,000
₫48,500
₫36,900
₫1,090,000
₫12,900
₫68,000
₫2,299,000
₫2,325,000
₫15,000
₫39,000
₫13,900
₫80,000
₫20,000
₫27,000
₫11,500
₫1,860,000
₫21,580
₫152,000
₫996,000
₫39,000
₫32,000
₫114,000
₫55,000
₫100,000
₫22,980
₫18,000
₫15,000
₫24,000
₫180,000
₫27,000
₫15,000
₫135,000
₫770,000
₫75,000
₫9,000
₫56,300
₫350,000
₫135,000
₫80,000
₫120,000
₫40,000
₫48,500
₫36,900
₫1,090,000
₫12,900
₫68,000
₫2,299,000
₫2,325,000
₫15,000
₫39,000
₫13,900
₫80,000
₫20,000
₫27,000
₫11,500
₫1,860,000
₫21,580
₫152,000
₫996,000
₫39,000
₫32,000
₫114,000
₫55,000
₫100,000
₫22,980
₫18,000
₫15,000
₫24,000
₫180,000
₫27,000
₫15,000
₫135,000
₫770,000
₫75,000
₫9,000
₫56,300
₫350,000
₫135,000
₫80,000
₫120,000
₫40,000
₫48,500
₫36,900
₫1,090,000
₫12,900
₫68,000
₫2,299,000
₫2,325,000
₫15,000
₫39,000
₫13,900
₫80,000
₫20,000
₫27,000
₫11,500
₫1,860,000
₫21,580
₫152,000
₫996,000
₫39,000
₫32,000
₫114,000
₫55,000
₫100,000
₫22,980
₫18,000
₫15,000
₫24,000
₫180,000
₫27,000
₫15,000
₫135,000
₫770,000
₫75,000
₫9,000
₫56,300
₫350,000
₫135,000
₫80,000
₫120,000
₫40,000
₫48,500
₫36,900
₫1,090,000
₫12,900
₫68,000
₫2,299,000
₫2,325,000
₫15,000
₫39,000
₫13,900
₫80,000
₫20,000
₫27,000
₫11,500
₫1,860,000
₫21,580
₫152,000
₫996,000
₫39,000
₫32,000
₫114,000
₫55,000
₫100,000
₫22,980
₫18,000
₫15,000
₫24,000
₫180,000
₫27,000
₫15,000
₫135,000
₫770,000
₫75,000
₫9,000
₫56,300
₫350,000
₫135,000
₫80,000
₫120,000
₫40,000
₫48,500
₫36,900
₫1,090,000
₫12,900
₫68,000
₫2,299,000
₫2,325,000
₫15,000
₫39,000
₫13,900
₫80,000
₫20,000
₫27,000
₫11,500
₫1,860,000
₫21,580
₫152,000
₫996,000
₫39,000
₫32,000
₫114,000
₫55,000
₫100,000
₫22,980
₫18,000
₫15,000
₫24,000
₫180,000
₫27,000
₫15,000
₫135,000
₫770,000
₫75,000
₫9,000
₫56,300
₫350,000
₫135,000
₫80,000
₫120,000
₫40,000
₫48,500
₫36,900
₫1,090,000
₫12,900
₫68,000
₫2,299,000
₫2,325,000
₫15,000
₫39,000
₫13,900
₫80,000
₫20,000
₫27,000
₫11,500
₫1,860,000
₫21,580
₫152,000
₫996,000
₫39,000
₫32,000
₫114,000
₫55,000
₫100,000
₫22,980
₫18,000
₫15,000
₫24,000
₫180,000
₫27,000
₫15,000
₫135,000
₫770,000
₫75,000
₫9,000
₫56,300
₫350,000
₫135,000
₫80,000
₫120,000
₫40,000
₫48,500
₫36,900
₫1,090,000
₫12,900
₫68,000
₫2,299,000
₫2,325,000
₫15,000
₫39,000
₫13,900
₫80,000
₫20,000
₫27,000
₫11,500
₫1,860,000
₫21,580
₫152,000
₫996,000
₫39,000
₫32,000
₫114,000
₫55,000
₫100,000
₫22,980
₫18,000
₫15,000
₫24,000
₫180,000
₫27,000
₫15,000
₫135,000
₫770,000
₫75,000
₫9,000
₫56,300
₫350,000
₫135,000
₫80,000
₫120,000
₫40,000
₫48,500
₫36,900
₫1,090,000
₫12,900
₫68,000
₫2,299,000
₫2,325,000
₫15,000
₫39,000
₫13,900
₫80,000
₫20,000
₫27,000
₫11,500
₫1,860,000
₫21,580
₫152,000
₫996,000
₫39,000
₫32,000
₫114,000
₫55,000
₫100,000
₫22,980
₫18,000
₫15,000
₫24,000
₫180,000
₫27,000
₫15,000
₫135,000
₫770,000
₫75,000
₫9,000
₫56,300
₫350,000
₫135,000
₫80,000
₫120,000
₫40,000
₫48,500
₫36,900
₫1,090,000
₫12,900
₫68,000
₫2,299,000
₫2,325,000
₫15,000
₫39,000
₫13,900
₫80,000
₫20,000
₫27,000
₫11,500
₫1,860,000
₫21,580
₫152,000
₫996,000
₫39,000
₫32,000
₫114,000
₫55,000
₫100,000
₫22,980
₫18,000
₫15,000
₫24,000
₫180,000
₫27,000
₫15,000
₫135,000
₫770,000
₫75,000
₫9,000
₫56,300
₫350,000
₫135,000
₫80,000
₫120,000
₫40,000
₫48,500
₫36,900
₫1,090,000
₫12,900
₫68,000
₫2,299,000
₫2,325,000
₫15,000
₫39,000
₫13,900
₫80,000
₫20,000
₫27,000
₫11,500
₫1,860,000
₫21,580
₫152,000
₫996,000
₫39,000
₫32,000
₫114,000
₫55,000
₫100,000
₫22,980
₫18,000
₫15,000
₫24,000
₫180,000
₫27,000
₫15,000
₫135,000
₫770,000
₫75,000
₫9,000
₫56,300
₫350,000
₫135,000
₫80,000
₫120,000
₫40,000
₫48,500
₫36,900
₫1,090,000
₫12,900
₫68,000
₫2,299,000
₫2,325,000
₫15,000
₫39,000
₫13,900
₫80,000
₫20,000
₫27,000
₫11,500
₫1,860,000
₫21,580
₫152,000
₫996,000
₫39,000
₫32,000
₫114,000
₫55,000
₫100,000
₫22,980
₫18,000
₫15,000
₫24,000
₫180,000
₫27,000
₫15,000
₫135,000
₫770,000
₫75,000
₫9,000
₫56,300
₫350,000
₫135,000
₫80,000
₫120,000
₫40,000
₫48,500
₫36,900
₫1,090,000
₫12,900
₫68,000
₫2,299,000
₫2,325,000
₫15,000
₫39,000
₫13,900
₫80,000
₫20,000
₫27,000
₫11,500
₫1,860,000
₫21,580
₫152,000
₫996,000
₫39,000
₫32,000
₫114,000
₫55,000
₫100,000
₫22,980
₫18,000
₫15,000
₫24,000
₫180,000
₫27,000
₫15,000
₫135,000
₫770,000
₫75,000
₫9,000
₫56,300
₫350,000
₫135,000
₫80,000
₫120,000
₫40,000
₫48,500
₫36,900
₫1,090,000
₫12,900
₫68,000
₫2,299,000
₫2,325,000
₫15,000
₫39,000
₫13,900
₫80,000
₫20,000
₫27,000
₫11,500
₫1,860,000
₫21,580
₫152,000
₫996,000
₫39,000
₫32,000
₫114,000
₫55,000
₫100,000
₫22,980
₫18,000
₫15,000
₫24,000
₫180,000
₫27,000
₫15,000
₫135,000
₫770,000
₫75,000
₫9,000
₫56,300
₫350,000
₫135,000
₫80,000
₫120,000
₫40,000
₫48,500
₫36,900
₫1,090,000
₫12,900
₫68,000
₫2,299,000
₫2,325,000
₫15,000
₫39,000
₫13,900
₫80,000
₫20,000
₫27,000
₫11,500
₫1,860,000
₫21,580
₫152,000
₫996,000
₫39,000
₫32,000
₫114,000
₫55,000
₫100,000
₫22,980
₫18,000
₫15,000
₫24,000
₫180,000
₫27,000
₫15,000
₫135,000
₫770,000
₫75,000
₫9,000
₫56,300
₫350,000
₫135,000
₫80,000
₫120,000
₫40,000
₫48,500
₫36,900
₫1,090,000
₫12,900
₫68,000
₫2,299,000
₫2,325,000
₫15,000
₫39,000
₫13,900
₫80,000
₫20,000
₫27,000
₫11,500
₫1,860,000
₫21,580
₫152,000
₫996,000
₫39,000
₫32,000
₫114,000
₫55,000
₫100,000
₫22,980
₫18,000
₫15,000
₫24,000
₫180,000
₫27,000
₫15,000
₫135,000
₫770,000
₫75,000
₫9,000
₫56,300
₫350,000
₫135,000
₫80,000
₫120,000
₫40,000
₫48,500
₫36,900
₫1,090,000
₫12,900
₫68,000
₫2,299,000
₫2,325,000
₫15,000
₫39,000
₫13,900
₫80,000
₫20,000
₫27,000
₫11,500
₫1,860,000
₫21,580
₫152,000
₫996,000
₫39,000
₫32,000
₫114,000
₫55,000
₫100,000
₫22,980
₫18,000
₫15,000
₫24,000
₫180,000
₫27,000
₫15,000
₫135,000
₫770,000
₫75,000
₫9,000
₫56,300
₫350,000
₫135,000
₫80,000
₫120,000
₫40,000
₫48,500
₫36,900
₫1,090,000
₫12,900
₫68,000
₫2,299,000
₫2,325,000
₫15,000
₫39,000
₫13,900
₫80,000
₫20,000
₫27,000
₫11,500
₫1,860,000
₫21,580
₫152,000
₫996,000
₫39,000
₫32,000
₫114,000
₫55,000
₫100,000
₫22,980
₫18,000
₫15,000
₫24,000
₫180,000
₫27,000
₫15,000
₫135,000
₫770,000
₫75,000
₫9,000
₫56,300
₫350,000
₫135,000
₫80,000
₫120,000
₫40,000
₫48,500
₫36,900
₫1,090,000
₫12,900
₫68,000
₫2,299,000
₫2,325,000
₫15,000
₫39,000
₫13,900
₫80,000
₫20,000
₫27,000
₫11,500
₫1,860,000
₫21,580
₫152,000
₫996,000
₫39,000
₫32,000
₫114,000
₫55,000
₫100,000
₫22,980
₫18,000
₫15,000
₫24,000
₫180,000
₫27,000
₫15,000
₫135,000
₫770,000
₫75,000
₫9,000
₫56,300
₫350,000
₫135,000
₫80,000
₫120,000
₫40,000
₫48,500
₫36,900
₫1,090,000
₫12,900
₫68,000
₫2,299,000
₫2,325,000
₫15,000
₫39,000
₫13,900
₫80,000
₫20,000
₫27,000
₫11,500
₫1,860,000
₫21,580
₫152,000
₫996,000
₫39,000
₫32,000
₫114,000
₫55,000
₫100,000
₫22,980
₫18,000
₫15,000
₫24,000
₫180,000
₫27,000
₫15,000
₫135,000
₫770,000
₫75,000
₫9,000
₫56,300
₫350,000
₫135,000
₫80,000
₫120,000
₫40,000
₫48,500
₫36,900
₫1,090,000
₫12,900
₫68,000
₫2,299,000
₫2,325,000
₫15,000
₫39,000
₫13,900
₫80,000
₫20,000
₫27,000
₫11,500
₫1,860,000
₫21,580
₫152,000
₫996,000
₫39,000
₫32,000
₫114,000
₫55,000
₫100,000
₫22,980
₫18,000
₫15,000
₫24,000
₫180,000
