₫700,000
₫45,000
₫160,000
₫180,000
₫40,000
₫150,000
₫300,000
₫795,000
₫400,000
₫79,000
₫150,000
₫89,000
₫150,000
₫1,000,000
₫240,000
₫25,000
₫150,000
₫75,900
₫199,000
₫155,000
₫599,000
₫1,500,000
₫355,000
₫599,000
₫460,000
₫199,000
₫810,000
₫450,000
₫599,000
₫45,000
₫89,000
₫25,000
₫1,050,000
₫110,000
₫82,000
₫79,000
₫699,000
₫350,000
₫345,514
₫294,503
₫700,000
₫45,000
₫160,000
₫180,000
₫40,000
₫150,000
₫300,000
₫795,000
₫400,000
₫79,000
₫150,000
₫89,000
₫150,000
₫1,000,000
₫240,000
₫25,000
₫150,000
₫75,900
₫199,000
₫155,000
₫599,000
₫1,500,000
₫355,000
₫599,000
₫460,000
₫199,000
₫810,000
₫450,000
₫599,000
₫45,000
₫89,000
₫25,000
₫1,050,000
₫110,000
₫82,000
₫79,000
₫699,000
₫350,000
₫345,514
₫294,503
₫700,000
₫45,000
₫160,000
₫180,000
₫40,000
₫150,000
₫300,000
₫795,000
₫400,000
₫79,000
₫150,000
₫89,000
₫150,000
₫1,000,000
₫240,000
₫25,000
₫150,000
₫75,900
₫199,000
₫155,000
₫599,000
₫1,500,000
₫355,000
₫599,000
₫460,000
₫199,000
₫810,000
₫450,000
₫599,000
₫45,000
₫89,000
₫25,000
₫1,050,000
₫110,000
₫82,000
₫79,000
₫699,000
₫350,000
₫345,514
₫294,503
₫700,000
₫45,000
₫160,000
₫180,000
₫40,000
₫150,000
₫300,000
₫795,000
₫400,000
₫79,000
₫150,000
₫89,000
₫150,000
₫1,000,000
₫240,000
₫25,000
₫150,000
₫75,900
₫199,000
₫155,000
₫599,000
₫1,500,000
₫355,000
₫599,000
₫460,000
₫199,000
₫810,000
₫450,000
₫599,000
₫45,000
₫89,000
₫25,000
₫1,050,000
₫110,000
₫82,000
₫79,000
₫699,000
₫350,000
₫345,514
₫294,503
₫700,000
₫45,000
₫160,000
₫180,000
₫40,000
₫150,000
₫300,000
₫795,000
₫400,000
₫79,000
₫150,000
₫89,000
₫150,000
₫1,000,000
₫240,000
₫25,000
₫150,000
₫75,900
₫199,000
₫155,000
₫599,000
₫1,500,000
₫355,000
₫599,000
₫460,000
₫199,000
₫810,000
₫450,000
₫599,000
₫45,000
₫89,000
₫25,000
₫1,050,000
₫110,000
₫82,000
₫79,000
₫699,000
₫350,000
₫345,514
₫294,503
₫700,000
₫45,000
₫160,000
₫180,000
₫40,000
₫150,000
₫300,000
₫795,000
₫400,000
₫79,000
₫150,000
₫89,000
₫150,000
₫1,000,000
₫240,000
₫25,000
₫150,000
₫75,900
₫199,000
₫155,000
₫599,000
₫1,500,000
₫355,000
₫599,000
₫460,000
₫199,000
₫810,000
₫450,000
₫599,000
₫45,000
₫89,000
₫25,000
₫1,050,000
₫110,000
₫82,000
₫79,000
₫699,000
₫350,000
₫345,514
₫294,503
₫700,000
₫45,000
₫160,000
₫180,000
₫40,000
₫150,000
₫300,000
₫795,000
₫400,000
₫79,000
₫150,000
₫89,000
₫150,000
₫1,000,000
₫240,000
₫25,000
₫150,000
₫75,900
₫199,000
₫155,000
₫599,000
₫1,500,000
₫355,000
₫599,000
₫460,000
₫199,000
₫810,000
₫450,000
₫599,000
₫45,000
₫89,000
₫25,000
₫1,050,000
₫110,000
₫82,000
₫79,000
₫699,000
₫350,000
₫345,514
₫294,503
