₫4,990,000
₫2,590,000
₫3,490,000
₫6,590,000
₫1,690,000
₫19,190,000
₫22,290,000
₫2,790,000
₫4,990,000
₫31,190,000
₫1,200,000
₫4,490,000
₫429,000
₫26,490,000
₫29,340,000
₫4,289,000
₫26,140,000
₫3,875,000
₫4,690,000
₫2,290,000
₫21,820,000
₫28,680,000
₫12,790,000
₫9,990,200
₫14,090,000
₫3,558,000
₫14,640,000
₫5,290,000
₫7,850,000
₫26,990,000
₫20,730,000
₫2,859,000
₫28,190,000
₫19,490,000
₫4,190,000
₫3,150,000
₫8,289,600
₫3,989,700
₫4,274,064
₫7,490,000
₫4,990,000
₫2,590,000
₫3,490,000
₫6,590,000
₫1,690,000
₫19,190,000
₫22,290,000
₫2,790,000
₫4,990,000
₫31,190,000
₫1,200,000
₫4,490,000
₫429,000
₫26,490,000
₫29,340,000
₫4,289,000
₫26,140,000
₫3,875,000
₫4,690,000
₫2,290,000
₫21,820,000
₫28,680,000
₫12,790,000
₫9,990,200
₫14,090,000
₫3,558,000
₫14,640,000
₫5,290,000
₫7,850,000
₫26,990,000
₫20,730,000
₫2,859,000
₫28,190,000
₫19,490,000
₫4,190,000
₫3,150,000
₫8,289,600
₫3,989,700
₫4,274,064
₫7,490,000
₫4,990,000
₫2,590,000
₫3,490,000
₫6,590,000
₫1,690,000
₫19,190,000
₫22,290,000
₫2,790,000
₫4,990,000
₫31,190,000
₫1,200,000
₫4,490,000
₫429,000
₫26,490,000
₫29,340,000
₫4,289,000
₫26,140,000
₫3,875,000
₫4,690,000
₫2,290,000
₫21,820,000
₫28,680,000
₫12,790,000
₫9,990,200
₫14,090,000
₫3,558,000
₫14,640,000
₫5,290,000
₫7,850,000
₫26,990,000
₫20,730,000
₫2,859,000
₫28,190,000
₫19,490,000
₫4,190,000
₫3,150,000
₫8,289,600
₫3,989,700
₫4,274,064
₫7,490,000
₫4,990,000
₫2,590,000
₫3,490,000
₫6,590,000
₫1,690,000
₫19,190,000
₫22,290,000
₫2,790,000
₫4,990,000
₫31,190,000
₫1,200,000
₫4,490,000
₫429,000
₫26,490,000
₫29,340,000
₫4,289,000
₫26,140,000
₫3,875,000
₫4,690,000
₫2,290,000
₫21,820,000
₫28,680,000
₫12,790,000
₫9,990,200
₫14,090,000
₫3,558,000
₫14,640,000
₫5,290,000
₫7,850,000
₫26,990,000
₫20,730,000
₫2,859,000
₫28,190,000
₫19,490,000
₫4,190,000
₫3,150,000
₫8,289,600
₫3,989,700
₫4,274,064
₫7,490,000
₫4,990,000
₫2,590,000
₫3,490,000
₫6,590,000
₫1,690,000
₫19,190,000
₫22,290,000
₫2,790,000
₫4,990,000
₫31,190,000
₫1,200,000
₫4,490,000
₫429,000
₫26,490,000
₫29,340,000
₫4,289,000
₫26,140,000
₫3,875,000
₫4,690,000
₫2,290,000
₫21,820,000
₫28,680,000
₫12,790,000
₫9,990,200
₫14,090,000
₫3,558,000
₫14,640,000
₫5,290,000
₫7,850,000
₫26,990,000
₫20,730,000
₫2,859,000
₫28,190,000
₫19,490,000
₫4,190,000
₫3,150,000
₫8,289,600
₫3,989,700
₫4,274,064
₫7,490,000
₫4,990,000
₫2,590,000
₫3,490,000
₫6,590,000
₫1,690,000
₫19,190,000
₫22,290,000
₫2,790,000
₫4,990,000
₫31,190,000
₫1,200,000
₫4,490,000
₫429,000
₫26,490,000
₫29,340,000
₫4,289,000
₫26,140,000
₫3,875,000
₫4,690,000
₫2,290,000
₫21,820,000
₫28,680,000
₫12,790,000
₫9,990,200
₫14,090,000
₫3,558,000
₫14,640,000
₫5,290,000
₫7,850,000
₫26,990,000
₫20,730,000
₫2,859,000
₫28,190,000
₫19,490,000
₫4,190,000
₫3,150,000
₫8,289,600
₫3,989,700
₫4,274,064
₫7,490,000
₫4,990,000
₫2,590,000
₫3,490,000
₫6,590,000
₫1,690,000
₫19,190,000
₫22,290,000
₫2,790,000
₫4,990,000
₫31,190,000
₫1,200,000
₫4,490,000
₫429,000
₫26,490,000
₫29,340,000
₫4,289,000
₫26,140,000
₫3,875,000
₫4,690,000
₫2,290,000
₫21,820,000
₫28,680,000
₫12,790,000
₫9,990,200
₫14,090,000
₫3,558,000
₫14,640,000
₫5,290,000
₫7,850,000
₫26,990,000
₫20,730,000
₫2,859,000
₫28,190,000
₫19,490,000
₫4,190,000
₫3,150,000
₫8,289,600
₫3,989,700
₫4,274,064
₫7,490,000
₫4,990,000
₫2,590,000
₫3,490,000
₫6,590,000
₫1,690,000
₫19,190,000
₫22,290,000
₫2,790,000
₫4,990,000
₫31,190,000
₫1,200,000
₫4,490,000
₫429,000
₫26,490,000
₫29,340,000
₫4,289,000
₫26,140,000
₫3,875,000
₫4,690,000
₫2,290,000
₫21,820,000
₫28,680,000
₫12,790,000
₫9,990,200
₫14,090,000
₫3,558,000
₫14,640,000
₫5,290,000
₫7,850,000
₫26,990,000
₫20,730,000
₫2,859,000
₫28,190,000
₫19,490,000
₫4,190,000
₫3,150,000
₫8,289,600
₫3,989,700
₫4,274,064
₫7,490,000
₫4,990,000
₫2,590,000
₫3,490,000
₫6,590,000
₫1,690,000
₫19,190,000
₫22,290,000
₫2,790,000
₫4,990,000
₫31,190,000
₫1,200,000
₫4,490,000
₫429,000
₫26,490,000
₫29,340,000
₫4,289,000
₫26,140,000
₫3,875,000
₫4,690,000
₫2,290,000
₫21,820,000
₫28,680,000
₫12,790,000
₫9,990,200
₫14,090,000
₫3,558,000
₫14,640,000
₫5,290,000
₫7,850,000
₫26,990,000
₫20,730,000
₫2,859,000
₫28,190,000
₫19,490,000
₫4,190,000
₫3,150,000
₫8,289,600
₫3,989,700
₫4,274,064
₫7,490,000
₫4,990,000
₫2,590,000
₫3,490,000
₫6,590,000
₫1,690,000
₫19,190,000
₫22,290,000
₫2,790,000
₫4,990,000
₫31,190,000
₫1,200,000
₫4,490,000
₫429,000
₫26,490,000
₫29,340,000
₫4,289,000
₫26,140,000
₫3,875,000
₫4,690,000
₫2,290,000
₫21,820,000
₫28,680,000
₫12,790,000
₫9,990,200
₫14,090,000
₫3,558,000
₫14,640,000
₫5,290,000
₫7,850,000
₫26,990,000
₫20,730,000
₫2,859,000
₫28,190,000
₫19,490,000
₫4,190,000
₫3,150,000
₫8,289,600
₫3,989,700
₫4,274,064
₫7,490,000
₫4,990,000
₫2,590,000
₫3,490,000
₫6,590,000
₫1,690,000
₫19,190,000
₫22,290,000
₫2,790,000
₫4,990,000
₫31,190,000
₫1,200,000
₫4,490,000
₫429,000
₫26,490,000
₫29,340,000
₫4,289,000
₫26,140,000
₫3,875,000
₫4,690,000
₫2,290,000
₫21,820,000
₫28,680,000
₫12,790,000
₫9,990,200
₫14,090,000
₫3,558,000
₫14,640,000
₫5,290,000
₫7,850,000
₫26,990,000
₫20,730,000
₫2,859,000
₫28,190,000
₫19,490,000
₫4,190,000
₫3,150,000
₫8,289,600
₫3,989,700
₫4,274,064
₫7,490,000
₫4,990,000
₫2,590,000
₫3,490,000
₫6,590,000
₫1,690,000
₫19,190,000
₫22,290,000
₫2,790,000
₫4,990,000
₫31,190,000
₫1,200,000
₫4,490,000
₫429,000
₫26,490,000
₫29,340,000
₫4,289,000
₫26,140,000
₫3,875,000
₫4,690,000
₫2,290,000
₫21,820,000
₫28,680,000
₫12,790,000
₫9,990,200
₫14,090,000
₫3,558,000
₫14,640,000
₫5,290,000
₫7,850,000
₫26,990,000
₫20,730,000
₫2,859,000
₫28,190,000
₫19,490,000
₫4,190,000
₫3,150,000
₫8,289,600
₫3,989,700
₫4,274,064
₫7,490,000
₫4,990,000
₫2,590,000
₫3,490,000
₫6,590,000
₫1,690,000
₫19,190,000
₫22,290,000
₫2,790,000
₫4,990,000
₫31,190,000
₫1,200,000
₫4,490,000
₫429,000
₫26,490,000
₫29,340,000
₫4,289,000
₫26,140,000
₫3,875,000
₫4,690,000
₫2,290,000
₫21,820,000
₫28,680,000
₫12,790,000
₫9,990,200
₫14,090,000
₫3,558,000
₫14,640,000
₫5,290,000
₫7,850,000
₫26,990,000
₫20,730,000
₫2,859,000
₫28,190,000
₫19,490,000
₫4,190,000
₫3,150,000
₫8,289,600
₫3,989,700
₫4,274,064
₫7,490,000
₫4,990,000
₫2,590,000
₫3,490,000
₫6,590,000
₫1,690,000
₫19,190,000
₫22,290,000
₫2,790,000
₫4,990,000
₫31,190,000
₫1,200,000
₫4,490,000
₫429,000
₫26,490,000
₫29,340,000
₫4,289,000
₫26,140,000
₫3,875,000
₫4,690,000
₫2,290,000
₫21,820,000
₫28,680,000
₫12,790,000
₫9,990,200
₫14,090,000
₫3,558,000
₫14,640,000
₫5,290,000
₫7,850,000
₫26,990,000
₫20,730,000
₫2,859,000
₫28,190,000
₫19,490,000
₫4,190,000
₫3,150,000
₫8,289,600
₫3,989,700
₫4,274,064
₫7,490,000
₫4,990,000
₫2,590,000
₫3,490,000
₫6,590,000
₫1,690,000
₫19,190,000
₫22,290,000
₫2,790,000
₫4,990,000
₫31,190,000
₫1,200,000
₫4,490,000
₫429,000
₫26,490,000
₫29,340,000
₫4,289,000
₫26,140,000
₫3,875,000
₫4,690,000
₫2,290,000
₫21,820,000
₫28,680,000
₫12,790,000
₫9,990,200
₫14,090,000
₫3,558,000
₫14,640,000
₫5,290,000
₫7,850,000
₫26,990,000
₫20,730,000
₫2,859,000
₫28,190,000
₫19,490,000
₫4,190,000
₫3,150,000
₫8,289,600
₫3,989,700
₫4,274,064
₫7,490,000
₫4,990,000
₫2,590,000
₫3,490,000
₫6,590,000
₫1,690,000
₫19,190,000
₫22,290,000
₫2,790,000
₫4,990,000
₫31,190,000
₫1,200,000
₫4,490,000
₫429,000
₫26,490,000
₫29,340,000
₫4,289,000
₫26,140,000
₫3,875,000
₫4,690,000
₫2,290,000
₫21,820,000
₫28,680,000
₫12,790,000
₫9,990,200
₫14,090,000
₫3,558,000
₫14,640,000
₫5,290,000
₫7,850,000
₫26,990,000
₫20,730,000
₫2,859,000
₫28,190,000
₫19,490,000
₫4,190,000
₫3,150,000
₫8,289,600
₫3,989,700
₫4,274,064
₫7,490,000
₫4,990,000
₫2,590,000
₫3,490,000
₫6,590,000
₫1,690,000
₫19,190,000
₫22,290,000
₫2,790,000
₫4,990,000
₫31,190,000
₫1,200,000
₫4,490,000
₫429,000
₫26,490,000
₫29,340,000
₫4,289,000
₫26,140,000
₫3,875,000
₫4,690,000
₫2,290,000
₫21,820,000
₫28,680,000
₫12,790,000
₫9,990,200
₫14,090,000
₫3,558,000
₫14,640,000
₫5,290,000
₫7,850,000
₫26,990,000
₫20,730,000
₫2,859,000
₫28,190,000
₫19,490,000
₫4,190,000
₫3,150,000
₫8,289,600
₫3,989,700
₫4,274,064
₫7,490,000
₫4,990,000
₫2,590,000
₫3,490,000
₫6,590,000
₫1,690,000
₫19,190,000
₫22,290,000
₫2,790,000
₫4,990,000
₫31,190,000
₫1,200,000
₫4,490,000
₫429,000
₫26,490,000
₫29,340,000
₫4,289,000
₫26,140,000
₫3,875,000
₫4,690,000
₫2,290,000
₫21,820,000
₫28,680,000
₫12,790,000
₫9,990,200
₫14,090,000
₫3,558,000
₫14,640,000
₫5,290,000
₫7,850,000
₫26,990,000
₫20,730,000
₫2,859,000
₫28,190,000
₫19,490,000
₫4,190,000
₫3,150,000
₫8,289,600
₫3,989,700
₫4,274,064
₫7,490,000
₫4,990,000
₫2,590,000
₫3,490,000
₫6,590,000
₫1,690,000
₫19,190,000
₫22,290,000
₫2,790,000
₫4,990,000
₫31,190,000
₫1,200,000
₫4,490,000
₫429,000
₫26,490,000
₫29,340,000
₫4,289,000
₫26,140,000
₫3,875,000
₫4,690,000
₫2,290,000
₫21,820,000
₫28,680,000
₫12,790,000
₫9,990,200
₫14,090,000
₫3,558,000
₫14,640,000
₫5,290,000
₫7,850,000
₫26,990,000
₫20,730,000
₫2,859,000
₫28,190,000
₫19,490,000
₫4,190,000
₫3,150,000
₫8,289,600
₫3,989,700
₫4,274,064
₫7,490,000
₫4,990,000
₫2,590,000
₫3,490,000
₫6,590,000
₫1,690,000
₫19,190,000
₫22,290,000
₫2,790,000
₫4,990,000
₫31,190,000
₫1,200,000
₫4,490,000
₫429,000
₫26,490,000
₫29,340,000
₫4,289,000
₫26,140,000
₫3,875,000
₫4,690,000
₫2,290,000
₫21,820,000
₫28,680,000
₫12,790,000
₫9,990,200
₫14,090,000
₫3,558,000
₫14,640,000
₫5,290,000
₫7,850,000
₫26,990,000
₫20,730,000
₫2,859,000
₫28,190,000
₫19,490,000
₫4,190,000
₫3,150,000
₫8,289,600
₫3,989,700
₫4,274,064
₫7,490,000
₫4,990,000
₫2,590,000
₫3,490,000
₫6,590,000
₫1,690,000
₫19,190,000
₫22,290,000
₫2,790,000
₫4,990,000
₫31,190,000
₫1,200,000
₫4,490,000
₫429,000
₫26,490,000
₫29,340,000
₫4,289,000
₫26,140,000
₫3,875,000
₫4,690,000
₫2,290,000
₫21,820,000
₫28,680,000
₫12,790,000
₫9,990,200
₫14,090,000
₫3,558,000
₫14,640,000
₫5,290,000
₫7,850,000
₫26,990,000
₫20,730,000
₫2,859,000
₫28,190,000
₫19,490,000
₫4,190,000
₫3,150,000
₫8,289,600
₫3,989,700
₫4,274,064
₫7,490,000
₫4,990,000
₫2,590,000
₫3,490,000
₫6,590,000
₫1,690,000
₫19,190,000
₫22,290,000
₫2,790,000
₫4,990,000
₫31,190,000
₫1,200,000
₫4,490,000
₫429,000
₫26,490,000
₫29,340,000
₫4,289,000
₫26,140,000
₫3,875,000
₫4,690,000
₫2,290,000
₫21,820,000
₫28,680,000
₫12,790,000
₫9,990,200
₫14,090,000
₫3,558,000
₫14,640,000
₫5,290,000
₫7,850,000
₫26,990,000
₫20,730,000
₫2,859,000
₫28,190,000
₫19,490,000
₫4,190,000
₫3,150,000
₫8,289,600
₫3,989,700
₫4,274,064
₫7,490,000
₫4,990,000
₫2,590,000
₫3,490,000
₫6,590,000
₫1,690,000
₫19,190,000
₫22,290,000
₫2,790,000
₫4,990,000
₫31,190,000
₫1,200,000
₫4,490,000
₫429,000
₫26,490,000
₫29,340,000
₫4,289,000
₫26,140,000
₫3,875,000
₫4,690,000
₫2,290,000
₫21,820,000
₫28,680,000
₫12,790,000
₫9,990,200
₫14,090,000
₫3,558,000
₫14,640,000
₫5,290,000
₫7,850,000
₫26,990,000
₫20,730,000
₫2,859,000
₫28,190,000
₫19,490,000
₫4,190,000
₫3,150,000
₫8,289,600
₫3,989,700
₫4,274,064
₫7,490,000
₫4,990,000
₫2,590,000
₫3,490,000
₫6,590,000
₫1,690,000
₫19,190,000
₫22,290,000
₫2,790,000
₫4,990,000
₫31,190,000
₫1,200,000
₫4,490,000
₫429,000
₫26,490,000
₫29,340,000
₫4,289,000
₫26,140,000
₫3,875,000
₫4,690,000
₫2,290,000
₫21,820,000
₫28,680,000
₫12,790,000
₫9,990,200
₫14,090,000
₫3,558,000
₫14,640,000
₫5,290,000
₫7,850,000
₫26,990,000
₫20,730,000
₫2,859,000
₫28,190,000
₫19,490,000
₫4,190,000
₫3,150,000
₫8,289,600
₫3,989,700
₫4,274,064
₫7,490,000
₫4,990,000
₫2,590,000
₫3,490,000
₫6,590,000
₫1,690,000
₫19,190,000
₫22,290,000
₫2,790,000
₫4,990,000
₫31,190,000
₫1,200,000
₫4,490,000
₫429,000
₫26,490,000
₫29,340,000
₫4,289,000
₫26,140,000
₫3,875,000
₫4,690,000
₫2,290,000
₫21,820,000
₫28,680,000
₫12,790,000
₫9,990,200
₫14,090,000
₫3,558,000
₫14,640,000
₫5,290,000
₫7,850,000
₫26,990,000
₫20,730,000
₫2,859,000
₫28,190,000
₫19,490,000
₫4,190,000
₫3,150,000
₫8,289,600
₫3,989,700
₫4,274,064
₫7,490,000
₫4,990,000
₫2,590,000
₫3,490,000
₫6,590,000
₫1,690,000
₫19,190,000
₫22,290,000
₫2,790,000
₫4,990,000
₫31,190,000
₫1,200,000
₫4,490,000
₫429,000
₫26,490,000
₫29,340,000
₫4,289,000
₫26,140,000
₫3,875,000
₫4,690,000
₫2,290,000
₫21,820,000
₫28,680,000
₫12,790,000
₫9,990,200
₫14,090,000
₫3,558,000
₫14,640,000
₫5,290,000
₫7,850,000
₫26,990,000
₫20,730,000
₫2,859,000
₫28,190,000
₫19,490,000
₫4,190,000
₫3,150,000
₫8,289,600
₫3,989,700
₫4,274,064
₫7,490,000
₫4,990,000
₫2,590,000
₫3,490,000
₫6,590,000
₫1,690,000
₫19,190,000
₫22,290,000
₫2,790,000
₫4,990,000
₫31,190,000
₫1,200,000
₫4,490,000
₫429,000
₫26,490,000
₫29,340,000
₫4,289,000
₫26,140,000
₫3,875,000
₫4,690,000
₫2,290,000
₫21,820,000
₫28,680,000
₫12,790,000
₫9,990,200
₫14,090,000
₫3,558,000
₫14,640,000
₫5,290,000
₫7,850,000
₫26,990,000
₫20,730,000
₫2,859,000
₫28,190,000
₫19,490,000
₫4,190,000
₫3,150,000
₫8,289,600
₫3,989,700
₫4,274,064
₫7,490,000
₫4,990,000
₫2,590,000
₫3,490,000
₫6,590,000
₫1,690,000
₫19,190,000
₫22,290,000
₫2,790,000
₫4,990,000
₫31,190,000
₫1,200,000
₫4,490,000
₫429,000
₫26,490,000
₫29,340,000
₫4,289,000
₫26,140,000
₫3,875,000
₫4,690,000
₫2,290,000
₫21,820,000
₫28,680,000
₫12,790,000
₫9,990,200
₫14,090,000
₫3,558,000
₫14,640,000
₫5,290,000
₫7,850,000
₫26,990,000
₫20,730,000
₫2,859,000
₫28,190,000
₫19,490,000
₫4,190,000
₫3,150,000
₫8,289,600
₫3,989,700
₫4,274,064
₫7,490,000
₫4,990,000
₫2,590,000
₫3,490,000
₫6,590,000
₫1,690,000
₫19,190,000
₫22,290,000
₫2,790,000
₫4,990,000
₫31,190,000
₫1,200,000
₫4,490,000
₫429,000
₫26,490,000
₫29,340,000
₫4,289,000
₫26,140,000
₫3,875,000
₫4,690,000
₫2,290,000
₫21,820,000
₫28,680,000
₫12,790,000
₫9,990,200
₫14,090,000
₫3,558,000
₫14,640,000
₫5,290,000
₫7,850,000
₫26,990,000
₫20,730,000
₫2,859,000
₫28,190,000
₫19,490,000
₫4,190,000
₫3,150,000
₫8,289,600
₫3,989,700
₫4,274,064
₫7,490,000
₫4,990,000
₫2,590,000
₫3,490,000
₫6,590,000
₫1,690,000
₫19,190,000
₫22,290,000
₫2,790,000
₫4,990,000
₫31,190,000
₫1,200,000
₫4,490,000
₫429,000
₫26,490,000
₫29,340,000
₫4,289,000
₫26,140,000
₫3,875,000
₫4,690,000
₫2,290,000
₫21,820,000
₫28,680,000
₫12,790,000
₫9,990,200
₫14,090,000
₫3,558,000
₫14,640,000
₫5,290,000
₫7,850,000
₫26,990,000
₫20,730,000
₫2,859,000
₫28,190,000
₫19,490,000
₫4,190,000
₫3,150,000
₫8,289,600
₫3,989,700
₫4,274,064
₫7,490,000
₫4,990,000
₫2,590,000
₫3,490,000
₫6,590,000
₫1,690,000
₫19,190,000
₫22,290,000
₫2,790,000
₫4,990,000
₫31,190,000
₫1,200,000
₫4,490,000
₫429,000
₫26,490,000
₫29,340,000
₫4,289,000
₫26,140,000
₫3,875,000
₫4,690,000
₫2,290,000
₫21,820,000
₫28,680,000
₫12,790,000
₫9,990,200
₫14,090,000
₫3,558,000
₫14,640,000
₫5,290,000
₫7,850,000
₫26,990,000
₫20,730,000
₫2,859,000
₫28,190,000
₫19,490,000
₫4,190,000
₫3,150,000
₫8,289,600
₫3,989,700
₫4,274,064
₫7,490,000
₫4,990,000
₫2,590,000
₫3,490,000
₫6,590,000
₫1,690,000
₫19,190,000
₫22,290,000
₫2,790,000
₫4,990,000
₫31,190,000
₫1,200,000
₫4,490,000
₫429,000
₫26,490,000
₫29,340,000
₫4,289,000
₫26,140,000
₫3,875,000
₫4,690,000
₫2,290,000
₫21,820,000
₫28,680,000
₫12,790,000
₫9,990,200
₫14,090,000
₫3,558,000
₫14,640,000
₫5,290,000
₫7,850,000
₫26,990,000
₫20,730,000
₫2,859,000
₫28,190,000
₫19,490,000
₫4,190,000
₫3,150,000
₫8,289,600
₫3,989,700
₫4,274,064
₫7,490,000
₫4,990,000
₫2,590,000
₫3,490,000
₫6,590,000
₫1,690,000
₫19,190,000
₫22,290,000
₫2,790,000
₫4,990,000
₫31,190,000
₫1,200,000
₫4,490,000
₫429,000
₫26,490,000
₫29,340,000
₫4,289,000
₫26,140,000
₫3,875,000
₫4,690,000
₫2,290,000
₫21,820,000
₫28,680,000
₫12,790,000
₫9,990,200
₫14,090,000
₫3,558,000
₫14,640,000
₫5,290,000
₫7,850,000
₫26,990,000
₫20,730,000
₫2,859,000
₫28,190,000
₫19,490,000
₫4,190,000
₫3,150,000
₫8,289,600
₫3,989,700
₫4,274,064
₫7,490,000
₫4,990,000
₫2,590,000
₫3,490,000
₫6,590,000
₫1,690,000
₫19,190,000
₫22,290,000
₫2,790,000
₫4,990,000
₫31,190,000
₫1,200,000
₫4,490,000
₫429,000
₫26,490,000
₫29,340,000
₫4,289,000
₫26,140,000
₫3,875,000
₫4,690,000
₫2,290,000
₫21,820,000
₫28,680,000
₫12,790,000
₫9,990,200
₫14,090,000
₫3,558,000
₫14,640,000
₫5,290,000
₫7,850,000
₫26,990,000
₫20,730,000
₫2,859,000
₫28,190,000
₫19,490,000
₫4,190,000
₫3,150,000
₫8,289,600
₫3,989,700
₫4,274,064
₫7,490,000
₫4,990,000
₫2,590,000
₫3,490,000
₫6,590,000
₫1,690,000
₫19,190,000
₫22,290,000
₫2,790,000
₫4,990,000
₫31,190,000
₫1,200,000
₫4,490,000
₫429,000
₫26,490,000
₫29,340,000
₫4,289,000
₫26,140,000
₫3,875,000
₫4,690,000
₫2,290,000
₫21,820,000
₫28,680,000
₫12,790,000
₫9,990,200
₫14,090,000
₫3,558,000
₫14,640,000
₫5,290,000
₫7,850,000
₫26,990,000
₫20,730,000
₫2,859,000
₫28,190,000
₫19,490,000
₫4,190,000
₫3,150,000
₫8,289,600
₫3,989,700
₫4,274,064
₫7,490,000
₫4,990,000
₫2,590,000
₫3,490,000
₫6,590,000
₫1,690,000
₫19,190,000
₫22,290,000
₫2,790,000
₫4,990,000
₫31,190,000
₫1,200,000
₫4,490,000
₫429,000
₫26,490,000
₫29,340,000
₫4,289,000
₫26,140,000
₫3,875,000
₫4,690,000
₫2,290,000
₫21,820,000
₫28,680,000
₫12,790,000
₫9,990,200
₫14,090,000
₫3,558,000
₫14,640,000
₫5,290,000
₫7,850,000
₫26,990,000
₫20,730,000
₫2,859,000
₫28,190,000
₫19,490,000
₫4,190,000
₫3,150,000
₫8,289,600
₫3,989,700
₫4,274,064
₫7,490,000
₫4,990,000
₫2,590,000
₫3,490,000
₫6,590,000
₫1,690,000
₫19,190,000
₫22,290,000
₫2,790,000
₫4,990,000
₫31,190,000
₫1,200,000
₫4,490,000
₫429,000
₫26,490,000
₫29,340,000
₫4,289,000
₫26,140,000
₫3,875,000
₫4,690,000
₫2,290,000
₫21,820,000
₫28,680,000
₫12,790,000
₫9,990,200
₫14,090,000
₫3,558,000
₫14,640,000
₫5,290,000
₫7,850,000
₫26,990,000
₫20,730,000
₫2,859,000
₫28,190,000
₫19,490,000
₫4,190,000
₫3,150,000
₫8,289,600
₫3,989,700
₫4,274,064
₫7,490,000
₫4,990,000
₫2,590,000
₫3,490,000
₫6,590,000
₫1,690,000
₫19,190,000
₫22,290,000
₫2,790,000
₫4,990,000
₫31,190,000
₫1,200,000
₫4,490,000
₫429,000
₫26,490,000
₫29,340,000
₫4,289,000
₫26,140,000
₫3,875,000
₫4,690,000
₫2,290,000
₫21,820,000
₫28,680,000
₫12,790,000
₫9,990,200
₫14,090,000
₫3,558,000
₫14,640,000
₫5,290,000
₫7,850,000
₫26,990,000
₫20,730,000
₫2,859,000
₫28,190,000
₫19,490,000
₫4,190,000
₫3,150,000
₫8,289,600
₫3,989,700
₫4,274,064
₫7,490,000
₫4,990,000
₫2,590,000
₫3,490,000
₫6,590,000
₫1,690,000
₫19,190,000
₫22,290,000
₫2,790,000
₫4,990,000
₫31,190,000
₫1,200,000
₫4,490,000
₫429,000
₫26,490,000
₫29,340,000
₫4,289,000
₫26,140,000
₫3,875,000
₫4,690,000
₫2,290,000
₫21,820,000
₫28,680,000
₫12,790,000
₫9,990,200
₫14,090,000
₫3,558,000
₫14,640,000
₫5,290,000
₫7,850,000
₫26,990,000
₫20,730,000
₫2,859,000
₫28,190,000
₫19,490,000
₫4,190,000
₫3,150,000
₫8,289,600
₫3,989,700
₫4,274,064
₫7,490,000
₫4,990,000
₫2,590,000
₫3,490,000
₫6,590,000
₫1,690,000
₫19,190,000
₫22,290,000
₫2,790,000
₫4,990,000
₫31,190,000
₫1,200,000
₫4,490,000
₫429,000
₫26,490,000
₫29,340,000
₫4,289,000
₫26,140,000
₫3,875,000
₫4,690,000
₫2,290,000
₫21,820,000
₫28,680,000
₫12,790,000
₫9,990,200
₫14,090,000
₫3,558,000
₫14,640,000
₫5,290,000
₫7,850,000
₫26,990,000
₫20,730,000
₫2,859,000
₫28,190,000
₫19,490,000
₫4,190,000
₫3,150,000
₫8,289,600
₫3,989,700
₫4,274,064
₫7,490,000
₫4,990,000
₫2,590,000
₫3,490,000
₫6,590,000
₫1,690,000
₫19,190,000
₫22,290,000
₫2,790,000
₫4,990,000
₫31,190,000
₫1,200,000
₫4,490,000
₫429,000
₫26,490,000
₫29,340,000
₫4,289,000
₫26,140,000
₫3,875,000
₫4,690,000
₫2,290,000
₫21,820,000
₫28,680,000
₫12,790,000
₫9,990,200
₫14,090,000
₫3,558,000
₫14,640,000
₫5,290,000
₫7,850,000
₫26,990,000
₫20,730,000
₫2,859,000
₫28,190,000
₫19,490,000
₫4,190,000
₫3,150,000
₫8,289,600
₫3,989,700
₫4,274,064
₫7,490,000
₫4,990,000
₫2,590,000
₫3,490,000
₫6,590,000
₫1,690,000
₫19,190,000
₫22,290,000
₫2,790,000
₫4,990,000
₫31,190,000
₫1,200,000
₫4,490,000
₫429,000
₫26,490,000
₫29,340,000
₫4,289,000
₫26,140,000
₫3,875,000
₫4,690,000
₫2,290,000
₫21,820,000
₫28,680,000
₫12,790,000
₫9,990,200
₫14,090,000
₫3,558,000
₫14,640,000
₫5,290,000
₫7,850,000
₫26,990,000
₫20,730,000
₫2,859,000
₫28,190,000
₫19,490,000
₫4,190,000
₫3,150,000
₫8,289,600
₫3,989,700
₫4,274,064
₫7,490,000
₫4,990,000
₫2,590,000
₫3,490,000
₫6,590,000
₫1,690,000
₫19,190,000
₫22,290,000
₫2,790,000
₫4,990,000
₫31,190,000
₫1,200,000
₫4,490,000
₫429,000
₫26,490,000
₫29,340,000
₫4,289,000
₫26,140,000
₫3,875,000
₫4,690,000
₫2,290,000
₫21,820,000
₫28,680,000
₫12,790,000
₫9,990,200
₫14,090,000
₫3,558,000
₫14,640,000
₫5,290,000
₫7,850,000
₫26,990,000
₫20,730,000
₫2,859,000
₫28,190,000
₫19,490,000
₫4,190,000
₫3,150,000
₫8,289,600
₫3,989,700
₫4,274,064
₫7,490,000
₫4,990,000
₫2,590,000
₫3,490,000
₫6,590,000
₫1,690,000
₫19,190,000
₫22,290,000
₫2,790,000
₫4,990,000
₫31,190,000
₫1,200,000
₫4,490,000
₫429,000
₫26,490,000
₫29,340,000
₫4,289,000
₫26,140,000
₫3,875,000
₫4,690,000
₫2,290,000
₫21,820,000
₫28,680,000
₫12,790,000
₫9,990,200
₫14,090,000
₫3,558,000
₫14,640,000
₫5,290,000
₫7,850,000
₫26,990,000
₫20,730,000
₫2,859,000
₫28,190,000
₫19,490,000
₫4,190,000
₫3,150,000
₫8,289,600
₫3,989,700
₫4,274,064
₫7,490,000
₫4,990,000
₫2,590,000
₫3,490,000
₫6,590,000
₫1,690,000
₫19,190,000
₫22,290,000
₫2,790,000
₫4,990,000
₫31,190,000
₫1,200,000
₫4,490,000
₫429,000
₫26,490,000
₫29,340,000
₫4,289,000
₫26,140,000
₫3,875,000
₫4,690,000
₫2,290,000
₫21,820,000
₫28,680,000
₫12,790,000
₫9,990,200
₫14,090,000
₫3,558,000
₫14,640,000
₫5,290,000
₫7,850,000
₫26,990,000
₫20,730,000
₫2,859,000
₫28,190,000
₫19,490,000
₫4,190,000
₫3,150,000
₫8,289,600
₫3,989,700
₫4,274,064
₫7,490,000
₫4,990,000
₫2,590,000
₫3,490,000
₫6,590,000
₫1,690,000
₫19,190,000
₫22,290,000
₫2,790,000
₫4,990,000
₫31,190,000
₫1,200,000
₫4,490,000
₫429,000
₫26,490,000
₫29,340,000
₫4,289,000
₫26,140,000
₫3,875,000
₫4,690,000
₫2,290,000
₫21,820,000
₫28,680,000
₫12,790,000
₫9,990,200
₫14,090,000
₫3,558,000
₫14,640,000
₫5,290,000
₫7,850,000
₫26,990,000
₫20,730,000
₫2,859,000
₫28,190,000
₫19,490,000
₫4,190,000
₫3,150,000
₫8,289,600
₫3,989,700
₫4,274,064
₫7,490,000
₫4,990,000
₫2,590,000
₫3,490,000
₫6,590,000
₫1,690,000
₫19,190,000
₫22,290,000
₫2,790,000
₫4,990,000
₫31,190,000
₫1,200,000
₫4,490,000
₫429,000
₫26,490,000
₫29,340,000
₫4,289,000
₫26,140,000
₫3,875,000
₫4,690,000
₫2,290,000
₫21,820,000
₫28,680,000
₫12,790,000
₫9,990,200
₫14,090,000
₫3,558,000
₫14,640,000
₫5,290,000
₫7,850,000
₫26,990,000
₫20,730,000
₫2,859,000
₫28,190,000
₫19,490,000
₫4,190,000
₫3,150,000
₫8,289,600
₫3,989,700
₫4,274,064
₫7,490,000
₫4,990,000
₫2,590,000
₫3,490,000
₫6,590,000
₫1,690,000
₫19,190,000
₫22,290,000
₫2,790,000
₫4,990,000
₫31,190,000
₫1,200,000
₫4,490,000
₫429,000
₫26,490,000
₫29,340,000
₫4,289,000
₫26,140,000
₫3,875,000
₫4,690,000
₫2,290,000
₫21,820,000
₫28,680,000
₫12,790,000
₫9,990,200
₫14,090,000
₫3,558,000
₫14,640,000
₫5,290,000
₫7,850,000
₫26,990,000
₫20,730,000
₫2,859,000
₫28,190,000
₫19,490,000
₫4,190,000
₫3,150,000
₫8,289,600
₫3,989,700
₫4,274,064
₫7,490,000
₫4,990,000
₫2,590,000
₫3,490,000
₫6,590,000
₫1,690,000
₫19,190,000
₫22,290,000
₫2,790,000
₫4,990,000
₫31,190,000
₫1,200,000
₫4,490,000
₫429,000
₫26,490,000
₫29,340,000
₫4,289,000
₫26,140,000
₫3,875,000
₫4,690,000
₫2,290,000
₫21,820,000
₫28,680,000
₫12,790,000
₫9,990,200
₫14,090,000
₫3,558,000
₫14,640,000
₫5,290,000
₫7,850,000
₫26,990,000
₫20,730,000
₫2,859,000
₫28,190,000
₫19,490,000
₫4,190,000
₫3,150,000
₫8,289,600
₫3,989,700
₫4,274,064
₫7,490,000
₫4,990,000
₫2,590,000
₫3,490,000
₫6,590,000
₫1,690,000
₫19,190,000
₫22,290,000
₫2,790,000
₫4,990,000
₫31,190,000
₫1,200,000
₫4,490,000
₫429,000
₫26,490,000
₫29,340,000
₫4,289,000
₫26,140,000
₫3,875,000
₫4,690,000
₫2,290,000
₫21,820,000
₫28,680,000
₫12,790,000
₫9,990,200
₫14,090,000
₫3,558,000
₫14,640,000
₫5,290,000
₫7,850,000
₫26,990,000
₫20,730,000
₫2,859,000
₫28,190,000
₫19,490,000
₫4,190,000
₫3,150,000
₫8,289,600
₫3,989,700
₫4,274,064
₫7,490,000
₫4,990,000
₫2,590,000
₫3,490,000
₫6,590,000
₫1,690,000
₫19,190,000
₫22,290,000
₫2,790,000
₫4,990,000
₫31,190,000
₫1,200,000
₫4,490,000
₫429,000
₫26,490,000
₫29,340,000
₫4,289,000
₫26,140,000
₫3,875,000
₫4,690,000
₫2,290,000
₫21,820,000
₫28,680,000
₫12,790,000
₫9,990,200
₫14,090,000
₫3,558,000
₫14,640,000
₫5,290,000
₫7,850,000
₫26,990,000
₫20,730,000
₫2,859,000
₫28,190,000
₫19,490,000
₫4,190,000
₫3,150,000
₫8,289,600
₫3,989,700
₫4,274,064
₫7,490,000
₫4,990,000
₫2,590,000
₫3,490,000
₫6,590,000
₫1,690,000
₫19,190,000
₫22,290,000
₫2,790,000
₫4,990,000
₫31,190,000
₫1,200,000
₫4,490,000
₫429,000
₫26,490,000
₫29,340,000
₫4,289,000
₫26,140,000
₫3,875,000
₫4,690,000
₫2,290,000
₫21,820,000
₫28,680,000
₫12,790,000
₫9,990,200
₫14,090,000
₫3,558,000
₫14,640,000
₫5,290,000
₫7,850,000
₫26,990,000
₫20,730,000
₫2,859,000
₫28,190,000
₫19,490,000
₫4,190,000
₫3,150,000
₫8,289,600
₫3,989,700
₫4,274,064
₫7,490,000
₫4,990,000
₫2,590,000
₫3,490,000
₫6,590,000
₫1,690,000
₫19,190,000
₫22,290,000
₫2,790,000
₫4,990,000
₫31,190,000
₫1,200,000
₫4,490,000
₫429,000
₫26,490,000
₫29,340,000
₫4,289,000
₫26,140,000
₫3,875,000
₫4,690,000
₫2,290,000
₫21,820,000
₫28,680,000
₫12,790,000
₫9,990,200
₫14,090,000
₫3,558,000
₫14,640,000
₫5,290,000
₫7,850,000
₫26,990,000
₫20,730,000
₫2,859,000
₫28,190,000
₫19,490,000
₫4,190,000
₫3,150,000
₫8,289,600
₫3,989,700
₫4,274,064
₫7,490,000
₫4,990,000
₫2,590,000
₫3,490,000
₫6,590,000
₫1,690,000
₫19,190,000
₫22,290,000
₫2,790,000
₫4,990,000
₫31,190,000
₫1,200,000
₫4,490,000
₫429,000
₫26,490,000
₫29,340,000
₫4,289,000
₫26,140,000
₫3,875,000
₫4,690,000
₫2,290,000
₫21,820,000
₫28,680,000
₫12,790,000
₫9,990,200
₫14,090,000
₫3,558,000
₫14,640,000
₫5,290,000
₫7,850,000
₫26,990,000
₫20,730,000
₫2,859,000
₫28,190,000
₫19,490,000
₫4,190,000
₫3,150,000
₫8,289,600
₫3,989,700
₫4,274,064
₫7,490,000
₫4,990,000
₫2,590,000
₫3,490,000
₫6,590,000
₫1,690,000
₫19,190,000
₫22,290,000
₫2,790,000
₫4,990,000
₫31,190,000
₫1,200,000
₫4,490,000
₫429,000
₫26,490,000
₫29,340,000
₫4,289,000
₫26,140,000
₫3,875,000
₫4,690,000
₫2,290,000
₫21,820,000
₫28,680,000
₫12,790,000
₫9,990,200
₫14,090,000
₫3,558,000
₫14,640,000
₫5,290,000
₫7,850,000
₫26,990,000
₫20,730,000
₫2,859,000
₫28,190,000
₫19,490,000
₫4,190,000
₫3,150,000
₫8,289,600
₫3,989,700
₫4,274,064
₫7,490,000
₫4,990,000
₫2,590,000
₫3,490,000
₫6,590,000
₫1,690,000
₫19,190,000
₫22,290,000
₫2,790,000
₫4,990,000
₫31,190,000
₫1,200,000
₫4,490,000
₫429,000
₫26,490,000
₫29,340,000
₫4,289,000
₫26,140,000
₫3,875,000
₫4,690,000
₫2,290,000
₫21,820,000
₫28,680,000
₫12,790,000
₫9,990,200
₫14,090,000
₫3,558,000
₫14,640,000
₫5,290,000
₫7,850,000
₫26,990,000
₫20,730,000
₫2,859,000
₫28,190,000
₫19,490,000
₫4,190,000
₫3,150,000
₫8,289,600
₫3,989,700
₫4,274,064
₫7,490,000
₫4,990,000
₫2,590,000
₫3,490,000
₫6,590,000
₫1,690,000
₫19,190,000
₫22,290,000
₫2,790,000
₫4,990,000
₫31,190,000
₫1,200,000
₫4,490,000
₫429,000
₫26,490,000
₫29,340,000
₫4,289,000
₫26,140,000
₫3,875,000
₫4,690,000
₫2,290,000
₫21,820,000
₫28,680,000
₫12,790,000
₫9,990,200
₫14,090,000
₫3,558,000
₫14,640,000
₫5,290,000
₫7,850,000
₫26,990,000
₫20,730,000
₫2,859,000
₫28,190,000
₫19,490,000
₫4,190,000
₫3,150,000
₫8,289,600
₫3,989,700
₫4,274,064
₫7,490,000
₫4,990,000
₫2,590,000
₫3,490,000
₫6,590,000
₫1,690,000
₫19,190,000
₫22,290,000
₫2,790,000
₫4,990,000
₫31,190,000
₫1,200,000
₫4,490,000
₫429,000
₫26,490,000
₫29,340,000
₫4,289,000
₫26,140,000
₫3,875,000
₫4,690,000
₫2,290,000
₫21,820,000
₫28,680,000
₫12,790,000
₫9,990,200
₫14,090,000
₫3,558,000
₫14,640,000
₫5,290,000
₫7,850,000
₫26,990,000
₫20,730,000
₫2,859,000
₫28,190,000
₫19,490,000
₫4,190,000
₫3,150,000
₫8,289,600
₫3,989,700
₫4,274,064
₫7,490,000
₫4,990,000
₫2,590,000
₫3,490,000
₫6,590,000
₫1,690,000
₫19,190,000
₫22,290,000
₫2,790,000
₫4,990,000
₫31,190,000
₫1,200,000
₫4,490,000
₫429,000
₫26,490,000
₫29,340,000
₫4,289,000
₫26,140,000
₫3,875,000
₫4,690,000
₫2,290,000
₫21,820,000
₫28,680,000
₫12,790,000
₫9,990,200
₫14,090,000
₫3,558,000
₫14,640,000
₫5,290,000
₫7,850,000
₫26,990,000
₫20,730,000
₫2,859,000
₫28,190,000
₫19,490,000
₫4,190,000
₫3,150,000
₫8,289,600
₫3,989,700
₫4,274,064
₫7,490,000
₫4,990,000
₫2,590,000
₫3,490,000
₫6,590,000
₫1,690,000
₫19,190,000
₫22,290,000
₫2,790,000
₫4,990,000
₫31,190,000
₫1,200,000
₫4,490,000
₫429,000
₫26,490,000
₫29,340,000
₫4,289,000
₫26,140,000
₫3,875,000
₫4,690,000
₫2,290,000
₫21,820,000
₫28,680,000
₫12,790,000
₫9,990,200
₫14,090,000
₫3,558,000
₫14,640,000
₫5,290,000
₫7,850,000
₫26,990,000
₫20,730,000
₫2,859,000
₫28,190,000
₫19,490,000
₫4,190,000
₫3,150,000
₫8,289,600
₫3,989,700
₫4,274,064
₫7,490,000
₫4,990,000
₫2,590,000
₫3,490,000
₫6,590,000
₫1,690,000
₫19,190,000
₫22,290,000
₫2,790,000
₫4,990,000
₫31,190,000
₫1,200,000
₫4,490,000
₫429,000
₫26,490,000
₫29,340,000
₫4,289,000
₫26,140,000
₫3,875,000
₫4,690,000
₫2,290,000
₫21,820,000
₫28,680,000
₫12,790,000
₫9,990,200
₫14,090,000
₫3,558,000
₫14,640,000
₫5,290,000
₫7,850,000
₫26,990,000
₫20,730,000
₫2,859,000
₫28,190,000
₫19,490,000
₫4,190,000
₫3,150,000
₫8,289,600
₫3,989,700
₫4,274,064
₫7,490,000
₫4,990,000
₫2,590,000
₫3,490,000
₫6,590,000
₫1,690,000
₫19,190,000
₫22,290,000
₫2,790,000
₫4,990,000
₫31,190,000
₫1,200,000
₫4,490,000
₫429,000
₫26,490,000
₫29,340,000
₫4,289,000
₫26,140,000
₫3,875,000
₫4,690,000
₫2,290,000
₫21,820,000
₫28,680,000
₫12,790,000
₫9,990,200
₫14,090,000
₫3,558,000
₫14,640,000
₫5,290,000
₫7,850,000
₫26,990,000
₫20,730,000
₫2,859,000
₫28,190,000
₫19,490,000
₫4,190,000
₫3,150,000
₫8,289,600
₫3,989,700
₫4,274,064
₫7,490,000
₫4,990,000
₫2,590,000
₫3,490,000
₫6,590,000
₫1,690,000
₫19,190,000
₫22,290,000
₫2,790,000
₫4,990,000
₫31,190,000
₫1,200,000
₫4,490,000
₫429,000
₫26,490,000
₫29,340,000
₫4,289,000
₫26,140,000
₫3,875,000
₫4,690,000
₫2,290,000
₫21,820,000
₫28,680,000
₫12,790,000
₫9,990,200
₫14,090,000
₫3,558,000
₫14,640,000
₫5,290,000
₫7,850,000
₫26,990,000
₫20,730,000
₫2,859,000
₫28,190,000
₫19,490,000
₫4,190,000
₫3,150,000
₫8,289,600
₫3,989,700
₫4,274,064
₫7,490,000
₫4,990,000
₫2,590,000
₫3,490,000
₫6,590,000
₫1,690,000
₫19,190,000
₫22,290,000
₫2,790,000
₫4,990,000
₫31,190,000
₫1,200,000
₫4,490,000
₫429,000
₫26,490,000
₫29,340,000
₫4,289,000
₫26,140,000
₫3,875,000
₫4,690,000
₫2,290,000
₫21,820,000
₫28,680,000
₫12,790,000
₫9,990,200
₫14,090,000
₫3,558,000
₫14,640,000
₫5,290,000
₫7,850,000
₫26,990,000
₫20,730,000
₫2,859,000
₫28,190,000
₫19,490,000
₫4,190,000
₫3,150,000
₫8,289,600
₫3,989,700
₫4,274,064
₫7,490,000
₫4,990,000
₫2,590,000
₫3,490,000
₫6,590,000
₫1,690,000
₫19,190,000
₫22,290,000
₫2,790,000
₫4,990,000
₫31,190,000
₫1,200,000
₫4,490,000
₫429,000
₫26,490,000
₫29,340,000
₫4,289,000
₫26,140,000
₫3,875,000
₫4,690,000
₫2,290,000
₫21,820,000
₫28,680,000
₫12,790,000
₫9,990,200
₫14,090,000
₫3,558,000
₫14,640,000
₫5,290,000
₫7,850,000
₫26,990,000
₫20,730,000
₫2,859,000
₫28,190,000
₫19,490,000
₫4,190,000
₫3,150,000
₫8,289,600
₫3,989,700
₫4,274,064
₫7,490,000
₫4,990,000
₫2,590,000
₫3,490,000
₫6,590,000
₫1,690,000
₫19,190,000
₫22,290,000
₫2,790,000
₫4,990,000
₫31,190,000
₫1,200,000
₫4,490,000
₫429,000
₫26,490,000
₫29,340,000
₫4,289,000
₫26,140,000
₫3,875,000
₫4,690,000
₫2,290,000
₫21,820,000
₫28,680,000
₫12,790,000
₫9,990,200
₫14,090,000
₫3,558,000
₫14,640,000
₫5,290,000
₫7,850,000
₫26,990,000
₫20,730,000
₫2,859,000
₫28,190,000
₫19,490,000
₫4,190,000
₫3,150,000
₫8,289,600
₫3,989,700
₫4,274,064
₫7,490,000
₫4,990,000
₫2,590,000
₫3,490,000
₫6,590,000
₫1,690,000
₫19,190,000
₫22,290,000
₫2,790,000
₫4,990,000
₫31,190,000
₫1,200,000
₫4,490,000
₫429,000
₫26,490,000
₫29,340,000
₫4,289,000
₫26,140,000
₫3,875,000
₫4,690,000
₫2,290,000
₫21,820,000
₫28,680,000
₫12,790,000
₫9,990,200
₫14,090,000
₫3,558,000
₫14,640,000
₫5,290,000
₫7,850,000
₫26,990,000
₫20,730,000
₫2,859,000
₫28,190,000
₫19,490,000
₫4,190,000
₫3,150,000
₫8,289,600
₫3,989,700
₫4,274,064
₫7,490,000
₫4,990,000
₫2,590,000
₫3,490,000
₫6,590,000
₫1,690,000
₫19,190,000
₫22,290,000
₫2,790,000
₫4,990,000
₫31,190,000
₫1,200,000
₫4,490,000
₫429,000
₫26,490,000
₫29,340,000
₫4,289,000
₫26,140,000
₫3,875,000
₫4,690,000
₫2,290,000
₫21,820,000
₫28,680,000
₫12,790,000
₫9,990,200
₫14,090,000
₫3,558,000
₫14,640,000
₫5,290,000
₫7,850,000
₫26,990,000
₫20,730,000
₫2,859,000
₫28,190,000
₫19,490,000
₫4,190,000
₫3,150,000
₫8,289,600
₫3,989,700
₫4,274,064
₫7,490,000
₫4,990,000
₫2,590,000
₫3,490,000
₫6,590,000
₫1,690,000
₫19,190,000
₫22,290,000
₫2,790,000
₫4,990,000
₫31,190,000
₫1,200,000
₫4,490,000
₫429,000
₫26,490,000
₫29,340,000
₫4,289,000
₫26,140,000
₫3,875,000
₫4,690,000
₫2,290,000
₫21,820,000
₫28,680,000
₫12,790,000
₫9,990,200
₫14,090,000
₫3,558,000
₫14,640,000
₫5,290,000
₫7,850,000
₫26,990,000
₫20,730,000
₫2,859,000
₫28,190,000
₫19,490,000
₫4,190,000
₫3,150,000
₫8,289,600
₫3,989,700
₫4,274,064
₫7,490,000
₫4,990,000
₫2,590,000
₫3,490,000
₫6,590,000
₫1,690,000
₫19,190,000
₫22,290,000
₫2,790,000
₫4,990,000
₫31,190,000
₫1,200,000
₫4,490,000
₫429,000
₫26,490,000
₫29,340,000
₫4,289,000
₫26,140,000
₫3,875,000
₫4,690,000
₫2,290,000
₫21,820,000
₫28,680,000
₫12,790,000
₫9,990,200
₫14,090,000
₫3,558,000
₫14,640,000
₫5,290,000
₫7,850,000
₫26,990,000
₫20,730,000
₫2,859,000
₫28,190,000
₫19,490,000
₫4,190,000
₫3,150,000
₫8,289,600
₫3,989,700
₫4,274,064
₫7,490,000
₫4,990,000
₫2,590,000
₫3,490,000
₫6,590,000
₫1,690,000
₫19,190,000
₫22,290,000
₫2,790,000
₫4,990,000
₫31,190,000
₫1,200,000
₫4,490,000
₫429,000
₫26,490,000
₫29,340,000
₫4,289,000
₫26,140,000
₫3,875,000
₫4,690,000
₫2,290,000
₫21,820,000
₫28,680,000
₫12,790,000
₫9,990,200
₫14,090,000
₫3,558,000
₫14,640,000
₫5,290,000
₫7,850,000
₫26,990,000
₫20,730,000
₫2,859,000
₫28,190,000
₫19,490,000
₫4,190,000
₫3,150,000
₫8,289,600
₫3,989,700
₫4,274,064
₫7,490,000
₫4,990,000
₫2,590,000
₫3,490,000
₫6,590,000
₫1,690,000
₫19,190,000
₫22,290,000
₫2,790,000
₫4,990,000
₫31,190,000
₫1,200,000
₫4,490,000
₫429,000
₫26,490,000
₫29,340,000
₫4,289,000
₫26,140,000
₫3,875,000
₫4,690,000
₫2,290,000
₫21,820,000
₫28,680,000
₫12,790,000
₫9,990,200
₫14,090,000
₫3,558,000
₫14,640,000
₫5,290,000
₫7,850,000
₫26,990,000
₫20,730,000
₫2,859,000
₫28,190,000
₫19,490,000
₫4,190,000
₫3,150,000
₫8,289,600
₫3,989,700
₫4,274,064
₫7,490,000
₫4,990,000
₫2,590,000
₫3,490,000
₫6,590,000
₫1,690,000
₫19,190,000
₫22,290,000
₫2,790,000
₫4,990,000
₫31,190,000
₫1,200,000
₫4,490,000
₫429,000
₫26,490,000
₫29,340,000
₫4,289,000
₫26,140,000
₫3,875,000
₫4,690,000
₫2,290,000
₫21,820,000
₫28,680,000
₫12,790,000
₫9,990,200
₫14,090,000
₫3,558,000
₫14,640,000
₫5,290,000
₫7,850,000
₫26,990,000
₫20,730,000
₫2,859,000
₫28,190,000
₫19,490,000
₫4,190,000
₫3,150,000
₫8,289,600
₫3,989,700
₫4,274,064
₫7,490,000
₫4,990,000
₫2,590,000
₫3,490,000
₫6,590,000
₫1,690,000
₫19,190,000
₫22,290,000
₫2,790,000
₫4,990,000
₫31,190,000
₫1,200,000
₫4,490,000
₫429,000
₫26,490,000
₫29,340,000
₫4,289,000
₫26,140,000
₫3,875,000
₫4,690,000
₫2,290,000
₫21,820,000
₫28,680,000
₫12,790,000
₫9,990,200
₫14,090,000
₫3,558,000
₫14,640,000
₫5,290,000
₫7,850,000
₫26,990,000
₫20,730,000
₫2,859,000
₫28,190,000
₫19,490,000
₫4,190,000
₫3,150,000
₫8,289,600
₫3,989,700
₫4,274,064
₫7,490,000
₫4,990,000
₫2,590,000
₫3,490,000
₫6,590,000
₫1,690,000
₫19,190,000
₫22,290,000
₫2,790,000
₫4,990,000
₫31,190,000
₫1,200,000
₫4,490,000
₫429,000
₫26,490,000
₫29,340,000
₫4,289,000
₫26,140,000
₫3,875,000
₫4,690,000
₫2,290,000
₫21,820,000
₫28,680,000
₫12,790,000
₫9,990,200
₫14,090,000
₫3,558,000
₫14,640,000
₫5,290,000
₫7,850,000
₫26,990,000
₫20,730,000
₫2,859,000
₫28,190,000
₫19,490,000
₫4,190,000
₫3,150,000
₫8,289,600
₫3,989,700
₫4,274,064
₫7,490,000
₫4,990,000
₫2,590,000
₫3,490,000
₫6,590,000
₫1,690,000
₫19,190,000
₫22,290,000
₫2,790,000
₫4,990,000
₫31,190,000
₫1,200,000
₫4,490,000
₫429,000
₫26,490,000
₫29,340,000
₫4,289,000
₫26,140,000
₫3,875,000
₫4,690,000
₫2,290,000
₫21,820,000
₫28,680,000
₫12,790,000
₫9,990,200
₫14,090,000
₫3,558,000
₫14,640,000
₫5,290,000
₫7,850,000
₫26,990,000
₫20,730,000
₫2,859,000
₫28,190,000
₫19,490,000
₫4,190,000
₫3,150,000
₫8,289,600
₫3,989,700
₫4,274,064
₫7,490,000
₫4,990,000
₫2,590,000
₫3,490,000
₫6,590,000
₫1,690,000
₫19,190,000
₫22,290,000
₫2,790,000
₫4,990,000
₫31,190,000
₫1,200,000
₫4,490,000
₫429,000
₫26,490,000
₫29,340,000
₫4,289,000
₫26,140,000
₫3,875,000
₫4,690,000
₫2,290,000
₫21,820,000
₫28,680,000
₫12,790,000
₫9,990,200
₫14,090,000
₫3,558,000
₫14,640,000
₫5,290,000
₫7,850,000
₫26,990,000
₫20,730,000
₫2,859,000
₫28,190,000
₫19,490,000
₫4,190,000
₫3,150,000
₫8,289,600
₫3,989,700
₫4,274,064
₫7,490,000
₫4,990,000
₫2,590,000
₫3,490,000
₫6,590,000
₫1,690,000
₫19,190,000
₫22,290,000
₫2,790,000
₫4,990,000
₫31,190,000
₫1,200,000
₫4,490,000
₫429,000
₫26,490,000
₫29,340,000
₫4,289,000
₫26,140,000
₫3,875,000
₫4,690,000
₫2,290,000
₫21,820,000
₫28,680,000
₫12,790,000
₫9,990,200
₫14,090,000
₫3,558,000
₫14,640,000
₫5,290,000
₫7,850,000
₫26,990,000
₫20,730,000
₫2,859,000
₫28,190,000
₫19,490,000
₫4,190,000
₫3,150,000
₫8,289,600
₫3,989,700
₫4,274,064
₫7,490,000
₫4,990,000
₫2,590,000
₫3,490,000
₫6,590,000
₫1,690,000
₫19,190,000
₫22,290,000
₫2,790,000
₫4,990,000
₫31,190,000
₫1,200,000
₫4,490,000
₫429,000
₫26,490,000
₫29,340,000
₫4,289,000
₫26,140,000
₫3,875,000
₫4,690,000
₫2,290,000
₫21,820,000
₫28,680,000
₫12,790,000
₫9,990,200
₫14,090,000
₫3,558,000
₫14,640,000
₫5,290,000
₫7,850,000
₫26,990,000
₫20,730,000
₫2,859,000
₫28,190,000
₫19,490,000
₫4,190,000
₫3,150,000
₫8,289,600
₫3,989,700
₫4,274,064
₫7,490,000
₫4,990,000
₫2,590,000
₫3,490,000
₫6,590,000
₫1,690,000
₫19,190,000
₫22,290,000
₫2,790,000
₫4,990,000
₫31,190,000
₫1,200,000
₫4,490,000
₫429,000
₫26,490,000
₫29,340,000
₫4,289,000
₫26,140,000
₫3,875,000
₫4,690,000
₫2,290,000
₫21,820,000
₫28,680,000
₫12,790,000
₫9,990,200
₫14,090,000
₫3,558,000
₫14,640,000
₫5,290,000
₫7,850,000
₫26,990,000
₫20,730,000
₫2,859,000
₫28,190,000
₫19,490,000
₫4,190,000
₫3,150,000
₫8,289,600
₫3,989,700
₫4,274,064
₫7,490,000
₫4,990,000
₫2,590,000
₫3,490,000
₫6,590,000
₫1,690,000
₫19,190,000
₫22,290,000
₫2,790,000
₫4,990,000
₫31,190,000
₫1,200,000
₫4,490,000
₫429,000
₫26,490,000
₫29,340,000
₫4,289,000
₫26,140,000
₫3,875,000
₫4,690,000
₫2,290,000
₫21,820,000
₫28,680,000
₫12,790,000
₫9,990,200
₫14,090,000
₫3,558,000
₫14,640,000
₫5,290,000
₫7,850,000
₫26,990,000
₫20,730,000
₫2,859,000
₫28,190,000
₫19,490,000
₫4,190,000
₫3,150,000
₫8,289,600
₫3,989,700
₫4,274,064
₫7,490,000
₫4,990,000
₫2,590,000
₫3,490,000
₫6,590,000
₫1,690,000
₫19,190,000
₫22,290,000
₫2,790,000
₫4,990,000
₫31,190,000
₫1,200,000
₫4,490,000
₫429,000
₫26,490,000
₫29,340,000
₫4,289,000
₫26,140,000
₫3,875,000
₫4,690,000
₫2,290,000
₫21,820,000
₫28,680,000
₫12,790,000
₫9,990,200
₫14,090,000
₫3,558,000
₫14,640,000
₫5,290,000
₫7,850,000
₫26,990,000
₫20,730,000
₫2,859,000
₫28,190,000
₫19,490,000
₫4,190,000
₫3,150,000
₫8,289,600
₫3,989,700
₫4,274,064
₫7,490,000
₫4,990,000
₫2,590,000
₫3,490,000
₫6,590,000
₫1,690,000
₫19,190,000
₫22,290,000
₫2,790,000
₫4,990,000
₫31,190,000
₫1,200,000
₫4,490,000
₫429,000
₫26,490,000
₫29,340,000
₫4,289,000
₫26,140,000
₫3,875,000
₫4,690,000
₫2,290,000
₫21,820,000
₫28,680,000
₫12,790,000
₫9,990,200
₫14,090,000
₫3,558,000
₫14,640,000
₫5,290,000
₫7,850,000
₫26,990,000
₫20,730,000
₫2,859,000
₫28,190,000
₫19,490,000
₫4,190,000
₫3,150,000
₫8,289,600
₫3,989,700
₫4,274,064
₫7,490,000
₫4,990,000
₫2,590,000
₫3,490,000
₫6,590,000
₫1,690,000
₫19,190,000
₫22,290,000
₫2,790,000
₫4,990,000
₫31,190,000
₫1,200,000
₫4,490,000
₫429,000
₫26,490,000
₫29,340,000
₫4,289,000
₫26,140,000
₫3,875,000
₫4,690,000
₫2,290,000
₫21,820,000
₫28,680,000
₫12,790,000
₫9,990,200
₫14,090,000
₫3,558,000
₫14,640,000
₫5,290,000
₫7,850,000
₫26,990,000
₫20,730,000
₫2,859,000
₫28,190,000
₫19,490,000
₫4,190,000
₫3,150,000
₫8,289,600
₫3,989,700
₫4,274,064
₫7,490,000
₫4,990,000
₫2,590,000
₫3,490,000
₫6,590,000
₫1,690,000
₫19,190,000
₫22,290,000
₫2,790,000
₫4,990,000
₫31,190,000
₫1,200,000
₫4,490,000
₫429,000
₫26,490,000
₫29,340,000
₫4,289,000
₫26,140,000
₫3,875,000
₫4,690,000
₫2,290,000
₫21,820,000
₫28,680,000
₫12,790,000
₫9,990,200
₫14,090,000
₫3,558,000
₫14,640,000
₫5,290,000
₫7,850,000
₫26,990,000
₫20,730,000
₫2,859,000
₫28,190,000
₫19,490,000
₫4,190,000
₫3,150,000
₫8,289,600
₫3,989,700
₫4,274,064
₫7,490,000
₫4,990,000
₫2,590,000
₫3,490,000
₫6,590,000
₫1,690,000
₫19,190,000
₫22,290,000
₫2,790,000
₫4,990,000
₫31,190,000
₫1,200,000
₫4,490,000
₫429,000
₫26,490,000
₫29,340,000
₫4,289,000
₫26,140,000
₫3,875,000
₫4,690,000
₫2,290,000
₫21,820,000
₫28,680,000
₫12,790,000
₫9,990,200
₫14,090,000
₫3,558,000
₫14,640,000
₫5,290,000
₫7,850,000
₫26,990,000
₫20,730,000
₫2,859,000
₫28,190,000
₫19,490,000
₫4,190,000
₫3,150,000
₫8,289,600
₫3,989,700
₫4,274,064
₫7,490,000
₫4,990,000
₫2,590,000
₫3,490,000
₫6,590,000
₫1,690,000
₫19,190,000
₫22,290,000
₫2,790,000
₫4,990,000
₫31,190,000
₫1,200,000
₫4,490,000
₫429,000
₫26,490,000
₫29,340,000
₫4,289,000
₫26,140,000
₫3,875,000
₫4,690,000
₫2,290,000
₫21,820,000
₫28,680,000
₫12,790,000
₫9,990,200
₫14,090,000
₫3,558,000
₫14,640,000
₫5,290,000
₫7,850,000
₫26,990,000
₫20,730,000
₫2,859,000
₫28,190,000
₫19,490,000
₫4,190,000
₫3,150,000
₫8,289,600
₫3,989,700
₫4,274,064
₫7,490,000
₫4,990,000
₫2,590,000
₫3,490,000
₫6,590,000
₫1,690,000
₫19,190,000
₫22,290,000
₫2,790,000
₫4,990,000
₫31,190,000
₫1,200,000
₫4,490,000
₫429,000
₫26,490,000
₫29,340,000
₫4,289,000
₫26,140,000
₫3,875,000
₫4,690,000
₫2,290,000
₫21,820,000
₫28,680,000
₫12,790,000
₫9,990,200
₫14,090,000
₫3,558,000
₫14,640,000
₫5,290,000
₫7,850,000
₫26,990,000
₫20,730,000
₫2,859,000
₫28,190,000
₫19,490,000
₫4,190,000
₫3,150,000
₫8,289,600
₫3,989,700
₫4,274,064
₫7,490,000
₫4,990,000
₫2,590,000
₫3,490,000
₫6,590,000
₫1,690,000
₫19,190,000
₫22,290,000
₫2,790,000
₫4,990,000
₫31,190,000
₫1,200,000
₫4,490,000
₫429,000
₫26,490,000
₫29,340,000
₫4,289,000
₫26,140,000
₫3,875,000
₫4,690,000
₫2,290,000
₫21,820,000
₫28,680,000
₫12,790,000
₫9,990,200
₫14,090,000
₫3,558,000
₫14,640,000
₫5,290,000
₫7,850,000
₫26,990,000
₫20,730,000
₫2,859,000
₫28,190,000
₫19,490,000
₫4,190,000
₫3,150,000
₫8,289,600
₫3,989,700
₫4,274,064
₫7,490,000
₫4,990,000
₫2,590,000
₫3,490,000
₫6,590,000
₫1,690,000
₫19,190,000
₫22,290,000
₫2,790,000
₫4,990,000
₫31,190,000
₫1,200,000
₫4,490,000
₫429,000
₫26,490,000
₫29,340,000
₫4,289,000
₫26,140,000
₫3,875,000
₫4,690,000
₫2,290,000
₫21,820,000
₫28,680,000
₫12,790,000
₫9,990,200
₫14,090,000
₫3,558,000
₫14,640,000
₫5,290,000
₫7,850,000
₫26,990,000
₫20,730,000
₫2,859,000
₫28,190,000
₫19,490,000
₫4,190,000
₫3,150,000
₫8,289,600
₫3,989,700
₫4,274,064
₫7,490,000
₫4,990,000
₫2,590,000
₫3,490,000
₫6,590,000
₫1,690,000
₫19,190,000
₫22,290,000
₫2,790,000
₫4,990,000
₫31,190,000
₫1,200,000
₫4,490,000
₫429,000
₫26,490,000
₫29,340,000
₫4,289,000
₫26,140,000
₫3,875,000
₫4,690,000
₫2,290,000
₫21,820,000
₫28,680,000
₫12,790,000
₫9,990,200
₫14,090,000
₫3,558,000
₫14,640,000
₫5,290,000
₫7,850,000
₫26,990,000
₫20,730,000
₫2,859,000
₫28,190,000
₫19,490,000
₫4,190,000
₫3,150,000
₫8,289,600
₫3,989,700
₫4,274,064
₫7,490,000
₫4,990,000
₫2,590,000
₫3,490,000
₫6,590,000
₫1,690,000
₫19,190,000
₫22,290,000
₫2,790,000
₫4,990,000
₫31,190,000
₫1,200,000
₫4,490,000
₫429,000
₫26,490,000
₫29,340,000
₫4,289,000
₫26,140,000
₫3,875,000
₫4,690,000
₫2,290,000
₫21,820,000
₫28,680,000
₫12,790,000
₫9,990,200
₫14,090,000
₫3,558,000
₫14,640,000
₫5,290,000
₫7,850,000
₫26,990,000
₫20,730,000
₫2,859,000
₫28,190,000
₫19,490,000
₫4,190,000
₫3,150,000
₫8,289,600
₫3,989,700
₫4,274,064
₫7,490,000
₫4,990,000
₫2,590,000
₫3,490,000
₫6,590,000
₫1,690,000
₫19,190,000
₫22,290,000
₫2,790,000
₫4,990,000
₫31,190,000
₫1,200,000
₫4,490,000
₫429,000
₫26,490,000
₫29,340,000
₫4,289,000
₫26,140,000
₫3,875,000
₫4,690,000
₫2,290,000
₫21,820,000
₫28,680,000
₫12,790,000
₫9,990,200
₫14,090,000
₫3,558,000
₫14,640,000
₫5,290,000
₫7,850,000
₫26,990,000
₫20,730,000
₫2,859,000
₫28,190,000
₫19,490,000
₫4,190,000
₫3,150,000
₫8,289,600
₫3,989,700
₫4,274,064
₫7,490,000
₫4,990,000
₫2,590,000
₫3,490,000
₫6,590,000
₫1,690,000
₫19,190,000
₫22,290,000
₫2,790,000
₫4,990,000
₫31,190,000
₫1,200,000
₫4,490,000
₫429,000
₫26,490,000
₫29,340,000
₫4,289,000
₫26,140,000
₫3,875,000
₫4,690,000
₫2,290,000
₫21,820,000
₫28,680,000
₫12,790,000
₫9,990,200
₫14,090,000
₫3,558,000
₫14,640,000
₫5,290,000
₫7,850,000
₫26,990,000
₫20,730,000
₫2,859,000
₫28,190,000
₫19,490,000
₫4,190,000
₫3,150,000
₫8,289,600
₫3,989,700
₫4,274,064
₫7,490,000
₫4,990,000
₫2,590,000
₫3,490,000
₫6,590,000
₫1,690,000
₫19,190,000
₫22,290,000
₫2,790,000
₫4,990,000
₫31,190,000
₫1,200,000
₫4,490,000
₫429,000
₫26,490,000
₫29,340,000
₫4,289,000
₫26,140,000
₫3,875,000
₫4,690,000
₫2,290,000
₫21,820,000
₫28,680,000
₫12,790,000
₫9,990,200
₫14,090,000
₫3,558,000
₫14,640,000
₫5,290,000
₫7,850,000
₫26,990,000
₫20,730,000
₫2,859,000
₫28,190,000
₫19,490,000
₫4,190,000
₫3,150,000
₫8,289,600
₫3,989,700
₫4,274,064
₫7,490,000
₫4,990,000
₫2,590,000
₫3,490,000
₫6,590,000
₫1,690,000
₫19,190,000
₫22,290,000
₫2,790,000
₫4,990,000
₫31,190,000
₫1,200,000
₫4,490,000
₫429,000
₫26,490,000
₫29,340,000
₫4,289,000
₫26,140,000
₫3,875,000
₫4,690,000
₫2,290,000
₫21,820,000
₫28,680,000
₫12,790,000
₫9,990,200
₫14,090,000
₫3,558,000
₫14,640,000
₫5,290,000
₫7,850,000
₫26,990,000
₫20,730,000
₫2,859,000
₫28,190,000
₫19,490,000
₫4,190,000
₫3,150,000
₫8,289,600
₫3,989,700
₫4,274,064
₫7,490,000
₫4,990,000
₫2,590,000
₫3,490,000
₫6,590,000
₫1,690,000
₫19,190,000
₫22,290,000
₫2,790,000
₫4,990,000
₫31,190,000
₫1,200,000
₫4,490,000
₫429,000
₫26,490,000
₫29,340,000
₫4,289,000
₫26,140,000
₫3,875,000
₫4,690,000
₫2,290,000
₫21,820,000
₫28,680,000
₫12,790,000
₫9,990,200
₫14,090,000
₫3,558,000
₫14,640,000
₫5,290,000
₫7,850,000
₫26,990,000
₫20,730,000
₫2,859,000
₫28,190,000
₫19,490,000
₫4,190,000
₫3,150,000
₫8,289,600
₫3,989,700
₫4,274,064
₫7,490,000
₫4,990,000
₫2,590,000
₫3,490,000
₫6,590,000
₫1,690,000
₫19,190,000
₫22,290,000
₫2,790,000
₫4,990,000
₫31,190,000
₫1,200,000
₫4,490,000
₫429,000
₫26,490,000
₫29,340,000
₫4,289,000
₫26,140,000
₫3,875,000
₫4,690,000
₫2,290,000
₫21,820,000
₫28,680,000
₫12,790,000
₫9,990,200
₫14,090,000
₫3,558,000
₫14,640,000
₫5,290,000
₫7,850,000
₫26,990,000
₫20,730,000
₫2,859,000
₫28,190,000
₫19,490,000
₫4,190,000
₫3,150,000
₫8,289,600
₫3,989,700
₫4,274,064
₫7,490,000
₫4,990,000
₫2,590,000
₫3,490,000
₫6,590,000
₫1,690,000
₫19,190,000
₫22,290,000
₫2,790,000
₫4,990,000
₫31,190,000
₫1,200,000
₫4,490,000
₫429,000
₫26,490,000
₫29,340,000
₫4,289,000
₫26,140,000
₫3,875,000
₫4,690,000
₫2,290,000
₫21,820,000
₫28,680,000
₫12,790,000
₫9,990,200
₫14,090,000
₫3,558,000
₫14,640,000
₫5,290,000
₫7,850,000
₫26,990,000
₫20,730,000
₫2,859,000
₫28,190,000
₫19,490,000
₫4,190,000
₫3,150,000
₫8,289,600
₫3,989,700
₫4,274,064
₫7,490,000
₫4,990,000
₫2,590,000
₫3,490,000
₫6,590,000
₫1,690,000
₫19,190,000
₫22,290,000
₫2,790,000
₫4,990,000
₫31,190,000
₫1,200,000
₫4,490,000
₫429,000
₫26,490,000
₫29,340,000
₫4,289,000
₫26,140,000
₫3,875,000
₫4,690,000
₫2,290,000
₫21,820,000
₫28,680,000
₫12,790,000
₫9,990,200
₫14,090,000
₫3,558,000
₫14,640,000
₫5,290,000
₫7,850,000
₫26,990,000
₫20,730,000
₫2,859,000
₫28,190,000
₫19,490,000
₫4,190,000
₫3,150,000
₫8,289,600
₫3,989,700
₫4,274,064
₫7,490,000
₫4,990,000
₫2,590,000
₫3,490,000
₫6,590,000
₫1,690,000
₫19,190,000
₫22,290,000
₫2,790,000
₫4,990,000
₫31,190,000
₫1,200,000
₫4,490,000
₫429,000
₫26,490,000
₫29,340,000
₫4,289,000
₫26,140,000
₫3,875,000
₫4,690,000
₫2,290,000
₫21,820,000
₫28,680,000
₫12,790,000
₫9,990,200
₫14,090,000
₫3,558,000
₫14,640,000
₫5,290,000
₫7,850,000
₫26,990,000
₫20,730,000
₫2,859,000
₫28,190,000
₫19,490,000
₫4,190,000
₫3,150,000
₫8,289,600
₫3,989,700
₫4,274,064
₫7,490,000
₫4,990,000
₫2,590,000
₫3,490,000
₫6,590,000
₫1,690,000
₫19,190,000
₫22,290,000
₫2,790,000
₫4,990,000
₫31,190,000
₫1,200,000
₫4,490,000
₫429,000
₫26,490,000
₫29,340,000
₫4,289,000
₫26,140,000
₫3,875,000
₫4,690,000
₫2,290,000
₫21,820,000
₫28,680,000
₫12,790,000
₫9,990,200
₫14,090,000
₫3,558,000
₫14,640,000
₫5,290,000
₫7,850,000
₫26,990,000
₫20,730,000
₫2,859,000
₫28,190,000
₫19,490,000
₫4,190,000
₫3,150,000
₫8,289,600
₫3,989,700
₫4,274,064
₫7,490,000
