₫500,000
₫555,000
₫373,000
₫3,600,000
₫5,900,000
₫28,000
₫43,000
₫45,000
₫1,400,000
₫21,000
₫592,020
₫119,000
₫3,100,000
₫88,000
₫3,600,000
₫300,000
₫3,000,000
₫250,000
₫170,000
₫790,000
₫3,500,000
₫52,500
₫8,000
₫3,650,000
₫3,977,000
₫1,100,000
₫3,586,000
₫55,000
₫6,998,000
₫5,800,000
₫25,000
₫280,000
₫1,999,999
₫14,000,000
₫6,500,000
₫1,599,000
₫1,459,000
₫6,906,000
₫2,832,600
₫71,500
₫500,000
₫555,000
₫373,000
₫3,600,000
₫5,900,000
₫28,000
₫43,000
₫45,000
₫1,400,000
₫21,000
₫592,020
₫119,000
₫3,100,000
₫88,000
₫3,600,000
₫300,000
₫3,000,000
₫250,000
₫170,000
₫790,000
₫3,500,000
₫52,500
₫8,000
₫3,650,000
₫3,977,000
₫1,100,000
₫3,586,000
₫55,000
₫6,998,000
₫5,800,000
₫25,000
₫280,000
₫1,999,999
₫14,000,000
₫6,500,000
₫1,599,000
₫1,459,000
₫6,906,000
₫2,832,600
₫71,500
₫500,000
₫555,000
₫373,000
₫3,600,000
₫5,900,000
₫28,000
₫43,000
₫45,000
₫1,400,000
₫21,000
₫592,020
₫119,000
₫3,100,000
₫88,000
₫3,600,000
₫300,000
₫3,000,000
₫250,000
₫170,000
₫790,000
₫3,500,000
₫52,500
₫8,000
₫3,650,000
₫3,977,000
₫1,100,000
₫3,586,000
₫55,000
₫6,998,000
₫5,800,000
₫25,000
₫280,000
₫1,999,999
₫14,000,000
₫6,500,000
₫1,599,000
₫1,459,000
₫6,906,000
₫2,832,600
₫71,500
₫500,000
₫555,000
₫373,000
₫3,600,000
₫5,900,000
₫28,000
₫43,000
₫45,000
₫1,400,000
₫21,000
₫592,020
₫119,000
₫3,100,000
₫88,000
₫3,600,000
₫300,000
₫3,000,000
₫250,000
₫170,000
₫790,000
₫3,500,000
₫52,500
₫8,000
₫3,650,000
₫3,977,000
₫1,100,000
₫3,586,000
₫55,000
₫6,998,000
₫5,800,000
₫25,000
₫280,000
₫1,999,999
₫14,000,000
₫6,500,000
₫1,599,000
₫1,459,000
₫6,906,000
₫2,832,600
₫71,500
₫500,000
₫555,000
₫373,000
₫3,600,000
₫5,900,000
₫28,000
₫43,000
₫45,000
₫1,400,000
₫21,000
₫592,020
₫119,000
₫3,100,000
₫88,000
₫3,600,000
₫300,000
₫3,000,000
₫250,000
₫170,000
₫790,000
₫3,500,000
₫52,500
₫8,000
₫3,650,000
₫3,977,000
₫1,100,000
₫3,586,000
₫55,000
₫6,998,000
₫5,800,000
₫25,000
₫280,000
₫1,999,999
₫14,000,000
₫6,500,000
₫1,599,000
₫1,459,000
₫6,906,000
₫2,832,600
₫71,500
₫500,000
₫555,000
₫373,000
₫3,600,000
₫5,900,000
₫28,000
₫43,000
₫45,000
₫1,400,000
₫21,000
₫592,020
₫119,000
₫3,100,000
₫88,000
₫3,600,000
₫300,000
₫3,000,000
₫250,000
₫170,000
₫790,000
₫3,500,000
₫52,500
₫8,000
₫3,650,000
₫3,977,000
₫1,100,000
₫3,586,000
₫55,000
₫6,998,000
₫5,800,000
₫25,000
₫280,000
₫1,999,999
₫14,000,000
₫6,500,000
₫1,599,000
₫1,459,000
₫6,906,000
₫2,832,600
₫71,500
₫500,000
₫555,000
₫373,000
₫3,600,000
₫5,900,000
₫28,000
₫43,000
₫45,000
₫1,400,000
₫21,000
₫592,020
₫119,000
₫3,100,000
₫88,000
₫3,600,000
₫300,000
₫3,000,000
₫250,000
₫170,000
₫790,000
₫3,500,000
₫52,500
₫8,000
₫3,650,000
₫3,977,000
₫1,100,000
₫3,586,000
₫55,000
₫6,998,000
₫5,800,000
₫25,000
₫280,000
₫1,999,999
₫14,000,000
₫6,500,000
₫1,599,000
₫1,459,000
₫6,906,000
₫2,832,600
₫71,500
₫500,000
₫555,000
₫373,000
₫3,600,000
₫5,900,000
₫28,000
₫43,000
₫45,000
₫1,400,000
₫21,000
₫592,020
₫119,000
₫3,100,000
₫88,000
₫3,600,000
₫300,000
₫3,000,000
₫250,000
₫170,000
₫790,000
₫3,500,000
₫52,500
₫8,000
₫3,650,000
₫3,977,000
₫1,100,000
₫3,586,000
₫55,000
₫6,998,000
₫5,800,000
₫25,000
₫280,000
₫1,999,999
₫14,000,000
₫6,500,000
₫1,599,000
₫1,459,000
₫6,906,000
₫2,832,600
₫71,500
₫500,000
₫555,000
₫373,000
₫3,600,000
₫5,900,000
₫28,000
₫43,000
₫45,000
₫1,400,000
₫21,000
₫592,020
₫119,000
₫3,100,000
₫88,000
₫3,600,000
₫300,000
₫3,000,000
₫250,000
₫170,000
₫790,000
₫3,500,000
₫52,500
₫8,000
₫3,650,000
₫3,977,000
₫1,100,000
₫3,586,000
₫55,000
₫6,998,000
₫5,800,000
₫25,000
₫280,000
₫1,999,999
₫14,000,000
₫6,500,000
₫1,599,000
₫1,459,000
₫6,906,000
₫2,832,600
₫71,500
₫500,000
₫555,000
₫373,000
₫3,600,000
₫5,900,000
₫28,000
₫43,000
₫45,000
₫1,400,000
₫21,000
₫592,020
₫119,000
₫3,100,000
₫88,000
₫3,600,000
₫300,000
₫3,000,000
₫250,000
₫170,000
₫790,000
₫3,500,000
₫52,500
₫8,000
₫3,650,000
₫3,977,000
₫1,100,000
₫3,586,000
₫55,000
₫6,998,000
₫5,800,000
₫25,000
₫280,000
₫1,999,999
₫14,000,000
₫6,500,000
₫1,599,000
₫1,459,000
₫6,906,000
₫2,832,600
₫71,500
₫500,000
₫555,000
₫373,000
₫3,600,000
₫5,900,000
₫28,000
₫43,000
₫45,000
₫1,400,000
₫21,000
₫592,020
₫119,000
₫3,100,000
₫88,000
₫3,600,000
₫300,000
₫3,000,000
₫250,000
₫170,000
₫790,000
₫3,500,000
₫52,500
₫8,000
₫3,650,000
₫3,977,000
₫1,100,000
₫3,586,000
₫55,000
₫6,998,000
₫5,800,000
₫25,000
₫280,000
₫1,999,999
₫14,000,000
₫6,500,000
₫1,599,000
₫1,459,000
₫6,906,000
₫2,832,600
₫71,500
₫500,000
₫555,000
₫373,000
₫3,600,000
₫5,900,000
₫28,000
₫43,000
₫45,000
₫1,400,000
₫21,000
₫592,020
₫119,000
₫3,100,000
₫88,000
₫3,600,000
₫300,000
₫3,000,000
₫250,000
₫170,000
₫790,000
₫3,500,000
₫52,500
₫8,000
₫3,650,000
₫3,977,000
₫1,100,000
₫3,586,000
₫55,000
₫6,998,000
₫5,800,000
₫25,000
₫280,000
₫1,999,999
₫14,000,000
₫6,500,000
₫1,599,000
₫1,459,000
₫6,906,000
₫2,832,600
₫71,500
₫500,000
₫555,000
₫373,000
₫3,600,000
₫5,900,000
₫28,000
₫43,000
₫45,000
₫1,400,000
₫21,000
₫592,020
₫119,000
₫3,100,000
₫88,000
₫3,600,000
₫300,000
₫3,000,000
₫250,000
₫170,000
₫790,000
₫3,500,000
₫52,500
₫8,000
₫3,650,000
₫3,977,000
₫1,100,000
₫3,586,000
₫55,000
₫6,998,000
₫5,800,000
₫25,000
₫280,000
₫1,999,999
₫14,000,000
₫6,500,000
₫1,599,000
₫1,459,000
₫6,906,000
₫2,832,600
₫71,500
₫500,000
₫555,000
₫373,000
₫3,600,000
₫5,900,000
₫28,000
₫43,000
₫45,000
₫1,400,000
₫21,000
₫592,020
₫119,000
₫3,100,000
₫88,000
₫3,600,000
₫300,000
₫3,000,000
₫250,000
₫170,000
₫790,000
₫3,500,000
₫52,500
₫8,000
₫3,650,000
₫3,977,000
₫1,100,000
₫3,586,000
₫55,000
₫6,998,000
₫5,800,000
₫25,000
₫280,000
₫1,999,999
₫14,000,000
₫6,500,000
₫1,599,000
₫1,459,000
₫6,906,000
₫2,832,600
₫71,500
₫500,000
₫555,000
₫373,000
₫3,600,000
₫5,900,000
₫28,000
₫43,000
₫45,000
₫1,400,000
₫21,000
₫592,020
₫119,000
₫3,100,000
₫88,000
₫3,600,000
₫300,000
₫3,000,000
₫250,000
₫170,000
₫790,000
₫3,500,000
₫52,500
₫8,000
₫3,650,000
₫3,977,000
₫1,100,000
₫3,586,000
₫55,000
₫6,998,000
₫5,800,000
₫25,000
₫280,000
₫1,999,999
₫14,000,000
₫6,500,000
₫1,599,000
₫1,459,000
₫6,906,000
₫2,832,600
₫71,500
₫500,000
₫555,000
₫373,000
₫3,600,000
₫5,900,000
₫28,000
₫43,000
₫45,000
₫1,400,000
₫21,000
₫592,020
₫119,000
₫3,100,000
₫88,000
₫3,600,000
₫300,000
₫3,000,000
₫250,000
₫170,000
₫790,000
₫3,500,000
₫52,500
₫8,000
₫3,650,000
₫3,977,000
₫1,100,000
₫3,586,000
₫55,000
₫6,998,000
₫5,800,000
₫25,000
₫280,000
₫1,999,999
₫14,000,000
₫6,500,000
₫1,599,000
₫1,459,000
₫6,906,000
₫2,832,600
₫71,500
₫500,000
₫555,000
₫373,000
₫3,600,000
₫5,900,000
₫28,000
₫43,000
₫45,000
₫1,400,000
₫21,000
₫592,020
₫119,000
₫3,100,000
₫88,000
₫3,600,000
₫300,000
₫3,000,000
₫250,000
₫170,000
₫790,000
₫3,500,000
₫52,500
₫8,000
₫3,650,000
₫3,977,000
₫1,100,000
₫3,586,000
₫55,000
₫6,998,000
₫5,800,000
₫25,000
₫280,000
₫1,999,999
₫14,000,000
₫6,500,000
₫1,599,000
₫1,459,000
₫6,906,000
₫2,832,600
₫71,500
₫500,000
₫555,000
₫373,000
₫3,600,000
₫5,900,000
₫28,000
₫43,000
₫45,000
₫1,400,000
₫21,000
₫592,020
₫119,000
₫3,100,000
₫88,000
₫3,600,000
₫300,000
₫3,000,000
₫250,000
₫170,000
₫790,000
₫3,500,000
₫52,500
₫8,000
₫3,650,000
₫3,977,000
₫1,100,000
₫3,586,000
₫55,000
₫6,998,000
₫5,800,000
₫25,000
₫280,000
₫1,999,999
₫14,000,000
₫6,500,000
₫1,599,000
₫1,459,000
₫6,906,000
₫2,832,600
₫71,500
₫500,000
₫555,000
₫373,000
₫3,600,000
₫5,900,000
₫28,000
₫43,000
₫45,000
₫1,400,000
₫21,000
₫592,020
₫119,000
₫3,100,000
₫88,000
₫3,600,000
₫300,000
₫3,000,000
₫250,000
₫170,000
₫790,000
₫3,500,000
₫52,500
₫8,000
₫3,650,000
₫3,977,000
₫1,100,000
₫3,586,000
₫55,000
₫6,998,000
₫5,800,000
₫25,000
₫280,000
₫1,999,999
₫14,000,000
₫6,500,000
₫1,599,000
₫1,459,000
₫6,906,000
₫2,832,600
₫71,500
₫500,000
₫555,000
₫373,000
₫3,600,000
₫5,900,000
₫28,000
₫43,000
₫45,000
₫1,400,000
₫21,000
₫592,020
₫119,000
₫3,100,000
₫88,000
₫3,600,000
₫300,000
₫3,000,000
₫250,000
₫170,000
₫790,000
₫3,500,000
₫52,500
₫8,000
₫3,650,000
₫3,977,000
₫1,100,000
₫3,586,000
₫55,000
₫6,998,000
₫5,800,000
₫25,000
₫280,000
₫1,999,999
₫14,000,000
₫6,500,000
₫1,599,000
₫1,459,000
₫6,906,000
₫2,832,600
₫71,500
₫500,000
₫555,000
₫373,000
₫3,600,000
₫5,900,000
₫28,000
₫43,000
₫45,000
₫1,400,000
₫21,000
₫592,020
₫119,000
₫3,100,000
₫88,000
₫3,600,000
₫300,000
₫3,000,000
₫250,000
₫170,000
₫790,000
₫3,500,000
₫52,500
₫8,000
₫3,650,000
₫3,977,000
₫1,100,000
₫3,586,000
₫55,000
₫6,998,000
₫5,800,000
₫25,000
₫280,000
₫1,999,999
₫14,000,000
₫6,500,000
₫1,599,000
₫1,459,000
₫6,906,000
₫2,832,600
₫71,500
₫500,000
₫555,000
₫373,000
₫3,600,000
₫5,900,000
₫28,000
₫43,000
₫45,000
₫1,400,000
₫21,000
₫592,020
₫119,000
₫3,100,000
₫88,000
₫3,600,000
₫300,000
₫3,000,000
₫250,000
₫170,000
₫790,000
₫3,500,000
₫52,500
₫8,000
₫3,650,000
₫3,977,000
₫1,100,000
₫3,586,000
₫55,000
₫6,998,000
₫5,800,000
₫25,000
₫280,000
₫1,999,999
₫14,000,000
₫6,500,000
₫1,599,000
₫1,459,000
₫6,906,000
₫2,832,600
₫71,500
₫500,000
₫555,000
₫373,000
₫3,600,000
₫5,900,000
₫28,000
₫43,000
₫45,000
₫1,400,000
₫21,000
₫592,020
₫119,000
₫3,100,000
₫88,000
₫3,600,000
₫300,000
₫3,000,000
₫250,000
₫170,000
₫790,000
₫3,500,000
₫52,500
₫8,000
₫3,650,000
₫3,977,000
₫1,100,000
₫3,586,000
₫55,000
₫6,998,000
₫5,800,000
₫25,000
₫280,000
₫1,999,999
₫14,000,000
₫6,500,000
₫1,599,000
₫1,459,000
₫6,906,000
₫2,832,600
₫71,500
₫500,000
₫555,000
₫373,000
₫3,600,000
₫5,900,000
₫28,000
₫43,000
₫45,000
₫1,400,000
₫21,000
₫592,020
₫119,000
₫3,100,000
₫88,000
₫3,600,000
₫300,000
₫3,000,000
₫250,000
₫170,000
₫790,000
₫3,500,000
₫52,500
₫8,000
₫3,650,000
₫3,977,000
₫1,100,000
₫3,586,000
₫55,000
₫6,998,000
₫5,800,000
₫25,000
₫280,000
₫1,999,999
₫14,000,000
₫6,500,000
₫1,599,000
₫1,459,000
₫6,906,000
₫2,832,600
₫71,500
₫500,000
₫555,000
₫373,000
₫3,600,000
₫5,900,000
₫28,000
₫43,000
₫45,000
₫1,400,000
₫21,000
₫592,020
₫119,000
₫3,100,000
₫88,000
₫3,600,000
₫300,000
₫3,000,000
₫250,000
₫170,000
₫790,000
₫3,500,000
₫52,500
₫8,000
₫3,650,000
₫3,977,000
₫1,100,000
₫3,586,000
₫55,000
₫6,998,000
₫5,800,000
₫25,000
₫280,000
₫1,999,999
₫14,000,000
₫6,500,000
₫1,599,000
₫1,459,000
₫6,906,000
₫2,832,600
₫71,500
₫500,000
₫555,000
₫373,000
₫3,600,000
₫5,900,000
₫28,000
₫43,000
₫45,000
₫1,400,000
₫21,000
₫592,020
₫119,000
₫3,100,000
₫88,000
₫3,600,000
₫300,000
₫3,000,000
₫250,000
₫170,000
₫790,000
₫3,500,000
₫52,500
₫8,000
₫3,650,000
₫3,977,000
₫1,100,000
₫3,586,000
₫55,000
₫6,998,000
₫5,800,000
₫25,000
₫280,000
₫1,999,999
₫14,000,000
₫6,500,000
₫1,599,000
₫1,459,000
₫6,906,000
₫2,832,600
₫71,500
₫500,000
₫555,000
₫373,000
₫3,600,000
₫5,900,000
₫28,000
₫43,000
₫45,000
₫1,400,000
₫21,000
₫592,020
₫119,000
₫3,100,000
₫88,000
₫3,600,000
₫300,000
₫3,000,000
₫250,000
₫170,000
₫790,000
₫3,500,000
₫52,500
₫8,000
₫3,650,000
₫3,977,000
₫1,100,000
₫3,586,000
₫55,000
₫6,998,000
₫5,800,000
₫25,000
₫280,000
₫1,999,999
₫14,000,000
₫6,500,000
₫1,599,000
₫1,459,000
₫6,906,000
₫2,832,600
₫71,500
₫500,000
₫555,000
₫373,000
₫3,600,000
₫5,900,000
₫28,000
₫43,000
₫45,000
₫1,400,000
₫21,000
₫592,020
₫119,000
₫3,100,000
₫88,000
₫3,600,000
₫300,000
₫3,000,000
₫250,000
₫170,000
₫790,000
₫3,500,000
₫52,500
₫8,000
₫3,650,000
₫3,977,000
₫1,100,000
₫3,586,000
₫55,000
₫6,998,000
₫5,800,000
₫25,000
₫280,000
₫1,999,999
₫14,000,000
₫6,500,000
₫1,599,000
₫1,459,000
₫6,906,000
₫2,832,600
₫71,500
₫500,000
₫555,000
₫373,000
₫3,600,000
₫5,900,000
₫28,000
₫43,000
₫45,000
₫1,400,000
₫21,000
₫592,020
₫119,000
₫3,100,000
₫88,000
₫3,600,000
₫300,000
₫3,000,000
₫250,000
₫170,000
₫790,000
₫3,500,000
₫52,500
₫8,000
₫3,650,000
₫3,977,000
₫1,100,000
₫3,586,000
₫55,000
₫6,998,000
₫5,800,000
₫25,000
₫280,000
₫1,999,999
₫14,000,000
₫6,500,000
₫1,599,000
₫1,459,000
₫6,906,000
₫2,832,600
₫71,500
₫500,000
₫555,000
₫373,000
₫3,600,000
₫5,900,000
₫28,000
₫43,000
₫45,000
₫1,400,000
₫21,000
₫592,020
₫119,000
₫3,100,000
₫88,000
₫3,600,000
₫300,000
₫3,000,000
₫250,000
₫170,000
₫790,000
₫3,500,000
₫52,500
₫8,000
₫3,650,000
₫3,977,000
₫1,100,000
₫3,586,000
₫55,000
₫6,998,000
₫5,800,000
₫25,000
₫280,000
₫1,999,999
₫14,000,000
₫6,500,000
₫1,599,000
₫1,459,000
₫6,906,000
₫2,832,600
₫71,500
₫500,000
₫555,000
₫373,000
₫3,600,000
₫5,900,000
₫28,000
₫43,000
₫45,000
₫1,400,000
₫21,000
₫592,020
₫119,000
₫3,100,000
₫88,000
₫3,600,000
₫300,000
₫3,000,000
₫250,000
₫170,000
₫790,000
₫3,500,000
₫52,500
₫8,000
₫3,650,000
₫3,977,000
₫1,100,000
₫3,586,000
₫55,000
₫6,998,000
₫5,800,000
₫25,000
₫280,000
₫1,999,999
₫14,000,000
₫6,500,000
₫1,599,000
₫1,459,000
₫6,906,000
₫2,832,600
₫71,500
₫500,000
₫555,000
₫373,000
₫3,600,000
₫5,900,000
₫28,000
₫43,000
₫45,000
₫1,400,000
₫21,000
₫592,020
₫119,000
₫3,100,000
₫88,000
₫3,600,000
₫300,000
₫3,000,000
₫250,000
₫170,000
₫790,000
₫3,500,000
₫52,500
₫8,000
₫3,650,000
₫3,977,000
₫1,100,000
₫3,586,000
₫55,000
₫6,998,000
₫5,800,000
₫25,000
₫280,000
₫1,999,999
₫14,000,000
₫6,500,000
₫1,599,000
₫1,459,000
₫6,906,000
₫2,832,600
₫71,500
₫500,000
₫555,000
₫373,000
₫3,600,000
₫5,900,000
₫28,000
₫43,000
₫45,000
₫1,400,000
₫21,000
₫592,020
₫119,000
₫3,100,000
₫88,000
₫3,600,000
₫300,000
₫3,000,000
₫250,000
₫170,000
₫790,000
₫3,500,000
₫52,500
₫8,000
₫3,650,000
₫3,977,000
₫1,100,000
₫3,586,000
₫55,000
₫6,998,000
₫5,800,000
₫25,000
₫280,000
₫1,999,999
₫14,000,000
₫6,500,000
₫1,599,000
₫1,459,000
₫6,906,000
₫2,832,600
₫71,500
₫500,000
₫555,000
₫373,000
₫3,600,000
₫5,900,000
₫28,000
₫43,000
₫45,000
₫1,400,000
₫21,000
₫592,020
₫119,000
₫3,100,000
₫88,000
₫3,600,000
₫300,000
₫3,000,000
₫250,000
₫170,000
₫790,000
₫3,500,000
₫52,500
₫8,000
₫3,650,000
₫3,977,000
₫1,100,000
₫3,586,000
₫55,000
₫6,998,000
₫5,800,000
₫25,000
₫280,000
₫1,999,999
₫14,000,000
₫6,500,000
₫1,599,000
₫1,459,000
₫6,906,000
₫2,832,600
₫71,500
₫500,000
₫555,000
₫373,000
₫3,600,000
₫5,900,000
₫28,000
₫43,000
₫45,000
₫1,400,000
₫21,000
₫592,020
₫119,000
₫3,100,000
₫88,000
₫3,600,000
₫300,000
₫3,000,000
₫250,000
₫170,000
₫790,000
₫3,500,000
₫52,500
₫8,000
₫3,650,000
₫3,977,000
₫1,100,000
₫3,586,000
₫55,000
₫6,998,000
₫5,800,000
₫25,000
₫280,000
₫1,999,999
₫14,000,000
₫6,500,000
₫1,599,000
₫1,459,000
₫6,906,000
₫2,832,600
₫71,500
₫500,000
₫555,000
₫373,000
₫3,600,000
₫5,900,000
₫28,000
₫43,000
₫45,000
₫1,400,000
₫21,000
₫592,020
₫119,000
₫3,100,000
₫88,000
₫3,600,000
₫300,000
₫3,000,000
₫250,000
₫170,000
₫790,000
₫3,500,000
₫52,500
₫8,000
₫3,650,000
₫3,977,000
₫1,100,000
₫3,586,000
₫55,000
₫6,998,000
₫5,800,000
₫25,000
₫280,000
₫1,999,999
₫14,000,000
₫6,500,000
₫1,599,000
₫1,459,000
₫6,906,000
₫2,832,600
₫71,500
₫500,000
₫555,000
₫373,000
₫3,600,000
₫5,900,000
₫28,000
₫43,000
₫45,000
₫1,400,000
₫21,000
₫592,020
₫119,000
₫3,100,000
₫88,000
₫3,600,000
₫300,000
₫3,000,000
₫250,000
₫170,000
₫790,000
₫3,500,000
₫52,500
₫8,000
₫3,650,000
₫3,977,000
₫1,100,000
₫3,586,000
₫55,000
₫6,998,000
₫5,800,000
₫25,000
₫280,000
₫1,999,999
₫14,000,000
₫6,500,000
₫1,599,000
₫1,459,000
₫6,906,000
₫2,832,600
₫71,500
₫500,000
₫555,000
₫373,000
₫3,600,000
₫5,900,000
₫28,000
₫43,000
₫45,000
₫1,400,000
₫21,000
₫592,020
₫119,000
₫3,100,000
₫88,000
₫3,600,000
₫300,000
₫3,000,000
₫250,000
₫170,000
₫790,000
₫3,500,000
₫52,500
₫8,000
₫3,650,000
₫3,977,000
₫1,100,000
₫3,586,000
₫55,000
₫6,998,000
₫5,800,000
₫25,000
₫280,000
₫1,999,999
₫14,000,000
₫6,500,000
₫1,599,000
₫1,459,000
₫6,906,000
₫2,832,600
₫71,500
₫500,000
₫555,000
₫373,000
₫3,600,000
₫5,900,000
₫28,000
₫43,000
₫45,000
₫1,400,000
₫21,000
₫592,020
₫119,000
₫3,100,000
₫88,000
₫3,600,000
₫300,000
₫3,000,000
₫250,000
₫170,000
₫790,000
₫3,500,000
₫52,500
₫8,000
₫3,650,000
₫3,977,000
₫1,100,000
₫3,586,000
₫55,000
₫6,998,000
₫5,800,000
₫25,000
₫280,000
₫1,999,999
₫14,000,000
₫6,500,000
₫1,599,000
₫1,459,000
₫6,906,000
₫2,832,600
₫71,500
₫500,000
₫555,000
₫373,000
₫3,600,000
₫5,900,000
₫28,000
₫43,000
₫45,000
₫1,400,000
₫21,000
₫592,020
₫119,000
₫3,100,000
₫88,000
₫3,600,000
₫300,000
₫3,000,000
₫250,000
₫170,000
₫790,000
₫3,500,000
₫52,500
₫8,000
₫3,650,000
₫3,977,000
₫1,100,000
₫3,586,000
₫55,000
₫6,998,000
₫5,800,000
₫25,000
₫280,000
₫1,999,999
₫14,000,000
₫6,500,000
₫1,599,000
₫1,459,000
₫6,906,000
₫2,832,600
₫71,500
₫500,000
₫555,000
₫373,000
₫3,600,000
₫5,900,000
₫28,000
₫43,000
₫45,000
₫1,400,000
₫21,000
₫592,020
₫119,000
₫3,100,000
₫88,000
₫3,600,000
₫300,000
₫3,000,000
₫250,000
₫170,000
₫790,000
₫3,500,000
₫52,500
₫8,000
₫3,650,000
₫3,977,000
₫1,100,000
₫3,586,000
₫55,000
₫6,998,000
₫5,800,000
₫25,000
₫280,000
₫1,999,999
₫14,000,000
₫6,500,000
₫1,599,000
₫1,459,000
₫6,906,000
₫2,832,600
₫71,500
₫500,000
₫555,000
₫373,000
₫3,600,000
₫5,900,000
₫28,000
₫43,000
₫45,000
₫1,400,000
₫21,000
₫592,020
₫119,000
₫3,100,000
₫88,000
₫3,600,000
₫300,000
₫3,000,000
₫250,000
₫170,000
₫790,000
₫3,500,000
₫52,500
₫8,000
₫3,650,000
₫3,977,000
₫1,100,000
₫3,586,000
₫55,000
₫6,998,000
₫5,800,000
₫25,000
₫280,000
₫1,999,999
₫14,000,000
₫6,500,000
₫1,599,000
₫1,459,000
₫6,906,000
₫2,832,600
₫71,500
₫500,000
₫555,000
₫373,000
₫3,600,000
₫5,900,000
₫28,000
₫43,000
₫45,000
₫1,400,000
₫21,000
₫592,020
₫119,000
₫3,100,000
₫88,000
₫3,600,000
₫300,000
₫3,000,000
₫250,000
₫170,000
₫790,000
₫3,500,000
₫52,500
₫8,000
₫3,650,000
₫3,977,000
₫1,100,000
₫3,586,000
₫55,000
₫6,998,000
₫5,800,000
₫25,000
₫280,000
₫1,999,999
₫14,000,000
₫6,500,000
₫1,599,000
₫1,459,000
₫6,906,000
₫2,832,600
₫71,500
₫500,000
₫555,000
₫373,000
₫3,600,000
₫5,900,000
₫28,000
₫43,000
₫45,000
₫1,400,000
₫21,000
₫592,020
₫119,000
₫3,100,000
₫88,000
₫3,600,000
₫300,000
₫3,000,000
₫250,000
₫170,000
₫790,000
₫3,500,000
₫52,500
₫8,000
₫3,650,000
₫3,977,000
₫1,100,000
₫3,586,000
₫55,000
₫6,998,000
₫5,800,000
₫25,000
₫280,000
₫1,999,999
₫14,000,000
₫6,500,000
₫1,599,000
₫1,459,000
₫6,906,000
₫2,832,600
₫71,500
₫500,000
₫555,000
₫373,000
₫3,600,000
₫5,900,000
₫28,000
₫43,000
₫45,000
₫1,400,000
₫21,000
₫592,020
₫119,000
₫3,100,000
₫88,000
₫3,600,000
₫300,000
₫3,000,000
₫250,000
₫170,000
₫790,000
₫3,500,000
₫52,500
₫8,000
₫3,650,000
₫3,977,000
₫1,100,000
₫3,586,000
₫55,000
₫6,998,000
₫5,800,000
₫25,000
₫280,000
₫1,999,999
₫14,000,000
₫6,500,000
₫1,599,000
₫1,459,000
₫6,906,000
₫2,832,600
₫71,500
₫500,000
₫555,000
₫373,000
₫3,600,000
₫5,900,000
₫28,000
₫43,000
₫45,000
₫1,400,000
₫21,000
₫592,020
₫119,000
₫3,100,000
₫88,000
₫3,600,000
₫300,000
₫3,000,000
₫250,000
₫170,000
₫790,000
₫3,500,000
₫52,500
₫8,000
₫3,650,000
₫3,977,000
₫1,100,000
₫3,586,000
₫55,000
₫6,998,000
₫5,800,000
₫25,000
₫280,000
₫1,999,999
₫14,000,000
₫6,500,000
₫1,599,000
₫1,459,000
₫6,906,000
₫2,832,600
₫71,500
₫500,000
₫555,000
₫373,000
₫3,600,000
₫5,900,000
₫28,000
₫43,000
₫45,000
₫1,400,000
₫21,000
₫592,020
₫119,000
₫3,100,000
₫88,000
₫3,600,000
₫300,000
₫3,000,000
₫250,000
₫170,000
₫790,000
₫3,500,000
₫52,500
₫8,000
₫3,650,000
₫3,977,000
₫1,100,000
₫3,586,000
₫55,000
₫6,998,000
₫5,800,000
₫25,000
₫280,000
₫1,999,999
₫14,000,000
₫6,500,000
₫1,599,000
₫1,459,000
₫6,906,000
₫2,832,600
₫71,500
₫500,000
₫555,000
₫373,000
₫3,600,000
₫5,900,000
₫28,000
₫43,000
₫45,000
₫1,400,000
₫21,000
₫592,020
₫119,000
₫3,100,000
₫88,000
₫3,600,000
₫300,000
₫3,000,000
₫250,000
₫170,000
₫790,000
₫3,500,000
₫52,500
₫8,000
₫3,650,000
₫3,977,000
₫1,100,000
₫3,586,000
₫55,000
₫6,998,000
₫5,800,000
₫25,000
₫280,000
₫1,999,999
₫14,000,000
₫6,500,000
₫1,599,000
₫1,459,000
₫6,906,000
₫2,832,600
₫71,500
₫500,000
₫555,000
₫373,000
₫3,600,000
₫5,900,000
₫28,000
₫43,000
₫45,000
₫1,400,000
₫21,000
₫592,020
₫119,000
₫3,100,000
₫88,000
₫3,600,000
₫300,000
₫3,000,000
₫250,000
₫170,000
₫790,000
₫3,500,000
₫52,500
₫8,000
₫3,650,000
₫3,977,000
₫1,100,000
₫3,586,000
₫55,000
₫6,998,000
₫5,800,000
₫25,000
₫280,000
₫1,999,999
₫14,000,000
₫6,500,000
₫1,599,000
₫1,459,000
₫6,906,000
₫2,832,600
₫71,500
₫500,000
₫555,000
₫373,000
₫3,600,000
₫5,900,000
₫28,000
₫43,000
₫45,000
₫1,400,000
₫21,000
₫592,020
₫119,000
₫3,100,000
₫88,000
₫3,600,000
₫300,000
₫3,000,000
₫250,000
₫170,000
₫790,000
₫3,500,000
₫52,500
₫8,000
₫3,650,000
₫3,977,000
₫1,100,000
₫3,586,000
₫55,000
₫6,998,000
₫5,800,000
₫25,000
₫280,000
₫1,999,999
₫14,000,000
₫6,500,000
₫1,599,000
₫1,459,000
₫6,906,000
₫2,832,600
₫71,500
₫500,000
₫555,000
₫373,000
₫3,600,000
₫5,900,000
₫28,000
₫43,000
₫45,000
₫1,400,000
₫21,000
₫592,020
₫119,000
₫3,100,000
₫88,000
₫3,600,000
₫300,000
₫3,000,000
₫250,000
₫170,000
₫790,000
₫3,500,000
₫52,500
₫8,000
₫3,650,000
₫3,977,000
₫1,100,000
₫3,586,000
₫55,000
₫6,998,000
₫5,800,000
₫25,000
₫280,000
₫1,999,999
₫14,000,000
₫6,500,000
₫1,599,000
₫1,459,000
₫6,906,000
₫2,832,600
₫71,500
₫500,000
₫555,000
₫373,000
₫3,600,000
₫5,900,000
₫28,000
₫43,000
₫45,000
₫1,400,000
₫21,000
₫592,020
₫119,000
₫3,100,000
₫88,000
₫3,600,000
₫300,000
₫3,000,000
₫250,000
₫170,000
₫790,000
₫3,500,000
₫52,500
₫8,000
₫3,650,000
₫3,977,000
₫1,100,000
₫3,586,000
₫55,000
₫6,998,000
₫5,800,000
₫25,000
₫280,000
₫1,999,999
₫14,000,000
₫6,500,000
₫1,599,000
₫1,459,000
₫6,906,000
₫2,832,600
₫71,500
₫500,000
₫555,000
₫373,000
₫3,600,000
₫5,900,000
₫28,000
₫43,000
₫45,000
₫1,400,000
₫21,000
₫592,020
₫119,000
₫3,100,000
₫88,000
₫3,600,000
₫300,000
₫3,000,000
₫250,000
₫170,000
₫790,000
₫3,500,000
₫52,500
₫8,000
₫3,650,000
₫3,977,000
₫1,100,000
₫3,586,000
₫55,000
₫6,998,000
₫5,800,000
₫25,000
₫280,000
₫1,999,999
₫14,000,000
₫6,500,000
₫1,599,000
₫1,459,000
₫6,906,000
₫2,832,600
₫71,500
₫500,000
₫555,000
₫373,000
₫3,600,000
₫5,900,000
₫28,000
₫43,000
₫45,000
₫1,400,000
₫21,000
₫592,020
₫119,000
₫3,100,000
₫88,000
₫3,600,000
₫300,000
₫3,000,000
₫250,000
₫170,000
₫790,000
₫3,500,000
₫52,500
₫8,000
₫3,650,000
₫3,977,000
₫1,100,000
₫3,586,000
₫55,000
₫6,998,000
₫5,800,000
₫25,000
₫280,000
₫1,999,999
₫14,000,000
₫6,500,000
₫1,599,000
₫1,459,000
₫6,906,000
₫2,832,600
₫71,500
₫500,000
₫555,000
₫373,000
₫3,600,000
₫5,900,000
₫28,000
₫43,000
₫45,000
₫1,400,000
₫21,000
₫592,020
₫119,000
₫3,100,000
₫88,000
₫3,600,000
₫300,000
₫3,000,000
₫250,000
₫170,000
₫790,000
₫3,500,000
₫52,500
₫8,000
₫3,650,000
₫3,977,000
₫1,100,000
₫3,586,000
₫55,000
₫6,998,000
₫5,800,000
₫25,000
₫280,000
₫1,999,999
₫14,000,000
₫6,500,000
₫1,599,000
₫1,459,000
₫6,906,000
₫2,832,600
₫71,500
₫500,000
₫555,000
₫373,000
₫3,600,000
₫5,900,000
₫28,000
₫43,000
₫45,000
₫1,400,000
₫21,000
₫592,020
₫119,000
₫3,100,000
₫88,000
₫3,600,000
₫300,000
₫3,000,000
₫250,000
₫170,000
₫790,000
₫3,500,000
₫52,500
₫8,000
₫3,650,000
₫3,977,000
₫1,100,000
₫3,586,000
₫55,000
₫6,998,000
₫5,800,000
₫25,000
₫280,000
₫1,999,999
₫14,000,000
₫6,500,000
₫1,599,000
₫1,459,000
₫6,906,000
₫2,832,600
₫71,500
