₫20,700,000
₫28,900,000
₫2,790,000
₫2,190,000
₫6,000,000
₫106,150
₫2,400,000
₫672,000
₫669,000
₫24,000
₫24,000
₫105,000
₫54,000
₫24,000
₫49,700
₫180,390
₫106,840
₫211,000
₫180,390
₫879,070
₫54,000
₫187,330
₫24,000
₫166,510
₫107,540
₫106,150
₫187,330
₫180,390
₫166,510
₫194,270
₫187,330
₫194,270
₫416,290
₫173,450
₫24,000
₫24,000
₫54,000
₫54,000
₫105,000
₫54,000
₫20,700,000
₫28,900,000
₫2,790,000
₫2,190,000
₫6,000,000
₫106,150
₫2,400,000
₫672,000
₫669,000
₫24,000
₫24,000
₫105,000
₫54,000
₫24,000
₫49,700
₫180,390
₫106,840
₫211,000
₫180,390
₫879,070
₫54,000
₫187,330
₫24,000
₫166,510
₫107,540
₫106,150
₫187,330
₫180,390
₫166,510
₫194,270
₫187,330
₫194,270
₫416,290
₫173,450
₫24,000
₫24,000
₫54,000
₫54,000
₫105,000
₫54,000
