₫80,000
₫73,000
₫73,236
₫80,000
₫38,000
₫68,000
₫323,000
₫58,000
₫60,000
₫26,000
₫105,000
₫73,000
₫91,000
₫73,000
₫190,000
₫700,000
₫165,000
₫200,000
₫66,000
₫998,000
₫481,000
₫390,000
₫5,450,000
₫395,000
₫451,000
₫555,000
₫95,000
₫19,400
₫140,000
₫749,000
₫555,000
₫1,415,000
₫1,995,000
₫165,900
₫2,450,000
₫172,900
₫1,599,000
₫69,000
₫220,000
₫27,000
₫80,000
₫73,000
₫73,236
₫80,000
₫38,000
₫68,000
₫323,000
₫58,000
₫60,000
₫26,000
₫105,000
₫73,000
₫91,000
₫73,000
₫190,000
₫700,000
₫165,000
₫200,000
₫66,000
₫998,000
₫481,000
₫390,000
₫5,450,000
₫395,000
₫451,000
₫555,000
₫95,000
₫19,400
₫140,000
₫749,000
₫555,000
₫1,415,000
₫1,995,000
₫165,900
₫2,450,000
₫172,900
₫1,599,000
₫69,000
₫220,000
₫27,000
₫80,000
₫73,000
₫73,236
₫80,000
₫38,000
₫68,000
₫323,000
₫58,000
₫60,000
₫26,000
₫105,000
₫73,000
₫91,000
₫73,000
₫190,000
₫700,000
₫165,000
₫200,000
₫66,000
₫998,000
₫481,000
₫390,000
₫5,450,000
₫395,000
₫451,000
₫555,000
₫95,000
₫19,400
₫140,000
₫749,000
₫555,000
₫1,415,000
₫1,995,000
₫165,900
₫2,450,000
₫172,900
₫1,599,000
₫69,000
₫220,000
₫27,000
₫80,000
₫73,000
₫73,236
₫80,000
₫38,000
₫68,000
₫323,000
₫58,000
₫60,000
₫26,000
₫105,000
₫73,000
₫91,000
₫73,000
₫190,000
₫700,000
₫165,000
₫200,000
₫66,000
₫998,000
₫481,000
₫390,000
₫5,450,000
₫395,000
₫451,000
₫555,000
₫95,000
₫19,400
₫140,000
₫749,000
₫555,000
₫1,415,000
₫1,995,000
₫165,900
₫2,450,000
₫172,900
₫1,599,000
₫69,000
₫220,000
₫27,000
₫80,000
₫73,000
₫73,236
₫80,000
₫38,000
₫68,000
₫323,000
₫58,000
₫60,000
₫26,000
₫105,000
₫73,000
₫91,000
₫73,000
₫190,000
₫700,000
₫165,000
₫200,000
₫66,000
₫998,000
₫481,000
₫390,000
₫5,450,000
₫395,000
₫451,000
₫555,000
₫95,000
₫19,400
₫140,000
₫749,000
₫555,000
₫1,415,000
₫1,995,000
₫165,900
₫2,450,000
₫172,900
₫1,599,000
₫69,000
₫220,000
₫27,000
₫80,000
₫73,000
₫73,236
₫80,000
₫38,000
₫68,000
₫323,000
₫58,000
₫60,000
₫26,000
₫105,000
₫73,000
₫91,000
₫73,000
₫190,000
₫700,000
₫165,000
₫200,000
₫66,000
₫998,000
₫481,000
₫390,000
₫5,450,000
₫395,000
₫451,000
₫555,000
₫95,000
₫19,400
₫140,000
₫749,000
₫555,000
₫1,415,000
₫1,995,000
₫165,900
₫2,450,000
₫172,900
₫1,599,000
₫69,000
₫220,000
₫27,000
₫80,000
₫73,000
₫73,236
₫80,000
₫38,000
₫68,000
₫323,000
₫58,000
₫60,000
₫26,000
₫105,000
₫73,000
₫91,000
₫73,000
₫190,000
₫700,000
₫165,000
₫200,000
₫66,000
₫998,000
₫481,000
₫390,000
₫5,450,000
₫395,000
₫451,000
₫555,000
₫95,000
₫19,400
₫140,000
₫749,000
₫555,000
₫1,415,000
₫1,995,000
₫165,900
₫2,450,000
₫172,900
₫1,599,000
₫69,000
₫220,000
₫27,000
₫80,000
₫73,000
₫73,236
₫80,000
₫38,000
₫68,000
₫323,000
₫58,000
₫60,000
₫26,000
₫105,000
₫73,000
₫91,000
₫73,000
₫190,000
₫700,000
₫165,000
₫200,000
₫66,000
₫998,000
₫481,000
₫390,000
₫5,450,000
₫395,000
₫451,000
₫555,000
₫95,000
₫19,400
₫140,000
₫749,000
₫555,000
₫1,415,000
₫1,995,000
₫165,900
₫2,450,000
₫172,900
₫1,599,000
₫69,000
₫220,000
₫27,000
₫80,000
₫73,000
₫73,236
₫80,000
₫38,000
₫68,000
₫323,000
₫58,000
₫60,000
₫26,000
₫105,000
₫73,000
₫91,000
₫73,000
₫190,000
₫700,000
₫165,000
₫200,000
₫66,000
₫998,000
₫481,000
₫390,000
₫5,450,000
₫395,000
₫451,000
₫555,000
₫95,000
₫19,400
₫140,000
₫749,000
₫555,000
₫1,415,000
₫1,995,000
₫165,900
₫2,450,000
₫172,900
₫1,599,000
₫69,000
₫220,000
₫27,000
₫80,000
₫73,000
₫73,236
₫80,000
₫38,000
₫68,000
₫323,000
₫58,000
₫60,000
₫26,000
₫105,000
₫73,000
₫91,000
₫73,000
₫190,000
₫700,000
₫165,000
₫200,000
₫66,000
₫998,000
₫481,000
₫390,000
₫5,450,000
₫395,000
₫451,000
₫555,000
₫95,000
₫19,400
₫140,000
₫749,000
₫555,000
₫1,415,000
₫1,995,000
₫165,900
₫2,450,000
₫172,900
₫1,599,000
₫69,000
₫220,000
₫27,000
₫80,000
₫73,000
₫73,236
₫80,000
₫38,000
₫68,000
₫323,000
₫58,000
₫60,000
₫26,000
₫105,000
₫73,000
₫91,000
₫73,000
₫190,000
₫700,000
₫165,000
₫200,000
₫66,000
₫998,000
₫481,000
₫390,000
₫5,450,000
₫395,000
₫451,000
₫555,000
₫95,000
₫19,400
₫140,000
₫749,000
₫555,000
₫1,415,000
₫1,995,000
₫165,900
₫2,450,000
₫172,900
₫1,599,000
₫69,000
₫220,000
₫27,000
₫80,000
₫73,000
₫73,236
₫80,000
₫38,000
₫68,000
₫323,000
₫58,000
₫60,000
₫26,000
₫105,000
₫73,000
₫91,000
₫73,000
₫190,000
₫700,000
₫165,000
₫200,000
₫66,000
₫998,000
₫481,000
₫390,000
₫5,450,000
₫395,000
₫451,000
₫555,000
₫95,000
₫19,400
₫140,000
₫749,000
₫555,000
₫1,415,000
₫1,995,000
₫165,900
₫2,450,000
₫172,900
₫1,599,000
₫69,000
₫220,000
₫27,000
₫80,000
₫73,000
₫73,236
₫80,000
₫38,000
₫68,000
₫323,000
₫58,000
₫60,000
₫26,000
₫105,000
₫73,000
₫91,000
₫73,000
₫190,000
₫700,000
₫165,000
₫200,000
₫66,000
₫998,000
₫481,000
₫390,000
₫5,450,000
₫395,000
₫451,000
₫555,000
₫95,000
₫19,400
₫140,000
₫749,000
₫555,000
₫1,415,000
₫1,995,000
₫165,900
₫2,450,000
₫172,900
₫1,599,000
₫69,000
₫220,000
₫27,000
₫80,000
₫73,000
₫73,236
₫80,000
₫38,000
₫68,000
₫323,000
₫58,000
₫60,000
₫26,000
₫105,000
₫73,000
₫91,000
₫73,000
₫190,000
₫700,000
₫165,000
₫200,000
₫66,000
₫998,000
₫481,000
₫390,000
₫5,450,000
₫395,000
₫451,000
₫555,000
₫95,000
₫19,400
₫140,000
₫749,000
₫555,000
₫1,415,000
₫1,995,000
₫165,900
₫2,450,000
₫172,900
₫1,599,000
₫69,000
₫220,000
₫27,000
₫80,000
₫73,000
₫73,236
₫80,000
₫38,000
₫68,000
₫323,000
₫58,000
₫60,000
₫26,000
₫105,000
₫73,000
₫91,000
₫73,000
₫190,000
₫700,000
₫165,000
₫200,000
₫66,000
₫998,000
₫481,000
₫390,000
₫5,450,000
₫395,000
₫451,000
₫555,000
₫95,000
₫19,400
₫140,000
₫749,000
₫555,000
₫1,415,000
₫1,995,000
₫165,900
₫2,450,000
₫172,900
₫1,599,000
₫69,000
₫220,000
₫27,000
₫80,000
₫73,000
₫73,236
₫80,000
₫38,000
₫68,000
₫323,000
₫58,000
₫60,000
₫26,000
₫105,000
₫73,000
₫91,000
₫73,000
₫190,000
₫700,000
₫165,000
₫200,000
₫66,000
₫998,000
₫481,000
₫390,000
₫5,450,000
₫395,000
₫451,000
₫555,000
₫95,000
₫19,400
₫140,000
₫749,000
₫555,000
₫1,415,000
₫1,995,000
₫165,900
₫2,450,000
₫172,900
₫1,599,000
₫69,000
₫220,000
₫27,000
₫80,000
₫73,000
₫73,236
₫80,000
₫38,000
₫68,000
₫323,000
₫58,000
₫60,000
₫26,000
₫105,000
₫73,000
₫91,000
₫73,000
₫190,000
₫700,000
₫165,000
₫200,000
₫66,000
₫998,000
₫481,000
₫390,000
₫5,450,000
₫395,000
₫451,000
₫555,000
₫95,000
₫19,400
₫140,000
₫749,000
₫555,000
₫1,415,000
₫1,995,000
₫165,900
₫2,450,000
₫172,900
₫1,599,000
₫69,000
₫220,000
₫27,000
₫80,000
₫73,000
₫73,236
₫80,000
₫38,000
₫68,000
₫323,000
₫58,000
₫60,000
₫26,000
₫105,000
₫73,000
₫91,000
₫73,000
₫190,000
₫700,000
₫165,000
₫200,000
₫66,000
₫998,000
₫481,000
₫390,000
₫5,450,000
₫395,000
₫451,000
₫555,000
₫95,000
₫19,400
₫140,000
₫749,000
₫555,000
₫1,415,000
₫1,995,000
₫165,900
₫2,450,000
₫172,900
₫1,599,000
₫69,000
₫220,000
₫27,000
₫80,000
₫73,000
₫73,236
₫80,000
₫38,000
₫68,000
₫323,000
₫58,000
₫60,000
₫26,000
₫105,000
₫73,000
₫91,000
₫73,000
₫190,000
₫700,000
₫165,000
₫200,000
₫66,000
₫998,000
₫481,000
₫390,000
₫5,450,000
₫395,000
₫451,000
₫555,000
₫95,000
₫19,400
₫140,000
₫749,000
₫555,000
₫1,415,000
₫1,995,000
₫165,900
₫2,450,000
₫172,900
₫1,599,000
₫69,000
₫220,000
₫27,000
₫80,000
₫73,000
₫73,236
₫80,000
₫38,000
₫68,000
₫323,000
₫58,000
₫60,000
₫26,000
₫105,000
₫73,000
₫91,000
₫73,000
₫190,000
₫700,000
₫165,000
₫200,000
₫66,000
₫998,000
₫481,000
₫390,000
₫5,450,000
₫395,000
₫451,000
₫555,000
₫95,000
₫19,400
₫140,000
₫749,000
₫555,000
₫1,415,000
₫1,995,000
₫165,900
₫2,450,000
₫172,900
₫1,599,000
₫69,000
₫220,000
₫27,000
₫80,000
₫73,000
₫73,236
₫80,000
₫38,000
₫68,000
₫323,000
₫58,000
₫60,000
₫26,000
₫105,000
₫73,000
₫91,000
₫73,000
₫190,000
₫700,000
₫165,000
₫200,000
₫66,000
₫998,000
₫481,000
₫390,000
₫5,450,000
₫395,000
₫451,000
₫555,000
₫95,000
₫19,400
₫140,000
₫749,000
₫555,000
₫1,415,000
₫1,995,000
₫165,900
₫2,450,000
₫172,900
₫1,599,000
₫69,000
₫220,000
₫27,000
₫80,000
₫73,000
₫73,236
₫80,000
₫38,000
₫68,000
₫323,000
₫58,000
₫60,000
₫26,000
₫105,000
₫73,000
₫91,000
₫73,000
₫190,000
₫700,000
₫165,000
₫200,000
₫66,000
₫998,000
₫481,000
₫390,000
₫5,450,000
₫395,000
₫451,000
₫555,000
₫95,000
₫19,400
₫140,000
₫749,000
₫555,000
₫1,415,000
₫1,995,000
₫165,900
₫2,450,000
₫172,900
₫1,599,000
₫69,000
₫220,000
₫27,000
₫80,000
₫73,000
₫73,236
₫80,000
₫38,000
₫68,000
₫323,000
₫58,000
₫60,000
₫26,000
₫105,000
₫73,000
₫91,000
₫73,000
₫190,000
₫700,000
₫165,000
₫200,000
₫66,000
₫998,000
₫481,000
₫390,000
₫5,450,000
₫395,000
₫451,000
₫555,000
₫95,000
₫19,400
₫140,000
₫749,000
₫555,000
₫1,415,000
₫1,995,000
₫165,900
₫2,450,000
₫172,900
₫1,599,000
₫69,000
₫220,000
₫27,000
₫80,000
₫73,000
₫73,236
₫80,000
₫38,000
₫68,000
₫323,000
₫58,000
₫60,000
₫26,000
₫105,000
₫73,000
₫91,000
₫73,000
₫190,000
₫700,000
₫165,000
₫200,000
₫66,000
₫998,000
₫481,000
₫390,000
₫5,450,000
₫395,000
₫451,000
₫555,000
₫95,000
₫19,400
₫140,000
₫749,000
₫555,000
₫1,415,000
₫1,995,000
₫165,900
₫2,450,000
₫172,900
₫1,599,000
₫69,000
₫220,000
₫27,000
₫80,000
₫73,000
₫73,236
₫80,000
₫38,000
₫68,000
₫323,000
₫58,000
₫60,000
₫26,000
₫105,000
₫73,000
₫91,000
₫73,000
₫190,000
₫700,000
₫165,000
₫200,000
₫66,000
₫998,000
₫481,000
₫390,000
₫5,450,000
₫395,000
₫451,000
₫555,000
₫95,000
₫19,400
₫140,000
₫749,000
₫555,000
₫1,415,000
₫1,995,000
₫165,900
₫2,450,000
₫172,900
₫1,599,000
₫69,000
₫220,000
₫27,000
₫80,000
₫73,000
₫73,236
₫80,000
₫38,000
₫68,000
₫323,000
₫58,000
₫60,000
₫26,000
₫105,000
₫73,000
₫91,000
₫73,000
₫190,000
₫700,000
₫165,000
₫200,000
₫66,000
₫998,000
₫481,000
₫390,000
₫5,450,000
₫395,000
₫451,000
₫555,000
₫95,000
₫19,400
₫140,000
₫749,000
₫555,000
₫1,415,000
₫1,995,000
₫165,900
₫2,450,000
₫172,900
₫1,599,000
₫69,000
₫220,000
₫27,000
₫80,000
₫73,000
₫73,236
₫80,000
₫38,000
₫68,000
₫323,000
₫58,000
₫60,000
₫26,000
₫105,000
₫73,000
₫91,000
₫73,000
₫190,000
₫700,000
₫165,000
₫200,000
₫66,000
₫998,000
₫481,000
₫390,000
₫5,450,000
₫395,000
₫451,000
₫555,000
₫95,000
₫19,400
₫140,000
₫749,000
₫555,000
₫1,415,000
₫1,995,000
₫165,900
₫2,450,000
₫172,900
₫1,599,000
₫69,000
₫220,000
₫27,000
₫80,000
₫73,000
₫73,236
₫80,000
₫38,000
₫68,000
₫323,000
₫58,000
₫60,000
₫26,000
₫105,000
₫73,000
₫91,000
₫73,000
₫190,000
₫700,000
₫165,000
₫200,000
₫66,000
₫998,000
₫481,000
₫390,000
₫5,450,000
₫395,000
₫451,000
₫555,000
₫95,000
₫19,400
₫140,000
₫749,000
₫555,000
₫1,415,000
₫1,995,000
₫165,900
₫2,450,000
₫172,900
₫1,599,000
₫69,000
₫220,000
₫27,000
₫80,000
₫73,000
₫73,236
₫80,000
₫38,000
₫68,000
₫323,000
₫58,000
₫60,000
₫26,000
₫105,000
₫73,000
₫91,000
₫73,000
₫190,000
₫700,000
₫165,000
₫200,000
₫66,000
₫998,000
₫481,000
₫390,000
₫5,450,000
₫395,000
₫451,000
₫555,000
₫95,000
₫19,400
₫140,000
₫749,000
₫555,000
₫1,415,000
₫1,995,000
₫165,900
₫2,450,000
₫172,900
₫1,599,000
₫69,000
₫220,000
₫27,000
₫80,000
₫73,000
₫73,236
₫80,000
₫38,000
₫68,000
₫323,000
₫58,000
₫60,000
₫26,000
₫105,000
₫73,000
₫91,000
₫73,000
₫190,000
₫700,000
₫165,000
₫200,000
₫66,000
₫998,000
₫481,000
₫390,000
₫5,450,000
₫395,000
₫451,000
₫555,000
₫95,000
₫19,400
₫140,000
₫749,000
₫555,000
₫1,415,000
₫1,995,000
₫165,900
₫2,450,000
₫172,900
₫1,599,000
₫69,000
₫220,000
₫27,000
₫80,000
₫73,000
₫73,236
₫80,000
₫38,000
₫68,000
₫323,000
₫58,000
₫60,000
₫26,000
₫105,000
₫73,000
₫91,000
₫73,000
₫190,000
₫700,000
₫165,000
₫200,000
₫66,000
₫998,000
₫481,000
₫390,000
₫5,450,000
₫395,000
₫451,000
₫555,000
₫95,000
₫19,400
₫140,000
₫749,000
₫555,000
₫1,415,000
₫1,995,000
₫165,900
₫2,450,000
₫172,900
₫1,599,000
₫69,000
₫220,000
₫27,000
₫80,000
₫73,000
₫73,236
₫80,000
₫38,000
₫68,000
₫323,000
₫58,000
₫60,000
₫26,000
₫105,000
₫73,000
₫91,000
₫73,000
₫190,000
₫700,000
₫165,000
₫200,000
₫66,000
₫998,000
₫481,000
₫390,000
₫5,450,000
₫395,000
₫451,000
₫555,000
₫95,000
₫19,400
₫140,000
₫749,000
₫555,000
₫1,415,000
₫1,995,000
₫165,900
₫2,450,000
₫172,900
₫1,599,000
₫69,000
₫220,000
₫27,000
₫80,000
₫73,000
₫73,236
₫80,000
₫38,000
₫68,000
₫323,000
₫58,000
₫60,000
₫26,000
₫105,000
₫73,000
₫91,000
₫73,000
₫190,000
₫700,000
₫165,000
₫200,000
₫66,000
₫998,000
₫481,000
₫390,000
₫5,450,000
₫395,000
₫451,000
₫555,000
₫95,000
₫19,400
₫140,000
₫749,000
₫555,000
₫1,415,000
₫1,995,000
₫165,900
₫2,450,000
₫172,900
₫1,599,000
₫69,000
₫220,000
₫27,000
₫80,000
₫73,000
₫73,236
₫80,000
₫38,000
₫68,000
₫323,000
₫58,000
₫60,000
₫26,000
₫105,000
₫73,000
₫91,000
₫73,000
₫190,000
₫700,000
₫165,000
₫200,000
₫66,000
₫998,000
₫481,000
₫390,000
₫5,450,000
₫395,000
₫451,000
₫555,000
₫95,000
₫19,400
₫140,000
₫749,000
₫555,000
₫1,415,000
₫1,995,000
₫165,900
₫2,450,000
₫172,900
₫1,599,000
₫69,000
₫220,000
₫27,000
₫80,000
₫73,000
₫73,236
₫80,000
₫38,000
₫68,000
₫323,000
₫58,000
₫60,000
₫26,000
₫105,000
₫73,000
₫91,000
₫73,000
₫190,000
₫700,000
₫165,000
₫200,000
₫66,000
₫998,000
₫481,000
₫390,000
₫5,450,000
₫395,000
₫451,000
₫555,000
₫95,000
₫19,400
₫140,000
₫749,000
₫555,000
₫1,415,000
₫1,995,000
₫165,900
₫2,450,000
₫172,900
₫1,599,000
₫69,000
₫220,000
₫27,000
₫80,000
₫73,000
₫73,236
₫80,000
₫38,000
₫68,000
₫323,000
₫58,000
₫60,000
₫26,000
₫105,000
₫73,000
₫91,000
₫73,000
₫190,000
₫700,000
₫165,000
₫200,000
₫66,000
₫998,000
₫481,000
₫390,000
₫5,450,000
₫395,000
₫451,000
₫555,000
₫95,000
₫19,400
₫140,000
₫749,000
₫555,000
₫1,415,000
₫1,995,000
₫165,900
₫2,450,000
₫172,900
₫1,599,000
₫69,000
₫220,000
₫27,000
₫80,000
₫73,000
₫73,236
₫80,000
₫38,000
₫68,000
₫323,000
₫58,000
₫60,000
₫26,000
₫105,000
₫73,000
₫91,000
₫73,000
₫190,000
₫700,000
₫165,000
₫200,000
₫66,000
₫998,000
₫481,000
₫390,000
₫5,450,000
₫395,000
₫451,000
₫555,000
₫95,000
₫19,400
₫140,000
₫749,000
₫555,000
₫1,415,000
₫1,995,000
₫165,900
₫2,450,000
₫172,900
₫1,599,000
₫69,000
₫220,000
₫27,000
₫80,000
₫73,000
₫73,236
₫80,000
₫38,000
₫68,000
₫323,000
₫58,000
₫60,000
₫26,000
₫105,000
₫73,000
₫91,000
₫73,000
₫190,000
₫700,000
₫165,000
₫200,000
₫66,000
₫998,000
₫481,000
₫390,000
₫5,450,000
₫395,000
₫451,000
₫555,000
₫95,000
₫19,400
₫140,000
₫749,000
₫555,000
₫1,415,000
₫1,995,000
₫165,900
₫2,450,000
₫172,900
₫1,599,000
₫69,000
₫220,000
₫27,000
₫80,000
₫73,000
₫73,236
₫80,000
₫38,000
₫68,000
₫323,000
₫58,000
₫60,000
₫26,000
₫105,000
₫73,000
₫91,000
₫73,000
₫190,000
₫700,000
₫165,000
₫200,000
₫66,000
₫998,000
₫481,000
₫390,000
₫5,450,000
₫395,000
₫451,000
₫555,000
₫95,000
₫19,400
₫140,000
₫749,000
₫555,000
₫1,415,000
₫1,995,000
₫165,900
₫2,450,000
₫172,900
₫1,599,000
₫69,000
₫220,000
₫27,000
₫80,000
₫73,000
₫73,236
₫80,000
₫38,000
₫68,000
₫323,000
₫58,000
₫60,000
₫26,000
₫105,000
₫73,000
₫91,000
₫73,000
₫190,000
₫700,000
₫165,000
₫200,000
₫66,000
₫998,000
₫481,000
₫390,000
₫5,450,000
₫395,000
₫451,000
₫555,000
₫95,000
₫19,400
₫140,000
₫749,000
₫555,000
₫1,415,000
₫1,995,000
₫165,900
₫2,450,000
₫172,900
₫1,599,000
₫69,000
₫220,000
₫27,000
₫80,000
₫73,000
₫73,236
₫80,000
₫38,000
₫68,000
₫323,000
₫58,000
₫60,000
₫26,000
₫105,000
₫73,000
₫91,000
₫73,000
₫190,000
₫700,000
₫165,000
₫200,000
₫66,000
₫998,000
₫481,000
₫390,000
₫5,450,000
₫395,000
₫451,000
₫555,000
₫95,000
₫19,400
₫140,000
₫749,000
₫555,000
₫1,415,000
₫1,995,000
₫165,900
₫2,450,000
₫172,900
₫1,599,000
₫69,000
₫220,000
₫27,000
₫80,000
₫73,000
₫73,236
₫80,000
₫38,000
₫68,000
₫323,000
₫58,000
₫60,000
₫26,000
₫105,000
₫73,000
₫91,000
₫73,000
₫190,000
₫700,000
₫165,000
₫200,000
₫66,000
₫998,000
₫481,000
₫390,000
₫5,450,000
₫395,000
₫451,000
₫555,000
₫95,000
₫19,400
₫140,000
₫749,000
₫555,000
₫1,415,000
₫1,995,000
₫165,900
₫2,450,000
₫172,900
₫1,599,000
₫69,000
₫220,000
₫27,000
₫80,000
₫73,000
₫73,236
₫80,000
₫38,000
₫68,000
₫323,000
₫58,000
₫60,000
₫26,000
₫105,000
₫73,000
₫91,000
₫73,000
₫190,000
₫700,000
₫165,000
₫200,000
₫66,000
₫998,000
₫481,000
₫390,000
₫5,450,000
₫395,000
₫451,000
₫555,000
₫95,000
₫19,400
₫140,000
₫749,000
₫555,000
₫1,415,000
₫1,995,000
₫165,900
₫2,450,000
₫172,900
₫1,599,000
₫69,000
₫220,000
₫27,000
₫80,000
₫73,000
₫73,236
₫80,000
₫38,000
₫68,000
₫323,000
₫58,000
₫60,000
₫26,000
₫105,000
₫73,000
₫91,000
₫73,000
₫190,000
₫700,000
₫165,000
₫200,000
₫66,000
₫998,000
₫481,000
₫390,000
₫5,450,000
₫395,000
₫451,000
₫555,000
₫95,000
₫19,400
₫140,000
₫749,000
₫555,000
₫1,415,000
₫1,995,000
₫165,900
₫2,450,000
₫172,900
₫1,599,000
₫69,000
₫220,000
₫27,000
₫80,000
₫73,000
₫73,236
₫80,000
₫38,000
₫68,000
₫323,000
₫58,000
₫60,000
₫26,000
₫105,000
₫73,000
₫91,000
₫73,000
₫190,000
₫700,000
₫165,000
₫200,000
₫66,000
₫998,000
₫481,000
₫390,000
₫5,450,000
₫395,000
₫451,000
₫555,000
₫95,000
₫19,400
₫140,000
₫749,000
₫555,000
₫1,415,000
₫1,995,000
₫165,900
₫2,450,000
₫172,900
₫1,599,000
₫69,000
₫220,000
₫27,000
₫80,000
₫73,000
₫73,236
₫80,000
₫38,000
₫68,000
₫323,000
₫58,000
₫60,000
₫26,000
₫105,000
₫73,000
₫91,000
₫73,000
₫190,000
₫700,000
₫165,000
₫200,000
₫66,000
₫998,000
₫481,000
₫390,000
₫5,450,000
₫395,000
₫451,000
₫555,000
₫95,000
₫19,400
₫140,000
₫749,000
₫555,000
₫1,415,000
₫1,995,000
₫165,900
₫2,450,000
₫172,900
₫1,599,000
₫69,000
₫220,000
₫27,000
₫80,000
₫73,000
₫73,236
₫80,000
₫38,000
₫68,000
₫323,000
₫58,000
₫60,000
₫26,000
₫105,000
₫73,000
₫91,000
₫73,000
₫190,000
₫700,000
₫165,000
₫200,000
₫66,000
₫998,000
₫481,000
₫390,000
₫5,450,000
₫395,000
₫451,000
₫555,000
₫95,000
₫19,400
₫140,000
₫749,000
₫555,000
₫1,415,000
₫1,995,000
₫165,900
₫2,450,000
₫172,900
₫1,599,000
₫69,000
₫220,000
₫27,000
₫80,000
₫73,000
₫73,236
₫80,000
₫38,000
₫68,000
₫323,000
₫58,000
₫60,000
₫26,000
₫105,000
₫73,000
₫91,000
₫73,000
₫190,000
₫700,000
₫165,000
₫200,000
₫66,000
₫998,000
₫481,000
₫390,000
₫5,450,000
₫395,000
₫451,000
₫555,000
₫95,000
₫19,400
₫140,000
₫749,000
₫555,000
₫1,415,000
₫1,995,000
₫165,900
₫2,450,000
₫172,900
₫1,599,000
₫69,000
₫220,000
₫27,000
₫80,000
₫73,000
₫73,236
₫80,000
₫38,000
₫68,000
₫323,000
₫58,000
₫60,000
₫26,000
₫105,000
₫73,000
₫91,000
₫73,000
₫190,000
₫700,000
₫165,000
₫200,000
₫66,000
₫998,000
₫481,000
₫390,000
₫5,450,000
₫395,000
₫451,000
₫555,000
₫95,000
₫19,400
₫140,000
₫749,000
₫555,000
₫1,415,000
₫1,995,000
₫165,900
₫2,450,000
₫172,900
₫1,599,000
₫69,000
₫220,000
₫27,000
