₫25,400
₫39,000
₫25,000
₫300,000
₫225,000
₫17,500
₫535,446
₫44,000
₫24,700
₫20,400
₫22,500
₫10,990,000
₫195,000
₫320,100
₫41,400
₫296,400
₫23,800
₫21,000
₫444,000
₫165,900
₫429,000
₫10,000
₫43,000
₫1,583,000
₫34,200
₫70,300
₫62,700
₫46,500
₫399,600
₫17,500
₫251,000
₫41,300
₫48,000
₫241,577
₫220,000
₫129,000
₫2,150,000
₫400,000
₫45,500
₫11,900
₫25,400
₫39,000
₫25,000
₫300,000
₫225,000
₫17,500
₫535,446
₫44,000
₫24,700
₫20,400
₫22,500
₫10,990,000
₫195,000
₫320,100
₫41,400
₫296,400
₫23,800
₫21,000
₫444,000
₫165,900
₫429,000
₫10,000
₫43,000
₫1,583,000
₫34,200
₫70,300
₫62,700
₫46,500
₫399,600
₫17,500
₫251,000
₫41,300
₫48,000
₫241,577
₫220,000
₫129,000
₫2,150,000
₫400,000
₫45,500
₫11,900
₫25,400
₫39,000
₫25,000
₫300,000
₫225,000
₫17,500
₫535,446
₫44,000
₫24,700
₫20,400
₫22,500
₫10,990,000
₫195,000
₫320,100
₫41,400
₫296,400
₫23,800
₫21,000
₫444,000
₫165,900
₫429,000
₫10,000
₫43,000
₫1,583,000
₫34,200
₫70,300
₫62,700
₫46,500
₫399,600
₫17,500
₫251,000
₫41,300
₫48,000
₫241,577
₫220,000
₫129,000
₫2,150,000
₫400,000
₫45,500
₫11,900
₫25,400
₫39,000
₫25,000
₫300,000
₫225,000
₫17,500
₫535,446
₫44,000
₫24,700
₫20,400
₫22,500
₫10,990,000
₫195,000
₫320,100
₫41,400
₫296,400
₫23,800
₫21,000
₫444,000
₫165,900
₫429,000
₫10,000
₫43,000
₫1,583,000
₫34,200
₫70,300
₫62,700
₫46,500
₫399,600
₫17,500
₫251,000
₫41,300
₫48,000
₫241,577
₫220,000
₫129,000
₫2,150,000
₫400,000
₫45,500
₫11,900
₫25,400
₫39,000
₫25,000
₫300,000
₫225,000
₫17,500
₫535,446
₫44,000
₫24,700
₫20,400
₫22,500
₫10,990,000
₫195,000
₫320,100
₫41,400
₫296,400
₫23,800
₫21,000
₫444,000
₫165,900
₫429,000
₫10,000
₫43,000
₫1,583,000
₫34,200
₫70,300
₫62,700
₫46,500
₫399,600
₫17,500
₫251,000
₫41,300
₫48,000
₫241,577
₫220,000
₫129,000
₫2,150,000
₫400,000
₫45,500
₫11,900
₫25,400
₫39,000
₫25,000
₫300,000
₫225,000
₫17,500
₫535,446
₫44,000
₫24,700
₫20,400
₫22,500
₫10,990,000
₫195,000
₫320,100
₫41,400
₫296,400
₫23,800
₫21,000
₫444,000
₫165,900
₫429,000
₫10,000
₫43,000
₫1,583,000
₫34,200
₫70,300
₫62,700
₫46,500
₫399,600
₫17,500
₫251,000
₫41,300
₫48,000
₫241,577
₫220,000
₫129,000
₫2,150,000
₫400,000
₫45,500
₫11,900
₫25,400
₫39,000
₫25,000
₫300,000
₫225,000
₫17,500
₫535,446
₫44,000
₫24,700
₫20,400
₫22,500
₫10,990,000
₫195,000
₫320,100
₫41,400
₫296,400
₫23,800
₫21,000
₫444,000
₫165,900
₫429,000
₫10,000
₫43,000
₫1,583,000
₫34,200
₫70,300
₫62,700
₫46,500
₫399,600
₫17,500
₫251,000
₫41,300
₫48,000
₫241,577
₫220,000
₫129,000
₫2,150,000
₫400,000
₫45,500
₫11,900
₫25,400
₫39,000
₫25,000
₫300,000
₫225,000
₫17,500
₫535,446
₫44,000
₫24,700
₫20,400
₫22,500
₫10,990,000
₫195,000
₫320,100
₫41,400
₫296,400
₫23,800
₫21,000
₫444,000
₫165,900
₫429,000
₫10,000
₫43,000
₫1,583,000
₫34,200
₫70,300
₫62,700
₫46,500
₫399,600
₫17,500
₫251,000
₫41,300
₫48,000
₫241,577
₫220,000
₫129,000
₫2,150,000
₫400,000
₫45,500
₫11,900
₫25,400
₫39,000
₫25,000
₫300,000
₫225,000
₫17,500
₫535,446
₫44,000
₫24,700
₫20,400
₫22,500
₫10,990,000
₫195,000
₫320,100
₫41,400
₫296,400
₫23,800
₫21,000
₫444,000
₫165,900
₫429,000
₫10,000
₫43,000
₫1,583,000
₫34,200
₫70,300
₫62,700
₫46,500
₫399,600
₫17,500
₫251,000
₫41,300
₫48,000
₫241,577
₫220,000
₫129,000
₫2,150,000
₫400,000
₫45,500
₫11,900
₫25,400
₫39,000
₫25,000
₫300,000
₫225,000
₫17,500
₫535,446
₫44,000
₫24,700
₫20,400
₫22,500
₫10,990,000
₫195,000
₫320,100
₫41,400
₫296,400
₫23,800
₫21,000
₫444,000
₫165,900
₫429,000
₫10,000
₫43,000
₫1,583,000
₫34,200
₫70,300
₫62,700
₫46,500
₫399,600
₫17,500
₫251,000
₫41,300
₫48,000
₫241,577
₫220,000
₫129,000
₫2,150,000
₫400,000
₫45,500
₫11,900
₫25,400
₫39,000
₫25,000
₫300,000
₫225,000
₫17,500
₫535,446
₫44,000
₫24,700
₫20,400
₫22,500
₫10,990,000
₫195,000
₫320,100
₫41,400
₫296,400
₫23,800
₫21,000
₫444,000
₫165,900
₫429,000
₫10,000
₫43,000
₫1,583,000
₫34,200
₫70,300
₫62,700
₫46,500
₫399,600
₫17,500
₫251,000
₫41,300
₫48,000
₫241,577
₫220,000
₫129,000
₫2,150,000
₫400,000
₫45,500
₫11,900
₫25,400
₫39,000
₫25,000
₫300,000
₫225,000
₫17,500
₫535,446
₫44,000
₫24,700
₫20,400
₫22,500
₫10,990,000
₫195,000
₫320,100
₫41,400
₫296,400
₫23,800
₫21,000
₫444,000
₫165,900
₫429,000
₫10,000
₫43,000
₫1,583,000
₫34,200
₫70,300
₫62,700
₫46,500
₫399,600
₫17,500
₫251,000
₫41,300
₫48,000
₫241,577
₫220,000
₫129,000
₫2,150,000
₫400,000
₫45,500
₫11,900
₫25,400
₫39,000
₫25,000
₫300,000
₫225,000
₫17,500
₫535,446
₫44,000
₫24,700
₫20,400
₫22,500
₫10,990,000
₫195,000
₫320,100
₫41,400
₫296,400
₫23,800
₫21,000
₫444,000
₫165,900
₫429,000
₫10,000
₫43,000
₫1,583,000
₫34,200
₫70,300
₫62,700
₫46,500
₫399,600
₫17,500
₫251,000
₫41,300
₫48,000
₫241,577
₫220,000
₫129,000
₫2,150,000
₫400,000
₫45,500
₫11,900
₫25,400
₫39,000
₫25,000
₫300,000
₫225,000
₫17,500
₫535,446
₫44,000
₫24,700
₫20,400
₫22,500
₫10,990,000
₫195,000
₫320,100
₫41,400
₫296,400
₫23,800
₫21,000
₫444,000
₫165,900
₫429,000
₫10,000
₫43,000
₫1,583,000
₫34,200
₫70,300
₫62,700
₫46,500
₫399,600
₫17,500
₫251,000
₫41,300
₫48,000
₫241,577
₫220,000
₫129,000
₫2,150,000
₫400,000
₫45,500
₫11,900
₫25,400
₫39,000
₫25,000
₫300,000
₫225,000
₫17,500
₫535,446
₫44,000
₫24,700
₫20,400
₫22,500
₫10,990,000
₫195,000
₫320,100
₫41,400
₫296,400
₫23,800
₫21,000
₫444,000
₫165,900
₫429,000
₫10,000
₫43,000
₫1,583,000
₫34,200
₫70,300
₫62,700
₫46,500
₫399,600
₫17,500
₫251,000
₫41,300
₫48,000
₫241,577
₫220,000
₫129,000
₫2,150,000
₫400,000
₫45,500
₫11,900
₫25,400
₫39,000
₫25,000
₫300,000
₫225,000
₫17,500
₫535,446
₫44,000
₫24,700
₫20,400
₫22,500
₫10,990,000
₫195,000
₫320,100
₫41,400
₫296,400
₫23,800
₫21,000
₫444,000
₫165,900
₫429,000
₫10,000
₫43,000
₫1,583,000
₫34,200
₫70,300
₫62,700
₫46,500
₫399,600
₫17,500
₫251,000
₫41,300
₫48,000
₫241,577
₫220,000
₫129,000
₫2,150,000
₫400,000
₫45,500
₫11,900
₫25,400
₫39,000
₫25,000
₫300,000
₫225,000
₫17,500
₫535,446
₫44,000
₫24,700
₫20,400
₫22,500
₫10,990,000
₫195,000
₫320,100
₫41,400
₫296,400
₫23,800
₫21,000
₫444,000
₫165,900
₫429,000
₫10,000
₫43,000
₫1,583,000
₫34,200
₫70,300
₫62,700
₫46,500
₫399,600
₫17,500
₫251,000
₫41,300
₫48,000
₫241,577
₫220,000
₫129,000
₫2,150,000
₫400,000
₫45,500
₫11,900
₫25,400
₫39,000
₫25,000
₫300,000
₫225,000
₫17,500
₫535,446
₫44,000
₫24,700
₫20,400
₫22,500
₫10,990,000
₫195,000
₫320,100
₫41,400
₫296,400
₫23,800
₫21,000
₫444,000
₫165,900
₫429,000
₫10,000
₫43,000
₫1,583,000
₫34,200
₫70,300
₫62,700
₫46,500
₫399,600
₫17,500
₫251,000
₫41,300
₫48,000
₫241,577
₫220,000
₫129,000
₫2,150,000
₫400,000
₫45,500
₫11,900
₫25,400
₫39,000
₫25,000
₫300,000
₫225,000
₫17,500
₫535,446
₫44,000
₫24,700
₫20,400
₫22,500
₫10,990,000
₫195,000
₫320,100
₫41,400
₫296,400
₫23,800
₫21,000
₫444,000
₫165,900
₫429,000
₫10,000
₫43,000
₫1,583,000
₫34,200
₫70,300
₫62,700
₫46,500
₫399,600
₫17,500
₫251,000
₫41,300
₫48,000
₫241,577
₫220,000
₫129,000
₫2,150,000
₫400,000
₫45,500
₫11,900
₫25,400
₫39,000
₫25,000
₫300,000
₫225,000
₫17,500
₫535,446
₫44,000
₫24,700
₫20,400
₫22,500
₫10,990,000
₫195,000
₫320,100
₫41,400
₫296,400
₫23,800
₫21,000
₫444,000
₫165,900
₫429,000
₫10,000
₫43,000
₫1,583,000
₫34,200
₫70,300
₫62,700
₫46,500
₫399,600
₫17,500
₫251,000
₫41,300
₫48,000
₫241,577
₫220,000
₫129,000
₫2,150,000
₫400,000
₫45,500
₫11,900
₫25,400
₫39,000
₫25,000
₫300,000
₫225,000
₫17,500
₫535,446
₫44,000
₫24,700
₫20,400
₫22,500
₫10,990,000
₫195,000
₫320,100
₫41,400
₫296,400
₫23,800
₫21,000
₫444,000
₫165,900
₫429,000
₫10,000
₫43,000
₫1,583,000
₫34,200
₫70,300
₫62,700
₫46,500
₫399,600
₫17,500
₫251,000
₫41,300
₫48,000
₫241,577
₫220,000
₫129,000
₫2,150,000
₫400,000
₫45,500
₫11,900
₫25,400
₫39,000
₫25,000
₫300,000
₫225,000
₫17,500
₫535,446
₫44,000
₫24,700
₫20,400
₫22,500
₫10,990,000
₫195,000
₫320,100
₫41,400
₫296,400
₫23,800
₫21,000
₫444,000
₫165,900
₫429,000
₫10,000
₫43,000
₫1,583,000
₫34,200
₫70,300
₫62,700
₫46,500
₫399,600
₫17,500
₫251,000
₫41,300
₫48,000
₫241,577
₫220,000
₫129,000
₫2,150,000
₫400,000
₫45,500
₫11,900
₫25,400
₫39,000
₫25,000
₫300,000
₫225,000
₫17,500
₫535,446
₫44,000
₫24,700
₫20,400
₫22,500
₫10,990,000
₫195,000
₫320,100
₫41,400
₫296,400
₫23,800
₫21,000
₫444,000
₫165,900
₫429,000
₫10,000
₫43,000
₫1,583,000
₫34,200
₫70,300
₫62,700
₫46,500
₫399,600
₫17,500
₫251,000
₫41,300
₫48,000
₫241,577
₫220,000
₫129,000
₫2,150,000
₫400,000
₫45,500
₫11,900
₫25,400
₫39,000
₫25,000
₫300,000
₫225,000
₫17,500
₫535,446
₫44,000
₫24,700
₫20,400
₫22,500
₫10,990,000
₫195,000
₫320,100
₫41,400
₫296,400
₫23,800
₫21,000
₫444,000
₫165,900
₫429,000
₫10,000
₫43,000
₫1,583,000
₫34,200
₫70,300
₫62,700
₫46,500
₫399,600
₫17,500
₫251,000
₫41,300
₫48,000
₫241,577
₫220,000
₫129,000
₫2,150,000
₫400,000
₫45,500
₫11,900
₫25,400
₫39,000
₫25,000
₫300,000
₫225,000
₫17,500
₫535,446
₫44,000
₫24,700
₫20,400
₫22,500
₫10,990,000
₫195,000
₫320,100
₫41,400
₫296,400
₫23,800
₫21,000
₫444,000
₫165,900
₫429,000
₫10,000
₫43,000
₫1,583,000
₫34,200
₫70,300
₫62,700
₫46,500
₫399,600
₫17,500
₫251,000
₫41,300
₫48,000
₫241,577
₫220,000
₫129,000
₫2,150,000
₫400,000
₫45,500
₫11,900
₫25,400
₫39,000
₫25,000
₫300,000
₫225,000
₫17,500
₫535,446
₫44,000
₫24,700
₫20,400
₫22,500
₫10,990,000
₫195,000
₫320,100
₫41,400
₫296,400
₫23,800
₫21,000
₫444,000
₫165,900
₫429,000
₫10,000
₫43,000
₫1,583,000
₫34,200
₫70,300
₫62,700
₫46,500
₫399,600
₫17,500
₫251,000
₫41,300
₫48,000
₫241,577
₫220,000
₫129,000
₫2,150,000
₫400,000
₫45,500
₫11,900
₫25,400
₫39,000
₫25,000
₫300,000
₫225,000
₫17,500
₫535,446
₫44,000
₫24,700
₫20,400
₫22,500
₫10,990,000
₫195,000
₫320,100
₫41,400
₫296,400
₫23,800
₫21,000
₫444,000
₫165,900
₫429,000
₫10,000
₫43,000
₫1,583,000
₫34,200
₫70,300
₫62,700
₫46,500
₫399,600
₫17,500
₫251,000
₫41,300
₫48,000
₫241,577
₫220,000
₫129,000
₫2,150,000
₫400,000
₫45,500
₫11,900
₫25,400
₫39,000
₫25,000
₫300,000
₫225,000
₫17,500
₫535,446
₫44,000
₫24,700
₫20,400
₫22,500
₫10,990,000
₫195,000
₫320,100
₫41,400
₫296,400
₫23,800
₫21,000
₫444,000
₫165,900
₫429,000
₫10,000
₫43,000
₫1,583,000
₫34,200
₫70,300
₫62,700
₫46,500
₫399,600
₫17,500
₫251,000
₫41,300
₫48,000
₫241,577
₫220,000
₫129,000
₫2,150,000
₫400,000
₫45,500
₫11,900
₫25,400
₫39,000
₫25,000
₫300,000
₫225,000
₫17,500
₫535,446
₫44,000
₫24,700
₫20,400
₫22,500
₫10,990,000
₫195,000
₫320,100
₫41,400
₫296,400
₫23,800
₫21,000
₫444,000
₫165,900
₫429,000
₫10,000
₫43,000
₫1,583,000
₫34,200
₫70,300
₫62,700
₫46,500
₫399,600
₫17,500
₫251,000
₫41,300
₫48,000
₫241,577
₫220,000
₫129,000
₫2,150,000
₫400,000
₫45,500
₫11,900
₫25,400
₫39,000
₫25,000
₫300,000
₫225,000
₫17,500
₫535,446
₫44,000
₫24,700
₫20,400
₫22,500
₫10,990,000
₫195,000
₫320,100
₫41,400
₫296,400
₫23,800
₫21,000
₫444,000
₫165,900
₫429,000
₫10,000
₫43,000
₫1,583,000
₫34,200
₫70,300
₫62,700
₫46,500
₫399,600
₫17,500
₫251,000
₫41,300
₫48,000
₫241,577
₫220,000
₫129,000
₫2,150,000
₫400,000
₫45,500
₫11,900
₫25,400
₫39,000
₫25,000
₫300,000
₫225,000
₫17,500
₫535,446
₫44,000
₫24,700
₫20,400
₫22,500
₫10,990,000
₫195,000
₫320,100
₫41,400
₫296,400
₫23,800
₫21,000
₫444,000
₫165,900
₫429,000
₫10,000
₫43,000
₫1,583,000
₫34,200
₫70,300
₫62,700
₫46,500
₫399,600
₫17,500
₫251,000
₫41,300
₫48,000
₫241,577
₫220,000
₫129,000
₫2,150,000
₫400,000
₫45,500
₫11,900
₫25,400
₫39,000
₫25,000
₫300,000
₫225,000
₫17,500
₫535,446
₫44,000
₫24,700
₫20,400
₫22,500
₫10,990,000
₫195,000
₫320,100
₫41,400
₫296,400
₫23,800
₫21,000
₫444,000
₫165,900
₫429,000
₫10,000
₫43,000
₫1,583,000
₫34,200
₫70,300
₫62,700
₫46,500
₫399,600
₫17,500
₫251,000
₫41,300
₫48,000
₫241,577
₫220,000
₫129,000
₫2,150,000
₫400,000
₫45,500
₫11,900
₫25,400
₫39,000
₫25,000
₫300,000
₫225,000
₫17,500
₫535,446
₫44,000
₫24,700
₫20,400
₫22,500
₫10,990,000
₫195,000
₫320,100
₫41,400
₫296,400
₫23,800
₫21,000
₫444,000
₫165,900
₫429,000
₫10,000
₫43,000
₫1,583,000
₫34,200
₫70,300
₫62,700
₫46,500
₫399,600
₫17,500
₫251,000
₫41,300
₫48,000
₫241,577
₫220,000
₫129,000
₫2,150,000
₫400,000
₫45,500
₫11,900
₫25,400
₫39,000
₫25,000
₫300,000
₫225,000
₫17,500
₫535,446
₫44,000
₫24,700
₫20,400
₫22,500
₫10,990,000
₫195,000
₫320,100
₫41,400
₫296,400
₫23,800
₫21,000
₫444,000
₫165,900
₫429,000
₫10,000
₫43,000
₫1,583,000
₫34,200
₫70,300
₫62,700
₫46,500
₫399,600
₫17,500
₫251,000
₫41,300
₫48,000
₫241,577
₫220,000
₫129,000
₫2,150,000
₫400,000
₫45,500
₫11,900
₫25,400
₫39,000
₫25,000
₫300,000
₫225,000
₫17,500
₫535,446
₫44,000
₫24,700
₫20,400
₫22,500
₫10,990,000
₫195,000
₫320,100
₫41,400
₫296,400
₫23,800
₫21,000
₫444,000
₫165,900
₫429,000
₫10,000
₫43,000
₫1,583,000
₫34,200
₫70,300
₫62,700
₫46,500
₫399,600
₫17,500
₫251,000
₫41,300
₫48,000
₫241,577
₫220,000
₫129,000
₫2,150,000
₫400,000
₫45,500
₫11,900
₫25,400
₫39,000
₫25,000
₫300,000
₫225,000
₫17,500
₫535,446
₫44,000
₫24,700
₫20,400
₫22,500
₫10,990,000
₫195,000
₫320,100
₫41,400
₫296,400
₫23,800
₫21,000
₫444,000
₫165,900
₫429,000
₫10,000
₫43,000
₫1,583,000
₫34,200
₫70,300
₫62,700
₫46,500
₫399,600
₫17,500
₫251,000
₫41,300
₫48,000
₫241,577
₫220,000
₫129,000
₫2,150,000
₫400,000
₫45,500
₫11,900
₫25,400
₫39,000
₫25,000
₫300,000
₫225,000
₫17,500
₫535,446
₫44,000
₫24,700
₫20,400
₫22,500
₫10,990,000
₫195,000
₫320,100
₫41,400
₫296,400
₫23,800
₫21,000
₫444,000
₫165,900
₫429,000
₫10,000
₫43,000
₫1,583,000
₫34,200
₫70,300
₫62,700
₫46,500
₫399,600
₫17,500
₫251,000
₫41,300
₫48,000
₫241,577
₫220,000
₫129,000
₫2,150,000
₫400,000
₫45,500
₫11,900
₫25,400
₫39,000
₫25,000
₫300,000
₫225,000
₫17,500
₫535,446
₫44,000
₫24,700
₫20,400
₫22,500
₫10,990,000
₫195,000
₫320,100
₫41,400
₫296,400
₫23,800
₫21,000
₫444,000
₫165,900
₫429,000
₫10,000
₫43,000
₫1,583,000
₫34,200
₫70,300
₫62,700
₫46,500
₫399,600
₫17,500
₫251,000
₫41,300
₫48,000
₫241,577
₫220,000
₫129,000
₫2,150,000
₫400,000
₫45,500
₫11,900
₫25,400
₫39,000
₫25,000
₫300,000
₫225,000
₫17,500
₫535,446
₫44,000
₫24,700
₫20,400
₫22,500
₫10,990,000
₫195,000
₫320,100
₫41,400
₫296,400
₫23,800
₫21,000
₫444,000
₫165,900
₫429,000
₫10,000
₫43,000
₫1,583,000
₫34,200
₫70,300
₫62,700
₫46,500
₫399,600
₫17,500
₫251,000
₫41,300
₫48,000
₫241,577
₫220,000
₫129,000
₫2,150,000
₫400,000
₫45,500
₫11,900
₫25,400
₫39,000
₫25,000
₫300,000
₫225,000
₫17,500
₫535,446
₫44,000
₫24,700
₫20,400
₫22,500
₫10,990,000
₫195,000
₫320,100
₫41,400
₫296,400
₫23,800
₫21,000
₫444,000
₫165,900
₫429,000
₫10,000
₫43,000
₫1,583,000
₫34,200
₫70,300
₫62,700
₫46,500
₫399,600
₫17,500
₫251,000
₫41,300
₫48,000
₫241,577
₫220,000
₫129,000
₫2,150,000
₫400,000
₫45,500
₫11,900
₫25,400
₫39,000
₫25,000
₫300,000
₫225,000
₫17,500
₫535,446
₫44,000
₫24,700
₫20,400
₫22,500
₫10,990,000
₫195,000
₫320,100
₫41,400
₫296,400
₫23,800
₫21,000
₫444,000
₫165,900
₫429,000
₫10,000
₫43,000
₫1,583,000
₫34,200
₫70,300
₫62,700
₫46,500
₫399,600
₫17,500
₫251,000
₫41,300
₫48,000
₫241,577
₫220,000
₫129,000
₫2,150,000
₫400,000
₫45,500
₫11,900
₫25,400
₫39,000
₫25,000
₫300,000
₫225,000
₫17,500
₫535,446
₫44,000
₫24,700
₫20,400
₫22,500
₫10,990,000
₫195,000
₫320,100
₫41,400
₫296,400
₫23,800
₫21,000
₫444,000
₫165,900
₫429,000
₫10,000
₫43,000
₫1,583,000
₫34,200
₫70,300
₫62,700
₫46,500
₫399,600
₫17,500
₫251,000
₫41,300
₫48,000
₫241,577
₫220,000
₫129,000
₫2,150,000
₫400,000
₫45,500
₫11,900
₫25,400
₫39,000
₫25,000
₫300,000
₫225,000
₫17,500
₫535,446
₫44,000
₫24,700
₫20,400
₫22,500
₫10,990,000
₫195,000
₫320,100
₫41,400
₫296,400
₫23,800
₫21,000
₫444,000
₫165,900
₫429,000
₫10,000
₫43,000
₫1,583,000
₫34,200
₫70,300
₫62,700
₫46,500
₫399,600
₫17,500
₫251,000
₫41,300
₫48,000
₫241,577
₫220,000
₫129,000
₫2,150,000
₫400,000
₫45,500
₫11,900
₫25,400
₫39,000
₫25,000
₫300,000
₫225,000
₫17,500
₫535,446
₫44,000
₫24,700
₫20,400
₫22,500
₫10,990,000
₫195,000
₫320,100
₫41,400
₫296,400
₫23,800
₫21,000
₫444,000
₫165,900
₫429,000
₫10,000
₫43,000
₫1,583,000
₫34,200
₫70,300
₫62,700
₫46,500
₫399,600
₫17,500
₫251,000
₫41,300
₫48,000
₫241,577
₫220,000
₫129,000
₫2,150,000
₫400,000
₫45,500
₫11,900
₫25,400
₫39,000
₫25,000
₫300,000
₫225,000
₫17,500
₫535,446
₫44,000
₫24,700
₫20,400
₫22,500
₫10,990,000
₫195,000
₫320,100
₫41,400
₫296,400
₫23,800
₫21,000
₫444,000
₫165,900
₫429,000
₫10,000
₫43,000
₫1,583,000
₫34,200
₫70,300
₫62,700
₫46,500
₫399,600
₫17,500
₫251,000
₫41,300
₫48,000
₫241,577
₫220,000
₫129,000
₫2,150,000
₫400,000
₫45,500
₫11,900
₫25,400
₫39,000
₫25,000
₫300,000
₫225,000
₫17,500
₫535,446
₫44,000
₫24,700
₫20,400
₫22,500
₫10,990,000
₫195,000
₫320,100
₫41,400
₫296,400
₫23,800
₫21,000
₫444,000
₫165,900
₫429,000
₫10,000
₫43,000
₫1,583,000
₫34,200
₫70,300
₫62,700
₫46,500
₫399,600
₫17,500
₫251,000
₫41,300
₫48,000
₫241,577
₫220,000
₫129,000
₫2,150,000
₫400,000
₫45,500
₫11,900
₫25,400
₫39,000
₫25,000
₫300,000
₫225,000
₫17,500
₫535,446
₫44,000
₫24,700
₫20,400
₫22,500
₫10,990,000
₫195,000
₫320,100
₫41,400
₫296,400
₫23,800
₫21,000
₫444,000
₫165,900
₫429,000
₫10,000
₫43,000
₫1,583,000
₫34,200
₫70,300
₫62,700
₫46,500
₫399,600
₫17,500
₫251,000
₫41,300
₫48,000
₫241,577
₫220,000
₫129,000
₫2,150,000
₫400,000
₫45,500
₫11,900
₫25,400
₫39,000
₫25,000
₫300,000
₫225,000
₫17,500
₫535,446
₫44,000
₫24,700
₫20,400
₫22,500
₫10,990,000
₫195,000
₫320,100
₫41,400
₫296,400
₫23,800
₫21,000
₫444,000
₫165,900
₫429,000
₫10,000
₫43,000
₫1,583,000
₫34,200
₫70,300
₫62,700
₫46,500
₫399,600
₫17,500
₫251,000
₫41,300
₫48,000
₫241,577
₫220,000
₫129,000
₫2,150,000
₫400,000
₫45,500
₫11,900
₫25,400
₫39,000
₫25,000
₫300,000
₫225,000
₫17,500
₫535,446
₫44,000
₫24,700
₫20,400
₫22,500
₫10,990,000
₫195,000
₫320,100
₫41,400
₫296,400
₫23,800
₫21,000
₫444,000
₫165,900
₫429,000
₫10,000
₫43,000
₫1,583,000
₫34,200
₫70,300
₫62,700
₫46,500
₫399,600
₫17,500
₫251,000
₫41,300
₫48,000
₫241,577
₫220,000
₫129,000
₫2,150,000
₫400,000
₫45,500
₫11,900
₫25,400
₫39,000
₫25,000
₫300,000
₫225,000
₫17,500
₫535,446
₫44,000
₫24,700
₫20,400
₫22,500
₫10,990,000
₫195,000
₫320,100
₫41,400
₫296,400
₫23,800
₫21,000
₫444,000
₫165,900
₫429,000
₫10,000
₫43,000
₫1,583,000
₫34,200
₫70,300
₫62,700
₫46,500
₫399,600
₫17,500
₫251,000
₫41,300
₫48,000
₫241,577
₫220,000
₫129,000
₫2,150,000
₫400,000
₫45,500
₫11,900
₫25,400
₫39,000
₫25,000
₫300,000
₫225,000
₫17,500
₫535,446
₫44,000
₫24,700
₫20,400
₫22,500
₫10,990,000
₫195,000
₫320,100
₫41,400
₫296,400
₫23,800
₫21,000
₫444,000
₫165,900
₫429,000
₫10,000
₫43,000
₫1,583,000
₫34,200
₫70,300
₫62,700
₫46,500
₫399,600
₫17,500
₫251,000
₫41,300
₫48,000
₫241,577
₫220,000
₫129,000
₫2,150,000
₫400,000
₫45,500
₫11,900
₫25,400
₫39,000
₫25,000
₫300,000
₫225,000
₫17,500
₫535,446
₫44,000
₫24,700
₫20,400
₫22,500
₫10,990,000
₫195,000
₫320,100
₫41,400
₫296,400
₫23,800
₫21,000
₫444,000
₫165,900
₫429,000
₫10,000
₫43,000
₫1,583,000
₫34,200
₫70,300
₫62,700
₫46,500
₫399,600
₫17,500
₫251,000
₫41,300
₫48,000
₫241,577
₫220,000
₫129,000
₫2,150,000
₫400,000
₫45,500
₫11,900
₫25,400
₫39,000
₫25,000
₫300,000
₫225,000
₫17,500
₫535,446
₫44,000
₫24,700
₫20,400
₫22,500
₫10,990,000
₫195,000
₫320,100
₫41,400
₫296,400
₫23,800
₫21,000
₫444,000
₫165,900
₫429,000
₫10,000
₫43,000
₫1,583,000
₫34,200
₫70,300
₫62,700
₫46,500
₫399,600
₫17,500
₫251,000
₫41,300
₫48,000
₫241,577
₫220,000
₫129,000
₫2,150,000
₫400,000
₫45,500
₫11,900
₫25,400
₫39,000
₫25,000
₫300,000
₫225,000
₫17,500
₫535,446
₫44,000
₫24,700
₫20,400
₫22,500
₫10,990,000
₫195,000
₫320,100
₫41,400
₫296,400
₫23,800
₫21,000
₫444,000
₫165,900
₫429,000
₫10,000
₫43,000
₫1,583,000
₫34,200
₫70,300
₫62,700
₫46,500
₫399,600
₫17,500
₫251,000
₫41,300
₫48,000
₫241,577
₫220,000
₫129,000
₫2,150,000
₫400,000
₫45,500
₫11,900
₫25,400
₫39,000
₫25,000
₫300,000
₫225,000
₫17,500
₫535,446
₫44,000
₫24,700
₫20,400
₫22,500
₫10,990,000
₫195,000
₫320,100
₫41,400
₫296,400
₫23,800
₫21,000
₫444,000
₫165,900
₫429,000
₫10,000
₫43,000
₫1,583,000
₫34,200
₫70,300
₫62,700
₫46,500
₫399,600
₫17,500
₫251,000
₫41,300
₫48,000
₫241,577
₫220,000
₫129,000
₫2,150,000
₫400,000
₫45,500
₫11,900
₫25,400
₫39,000
₫25,000
₫300,000
₫225,000
₫17,500
₫535,446
₫44,000
₫24,700
₫20,400
₫22,500
₫10,990,000
₫195,000
₫320,100
₫41,400
₫296,400
₫23,800
₫21,000
₫444,000
₫165,900
₫429,000
₫10,000
₫43,000
₫1,583,000
₫34,200
₫70,300
₫62,700
₫46,500
₫399,600
₫17,500
₫251,000
₫41,300
₫48,000
₫241,577
₫220,000
₫129,000
₫2,150,000
₫400,000
₫45,500
₫11,900
₫25,400
₫39,000
₫25,000
₫300,000
₫225,000
₫17,500
₫535,446
₫44,000
₫24,700
₫20,400
₫22,500
₫10,990,000
₫195,000
₫320,100
₫41,400
₫296,400
₫23,800
₫21,000
₫444,000
₫165,900
₫429,000
₫10,000
₫43,000
₫1,583,000
₫34,200
₫70,300
₫62,700
₫46,500
₫399,600
₫17,500
₫251,000
₫41,300
₫48,000
₫241,577
₫220,000
₫129,000
₫2,150,000
₫400,000
₫45,500
₫11,900
₫25,400
₫39,000
₫25,000
₫300,000
₫225,000
₫17,500
₫535,446
₫44,000
₫24,700
₫20,400
₫22,500
₫10,990,000
₫195,000
₫320,100
₫41,400
₫296,400
₫23,800
₫21,000
₫444,000
₫165,900
₫429,000
₫10,000
₫43,000
₫1,583,000
₫34,200
₫70,300
₫62,700
₫46,500
₫399,600
₫17,500
₫251,000
₫41,300
₫48,000
₫241,577
₫220,000
₫129,000
₫2,150,000
₫400,000
₫45,500
₫11,900
₫25,400
₫39,000
₫25,000
₫300,000
₫225,000
₫17,500
₫535,446
₫44,000
₫24,700
₫20,400
₫22,500
₫10,990,000
₫195,000
₫320,100
₫41,400
₫296,400
₫23,800
₫21,000
₫444,000
₫165,900
₫429,000
₫10,000
₫43,000
₫1,583,000
₫34,200
₫70,300
₫62,700
₫46,500
₫399,600
₫17,500
₫251,000
₫41,300
₫48,000
₫241,577
₫220,000
₫129,000
₫2,150,000
₫400,000
₫45,500
₫11,900
₫25,400
₫39,000
₫25,000
₫300,000
₫225,000
₫17,500
₫535,446
₫44,000
₫24,700
₫20,400
₫22,500
₫10,990,000
₫195,000
₫320,100
₫41,400
₫296,400
₫23,800
₫21,000
₫444,000
₫165,900
₫429,000
₫10,000
₫43,000
₫1,583,000
₫34,200
₫70,300
₫62,700
₫46,500
₫399,600
₫17,500
₫251,000
₫41,300
₫48,000
₫241,577
₫220,000
₫129,000
₫2,150,000
₫400,000
₫45,500
₫11,900
₫25,400
₫39,000
₫25,000
₫300,000
₫225,000
₫17,500
₫535,446
₫44,000
₫24,700
₫20,400
₫22,500
₫10,990,000
₫195,000
₫320,100
₫41,400
₫296,400
₫23,800
₫21,000
₫444,000
₫165,900
₫429,000
₫10,000
₫43,000
₫1,583,000
₫34,200
₫70,300
₫62,700
₫46,500
₫399,600
₫17,500
₫251,000
₫41,300
₫48,000
₫241,577
₫220,000
₫129,000
₫2,150,000
₫400,000
₫45,500
₫11,900
₫25,400
₫39,000
₫25,000
₫300,000
₫225,000
₫17,500
₫535,446
₫44,000
₫24,700
₫20,400
₫22,500
₫10,990,000
₫195,000
₫320,100
₫41,400
₫296,400
₫23,800
₫21,000
₫444,000
₫165,900
₫429,000
₫10,000
₫43,000
₫1,583,000
₫34,200
₫70,300
₫62,700
₫46,500
₫399,600
₫17,500
₫251,000
₫41,300
₫48,000
₫241,577
₫220,000
₫129,000
₫2,150,000
₫400,000
₫45,500
₫11,900
₫25,400
₫39,000
₫25,000
₫300,000
₫225,000
₫17,500
₫535,446
₫44,000
₫24,700
₫20,400
₫22,500
₫10,990,000
₫195,000
₫320,100
₫41,400
₫296,400
₫23,800
₫21,000
₫444,000
₫165,900
₫429,000
₫10,000
₫43,000
₫1,583,000
₫34,200
₫70,300
₫62,700
₫46,500
₫399,600
₫17,500
₫251,000
₫41,300
₫48,000
₫241,577
₫220,000
₫129,000
₫2,150,000
₫400,000
₫45,500
₫11,900
₫25,400
₫39,000
₫25,000
₫300,000
₫225,000
₫17,500
₫535,446
₫44,000
₫24,700
₫20,400
₫22,500
₫10,990,000
₫195,000
₫320,100
₫41,400
₫296,400
₫23,800
₫21,000
₫444,000
₫165,900
₫429,000
₫10,000
₫43,000
₫1,583,000
₫34,200
₫70,300
₫62,700
₫46,500
₫399,600
₫17,500
₫251,000
₫41,300
₫48,000
₫241,577
₫220,000
₫129,000
₫2,150,000
₫400,000
₫45,500
₫11,900
₫25,400
₫39,000
₫25,000
₫300,000
₫225,000
₫17,500
₫535,446
₫44,000
₫24,700
₫20,400
₫22,500
₫10,990,000
₫195,000
₫320,100
₫41,400
₫296,400
₫23,800
₫21,000
₫444,000
₫165,900
₫429,000
₫10,000
₫43,000
₫1,583,000
₫34,200
₫70,300
₫62,700
₫46,500
₫399,600
₫17,500
₫251,000
₫41,300
₫48,000
₫241,577
₫220,000
₫129,000
₫2,150,000
₫400,000
₫45,500
₫11,900
₫25,400
₫39,000
₫25,000
₫300,000
₫225,000
₫17,500
₫535,446
₫44,000
₫24,700
₫20,400
₫22,500
₫10,990,000
₫195,000
₫320,100
₫41,400
₫296,400
₫23,800
₫21,000
₫444,000
₫165,900
₫429,000
₫10,000
₫43,000
₫1,583,000
₫34,200
₫70,300
₫62,700
₫46,500
₫399,600
₫17,500
₫251,000
₫41,300
₫48,000
₫241,577
₫220,000
₫129,000
₫2,150,000
₫400,000
₫45,500
₫11,900
₫25,400
₫39,000
₫25,000
₫300,000
₫225,000
₫17,500
₫535,446
₫44,000
₫24,700
₫20,400
₫22,500
₫10,990,000
₫195,000
₫320,100
₫41,400
₫296,400
₫23,800
₫21,000
₫444,000
₫165,900
₫429,000
₫10,000
₫43,000
₫1,583,000
₫34,200
₫70,300
₫62,700
₫46,500
₫399,600
₫17,500
₫251,000
₫41,300
₫48,000
₫241,577
₫220,000
₫129,000
₫2,150,000
₫400,000
₫45,500
₫11,900
₫25,400
₫39,000
₫25,000
₫300,000
₫225,000
₫17,500
₫535,446
₫44,000
₫24,700
₫20,400
₫22,500
₫10,990,000
₫195,000
₫320,100
₫41,400
₫296,400
₫23,800
₫21,000
₫444,000
₫165,900
₫429,000
₫10,000
₫43,000
₫1,583,000
₫34,200
₫70,300
₫62,700
₫46,500
₫399,600
₫17,500
₫251,000
₫41,300
₫48,000
₫241,577
₫220,000
₫129,000
₫2,150,000
₫400,000
₫45,500
₫11,900
₫25,400
₫39,000
₫25,000
₫300,000
₫225,000
₫17,500
₫535,446
₫44,000
₫24,700
₫20,400
₫22,500
₫10,990,000
₫195,000
₫320,100
₫41,400
₫296,400
₫23,800
₫21,000
₫444,000
₫165,900
₫429,000
₫10,000
₫43,000
₫1,583,000
₫34,200
₫70,300
₫62,700
₫46,500
₫399,600
₫17,500
₫251,000
₫41,300
₫48,000
₫241,577
₫220,000
₫129,000
₫2,150,000
₫400,000
₫45,500
₫11,900
₫25,400
₫39,000
₫25,000
₫300,000
₫225,000
₫17,500
₫535,446
₫44,000
₫24,700
₫20,400
₫22,500
₫10,990,000
₫195,000
₫320,100
₫41,400
₫296,400
₫23,800
₫21,000
₫444,000
₫165,900
₫429,000
₫10,000
₫43,000
₫1,583,000
₫34,200
₫70,300
₫62,700
₫46,500
₫399,600
₫17,500
₫251,000
₫41,300
₫48,000
₫241,577
₫220,000
₫129,000
₫2,150,000
₫400,000
₫45,500
₫11,900
₫25,400
₫39,000
₫25,000
₫300,000
₫225,000
₫17,500
₫535,446
₫44,000
₫24,700
₫20,400
₫22,500
₫10,990,000
₫195,000
₫320,100
₫41,400
₫296,400
₫23,800
₫21,000
₫444,000
₫165,900
₫429,000
₫10,000
₫43,000
₫1,583,000
₫34,200
₫70,300
₫62,700
₫46,500
₫399,600
₫17,500
₫251,000
₫41,300
₫48,000
₫241,577
₫220,000
₫129,000
₫2,150,000
₫400,000
₫45,500
₫11,900
₫25,400
₫39,000
₫25,000
₫300,000
₫225,000
₫17,500
₫535,446
₫44,000
₫24,700
₫20,400
₫22,500
₫10,990,000
₫195,000
₫320,100
₫41,400
₫296,400
₫23,800
₫21,000
₫444,000
₫165,900
₫429,000
₫10,000
₫43,000
₫1,583,000
₫34,200
₫70,300
₫62,700
₫46,500
₫399,600
₫17,500
₫251,000
₫41,300
₫48,000
₫241,577
₫220,000
₫129,000
₫2,150,000
₫400,000
₫45,500
₫11,900
₫25,400
₫39,000
₫25,000
₫300,000
₫225,000
₫17,500
₫535,446
₫44,000
₫24,700
₫20,400
₫22,500
₫10,990,000
₫195,000
₫320,100
₫41,400
₫296,400
₫23,800
₫21,000
₫444,000
₫165,900
₫429,000
₫10,000
₫43,000
₫1,583,000
₫34,200
₫70,300
₫62,700
₫46,500
₫399,600
₫17,500
₫251,000
₫41,300
₫48,000
₫241,577
₫220,000
₫129,000
₫2,150,000
₫400,000
₫45,500
₫11,900
₫25,400
₫39,000
₫25,000
₫300,000
₫225,000
₫17,500
₫535,446
₫44,000
₫24,700
₫20,400
₫22,500
₫10,990,000
₫195,000
₫320,100
₫41,400
₫296,400
₫23,800
₫21,000
₫444,000
₫165,900
₫429,000
₫10,000
₫43,000
₫1,583,000
₫34,200
₫70,300
₫62,700
₫46,500
₫399,600
₫17,500
₫251,000
₫41,300
₫48,000
₫241,577
₫220,000
₫129,000
₫2,150,000
₫400,000
₫45,500
₫11,900
₫25,400
₫39,000
₫25,000
₫300,000
₫225,000
₫17,500
₫535,446
₫44,000
₫24,700
₫20,400
₫22,500
₫10,990,000
₫195,000
₫320,100
₫41,400
₫296,400
₫23,800
₫21,000
₫444,000
₫165,900
₫429,000
₫10,000
₫43,000
₫1,583,000
₫34,200
₫70,300
₫62,700
₫46,500
₫399,600
₫17,500
₫251,000
₫41,300
₫48,000
₫241,577
₫220,000
₫129,000
₫2,150,000
₫400,000
₫45,500
₫11,900
₫25,400
₫39,000
₫25,000
₫300,000
₫225,000
₫17,500
₫535,446
₫44,000
₫24,700
₫20,400
₫22,500
₫10,990,000
₫195,000
₫320,100
₫41,400
₫296,400
₫23,800
₫21,000
₫444,000
₫165,900
₫429,000
₫10,000
₫43,000
₫1,583,000
₫34,200
₫70,300
₫62,700
₫46,500
₫399,600
₫17,500
₫251,000
₫41,300
₫48,000
₫241,577
₫220,000
₫129,000
₫2,150,000
₫400,000
₫45,500
₫11,900
₫25,400
₫39,000
₫25,000
₫300,000
₫225,000
₫17,500
₫535,446
₫44,000
₫24,700
₫20,400
₫22,500
₫10,990,000
₫195,000
₫320,100
₫41,400
₫296,400
₫23,800
₫21,000
₫444,000
₫165,900
₫429,000
₫10,000
₫43,000
₫1,583,000
₫34,200
₫70,300
₫62,700
₫46,500
₫399,600
₫17,500
₫251,000
₫41,300
₫48,000
₫241,577
₫220,000
₫129,000
₫2,150,000
₫400,000
₫45,500
₫11,900
₫25,400
₫39,000
₫25,000
₫300,000
₫225,000
₫17,500
₫535,446
₫44,000
₫24,700
₫20,400
₫22,500
₫10,990,000
₫195,000
₫320,100
₫41,400
₫296,400
₫23,800
₫21,000
₫444,000
₫165,900
₫429,000
₫10,000
₫43,000
₫1,583,000
₫34,200
₫70,300
₫62,700
₫46,500
₫399,600
₫17,500
₫251,000
₫41,300
₫48,000
₫241,577
₫220,000
₫129,000
₫2,150,000
₫400,000
₫45,500
₫11,900
₫25,400
₫39,000
₫25,000
₫300,000
₫225,000
₫17,500
₫535,446
₫44,000
₫24,700
₫20,400
₫22,500
₫10,990,000
₫195,000
₫320,100
₫41,400
₫296,400
₫23,800
₫21,000
₫444,000
₫165,900
₫429,000
₫10,000
₫43,000
₫1,583,000
₫34,200
₫70,300
₫62,700
₫46,500
₫399,600
₫17,500
₫251,000
₫41,300
₫48,000
₫241,577
₫220,000
₫129,000
₫2,150,000
₫400,000
₫45,500
₫11,900
₫25,400
₫39,000
₫25,000
₫300,000
₫225,000
₫17,500
₫535,446
₫44,000
₫24,700
₫20,400
₫22,500
₫10,990,000
₫195,000
₫320,100
₫41,400
₫296,400
₫23,800
₫21,000
₫444,000
₫165,900
₫429,000
₫10,000
₫43,000
₫1,583,000
₫34,200
₫70,300
₫62,700
₫46,500
₫399,600
₫17,500
₫251,000
₫41,300
₫48,000
₫241,577
₫220,000
₫129,000
₫2,150,000
₫400,000
₫45,500
₫11,900
₫25,400
₫39,000
₫25,000
₫300,000
₫225,000
₫17,500
₫535,446
₫44,000
₫24,700
₫20,400
₫22,500
₫10,990,000
₫195,000
₫320,100
₫41,400
₫296,400
₫23,800
₫21,000
₫444,000
₫165,900
₫429,000
₫10,000
₫43,000
₫1,583,000
₫34,200
₫70,300
₫62,700
₫46,500
₫399,600
₫17,500
₫251,000
₫41,300
₫48,000
₫241,577
₫220,000
₫129,000
₫2,150,000
₫400,000
₫45,500
₫11,900
₫25,400
₫39,000
₫25,000
₫300,000
₫225,000
₫17,500
₫535,446
₫44,000
₫24,700
₫20,400
₫22,500
₫10,990,000
₫195,000
₫320,100
₫41,400
₫296,400
₫23,800
₫21,000
₫444,000
₫165,900
₫429,000
₫10,000
₫43,000
₫1,583,000
₫34,200
₫70,300
₫62,700
₫46,500
₫399,600
₫17,500
₫251,000
₫41,300
₫48,000
₫241,577
₫220,000
₫129,000
₫2,150,000
₫400,000
₫45,500
₫11,900
₫25,400
₫39,000
₫25,000
₫300,000
₫225,000
₫17,500
₫535,446
₫44,000
₫24,700
₫20,400
₫22,500
₫10,990,000
₫195,000
₫320,100
₫41,400
₫296,400
₫23,800
₫21,000
₫444,000
₫165,900
₫429,000
₫10,000
₫43,000
₫1,583,000
₫34,200
₫70,300
₫62,700
₫46,500
₫399,600
₫17,500
₫251,000
₫41,300
₫48,000
₫241,577
₫220,000
₫129,000
₫2,150,000
₫400,000
₫45,500
₫11,900
₫25,400
₫39,000
₫25,000
₫300,000
₫225,000
₫17,500
₫535,446
₫44,000
₫24,700
₫20,400
₫22,500
₫10,990,000
₫195,000
₫320,100
₫41,400
₫296,400
₫23,800
₫21,000
₫444,000
₫165,900
₫429,000
₫10,000
₫43,000
₫1,583,000
₫34,200
₫70,300
₫62,700
₫46,500
₫399,600
₫17,500
₫251,000
₫41,300
₫48,000
₫241,577
₫220,000
₫129,000
₫2,150,000
₫400,000
₫45,500
₫11,900
₫25,400
₫39,000
₫25,000
₫300,000
₫225,000
₫17,500
₫535,446
₫44,000
₫24,700
₫20,400
₫22,500
₫10,990,000
₫195,000
₫320,100
₫41,400
₫296,400
₫23,800
₫21,000
₫444,000
₫165,900
₫429,000
₫10,000
₫43,000
₫1,583,000
₫34,200
₫70,300
₫62,700
₫46,500
₫399,600
₫17,500
₫251,000
₫41,300
₫48,000
₫241,577
₫220,000
₫129,000
₫2,150,000
₫400,000
₫45,500
₫11,900
₫25,400
₫39,000
₫25,000
₫300,000
₫225,000
₫17,500
₫535,446
₫44,000
₫24,700
₫20,400
₫22,500
₫10,990,000
₫195,000
₫320,100
₫41,400
₫296,400
₫23,800
₫21,000
₫444,000
₫165,900
₫429,000
₫10,000
₫43,000
₫1,583,000
₫34,200
₫70,300
₫62,700
₫46,500
₫399,600
₫17,500
₫251,000
₫41,300
₫48,000
₫241,577
₫220,000
₫129,000
₫2,150,000
₫400,000
₫45,500
₫11,900
₫25,400
₫39,000
₫25,000
₫300,000
₫225,000
₫17,500
₫535,446
₫44,000
₫24,700
₫20,400
₫22,500
₫10,990,000
₫195,000
₫320,100
₫41,400
₫296,400
₫23,800
₫21,000
₫444,000
₫165,900
₫429,000
₫10,000
₫43,000
₫1,583,000
₫34,200
₫70,300
₫62,700
₫46,500
₫399,600
₫17,500
₫251,000
₫41,300
₫48,000
₫241,577
₫220,000
₫129,000
₫2,150,000
₫400,000
₫45,500
₫11,900
₫25,400
₫39,000
₫25,000
₫300,000
₫225,000
₫17,500
₫535,446
₫44,000
₫24,700
₫20,400
₫22,500
₫10,990,000
₫195,000
₫320,100
₫41,400
₫296,400
₫23,800
₫21,000
₫444,000
₫165,900
₫429,000
₫10,000
₫43,000
₫1,583,000
₫34,200
₫70,300
₫62,700
₫46,500
₫399,600
₫17,500
₫251,000
₫41,300
₫48,000
₫241,577
₫220,000
₫129,000
₫2,150,000
₫400,000
₫45,500
₫11,900
₫25,400
₫39,000
₫25,000
₫300,000
₫225,000
₫17,500
₫535,446
₫44,000
₫24,700
₫20,400
₫22,500
₫10,990,000
₫195,000
₫320,100
₫41,400
₫296,400
₫23,800
₫21,000
₫444,000
₫165,900
₫429,000
₫10,000
₫43,000
₫1,583,000
₫34,200
₫70,300
₫62,700
₫46,500
₫399,600
₫17,500
₫251,000
₫41,300
₫48,000
₫241,577
₫220,000
₫129,000
₫2,150,000
₫400,000
₫45,500
₫11,900
₫25,400
₫39,000
₫25,000
₫300,000
₫225,000
₫17,500
₫535,446
₫44,000
₫24,700
₫20,400
₫22,500
₫10,990,000
₫195,000
₫320,100
₫41,400
₫296,400
₫23,800
₫21,000
₫444,000
₫165,900
₫429,000
₫10,000
₫43,000
₫1,583,000
₫34,200
₫70,300
₫62,700
₫46,500
₫399,600
₫17,500
₫251,000
₫41,300
₫48,000
₫241,577
₫220,000
₫129,000
₫2,150,000
₫400,000
₫45,500
₫11,900
₫25,400
₫39,000
₫25,000
₫300,000
₫225,000
₫17,500
₫535,446
₫44,000
₫24,700
₫20,400
₫22,500
₫10,990,000
₫195,000
₫320,100
₫41,400
₫296,400
₫23,800
₫21,000
₫444,000
₫165,900
₫429,000
₫10,000
₫43,000
₫1,583,000
₫34,200
₫70,300
₫62,700
₫46,500
₫399,600
₫17,500
₫251,000
₫41,300
₫48,000
₫241,577
₫220,000
₫129,000
₫2,150,000
₫400,000
₫45,500
₫11,900
₫25,400
₫39,000
₫25,000
₫300,000
₫225,000
₫17,500
₫535,446
₫44,000
₫24,700
₫20,400
₫22,500
₫10,990,000
₫195,000
₫320,100
₫41,400
₫296,400
₫23,800
₫21,000
₫444,000
₫165,900
₫429,000
₫10,000
₫43,000
₫1,583,000
₫34,200
₫70,300
₫62,700
₫46,500
₫399,600
₫17,500
₫251,000
₫41,300
₫48,000
₫241,577
₫220,000
₫129,000
₫2,150,000
₫400,000
₫45,500
₫11,900
₫25,400
₫39,000
₫25,000
₫300,000
₫225,000
₫17,500
₫535,446
₫44,000
₫24,700
₫20,400
₫22,500
₫10,990,000
₫195,000
₫320,100
₫41,400
₫296,400
₫23,800
₫21,000
₫444,000
₫165,900
₫429,000
₫10,000
₫43,000
₫1,583,000
₫34,200
₫70,300
₫62,700
₫46,500
₫399,600
₫17,500
₫251,000
₫41,300
₫48,000
₫241,577
₫220,000
₫129,000
₫2,150,000
₫400,000
₫45,500
₫11,900
₫25,400
₫39,000
₫25,000
₫300,000
₫225,000
₫17,500
₫535,446
₫44,000
₫24,700
₫20,400
₫22,500
₫10,990,000
₫195,000
₫320,100
₫41,400
₫296,400
₫23,800
₫21,000
₫444,000
₫165,900
₫429,000
₫10,000
₫43,000
₫1,583,000
₫34,200
₫70,300
₫62,700
₫46,500
₫399,600
₫17,500
₫251,000
₫41,300
₫48,000
₫241,577
₫220,000
₫129,000
₫2,150,000
₫400,000
₫45,500
₫11,900
₫25,400
₫39,000
₫25,000
₫300,000
₫225,000
₫17,500
₫535,446
₫44,000
₫24,700
₫20,400
₫22,500
₫10,990,000
₫195,000
₫320,100
₫41,400
₫296,400
₫23,800
₫21,000
₫444,000
₫165,900
₫429,000
₫10,000
₫43,000
₫1,583,000
₫34,200
₫70,300
₫62,700
₫46,500
₫399,600
₫17,500
₫251,000
₫41,300
₫48,000
₫241,577
₫220,000
₫129,000
₫2,150,000
₫400,000
₫45,500
₫11,900
₫25,400
₫39,000
₫25,000
₫300,000
₫225,000
₫17,500
₫535,446
₫44,000
₫24,700
₫20,400
₫22,500
₫10,990,000
₫195,000
₫320,100
₫41,400
₫296,400
₫23,800
₫21,000
₫444,000
₫165,900
₫429,000
₫10,000
₫43,000
₫1,583,000
₫34,200
₫70,300
₫62,700
₫46,500
₫399,600
₫17,500
₫251,000
₫41,300
₫48,000
₫241,577
₫220,000
₫129,000
₫2,150,000
₫400,000
₫45,500
₫11,900
₫25,400
₫39,000
₫25,000
₫300,000
₫225,000
₫17,500
₫535,446
₫44,000
₫24,700
₫20,400
₫22,500
₫10,990,000
₫195,000
₫320,100
₫41,400
₫296,400
₫23,800
₫21,000
₫444,000
₫165,900
₫429,000
₫10,000
₫43,000
₫1,583,000
₫34,200
₫70,300
₫62,700
₫46,500
₫399,600
₫17,500
₫251,000
₫41,300
₫48,000
₫241,577
₫220,000
₫129,000
₫2,150,000
₫400,000
₫45,500
₫11,900
₫25,400
₫39,000
₫25,000
₫300,000
₫225,000
₫17,500
₫535,446
₫44,000
₫24,700
₫20,400
₫22,500
₫10,990,000
₫195,000
₫320,100
₫41,400
₫296,400
₫23,800
₫21,000
₫444,000
₫165,900
₫429,000
₫10,000
₫43,000
₫1,583,000
₫34,200
₫70,300
₫62,700
₫46,500
₫399,600
₫17,500
₫251,000
₫41,300
₫48,000
₫241,577
₫220,000
₫129,000
₫2,150,000
₫400,000
₫45,500
₫11,900
₫25,400
₫39,000
₫25,000
₫300,000
₫225,000
₫17,500
₫535,446
₫44,000
₫24,700
₫20,400
₫22,500
₫10,990,000
₫195,000
₫320,100
₫41,400
₫296,400
₫23,800
₫21,000
₫444,000
₫165,900
₫429,000
₫10,000
₫43,000
₫1,583,000
₫34,200
₫70,300
₫62,700
₫46,500
₫399,600
₫17,500
₫251,000
₫41,300
₫48,000
₫241,577
₫220,000
₫129,000
₫2,150,000
₫400,000
₫45,500
₫11,900
₫25,400
₫39,000
₫25,000
₫300,000
₫225,000
₫17,500
₫535,446
₫44,000
₫24,700
₫20,400
₫22,500
₫10,990,000
₫195,000
₫320,100
₫41,400
₫296,400
₫23,800
₫21,000
₫444,000
₫165,900
₫429,000
₫10,000
₫43,000
₫1,583,000
₫34,200
₫70,300
₫62,700
₫46,500
₫399,600
₫17,500
₫251,000
₫41,300
₫48,000
₫241,577
₫220,000
₫129,000
₫2,150,000
₫400,000
₫45,500
₫11,900
₫25,400
₫39,000
₫25,000
₫300,000
₫225,000
₫17,500
₫535,446
₫44,000
₫24,700
₫20,400
₫22,500
₫10,990,000
₫195,000
₫320,100
₫41,400
₫296,400
₫23,800
₫21,000
₫444,000
₫165,900
₫429,000
₫10,000
₫43,000
₫1,583,000
₫34,200
₫70,300
₫62,700
₫46,500
₫399,600
₫17,500
₫251,000
₫41,300
₫48,000
₫241,577
₫220,000
₫129,000
₫2,150,000
₫400,000
₫45,500
₫11,900
₫25,400
₫39,000
₫25,000
₫300,000
₫225,000
₫17,500
₫535,446
₫44,000
₫24,700
₫20,400
₫22,500
₫10,990,000
₫195,000
₫320,100
₫41,400
₫296,400
₫23,800
₫21,000
₫444,000
₫165,900
₫429,000
₫10,000
₫43,000
₫1,583,000
₫34,200
₫70,300
₫62,700
₫46,500
₫399,600
₫17,500
₫251,000
₫41,300
₫48,000
₫241,577
₫220,000
₫129,000
₫2,150,000
₫400,000
₫45,500
₫11,900
