₫158,000
₫345,468
₫501,500
₫205,000
₫151,321
₫510,300
₫326,600
₫375,063
₫1,699,000
₫899,000
₫132,999
₫179,790
₫510,600
₫200,000
₫8,090,000
₫460,400
₫149,000
₫2,050,000
₫2,150,000
₫250,000
₫273,311
₫221,100
₫541,551
₫214,000
₫543,100
₫227,332
₫2,850,000
₫224,715
₫64,000
₫309,214
₫277,000
₫115,000
₫406,000
₫239,000
₫440,000
₫541,551
₫489,600
₫413,162
₫450,000
₫522,496
₫158,000
₫345,468
₫501,500
₫205,000
₫151,321
₫510,300
₫326,600
₫375,063
₫1,699,000
₫899,000
₫132,999
₫179,790
₫510,600
₫200,000
₫8,090,000
₫460,400
₫149,000
₫2,050,000
₫2,150,000
₫250,000
₫273,311
₫221,100
₫541,551
₫214,000
₫543,100
₫227,332
₫2,850,000
₫224,715
₫64,000
₫309,214
₫277,000
₫115,000
₫406,000
₫239,000
₫440,000
₫541,551
₫489,600
₫413,162
₫450,000
₫522,496
₫158,000
₫345,468
₫501,500
₫205,000
₫151,321
₫510,300
₫326,600
₫375,063
₫1,699,000
₫899,000
₫132,999
₫179,790
₫510,600
₫200,000
₫8,090,000
₫460,400
₫149,000
₫2,050,000
₫2,150,000
₫250,000
₫273,311
₫221,100
₫541,551
₫214,000
₫543,100
₫227,332
₫2,850,000
₫224,715
₫64,000
₫309,214
₫277,000
₫115,000
₫406,000
₫239,000
₫440,000
₫541,551
₫489,600
₫413,162
₫450,000
₫522,496
₫158,000
₫345,468
₫501,500
₫205,000
₫151,321
₫510,300
₫326,600
₫375,063
₫1,699,000
₫899,000
₫132,999
₫179,790
₫510,600
₫200,000
₫8,090,000
₫460,400
₫149,000
₫2,050,000
₫2,150,000
₫250,000
₫273,311
₫221,100
₫541,551
₫214,000
₫543,100
₫227,332
₫2,850,000
₫224,715
₫64,000
₫309,214
₫277,000
₫115,000
₫406,000
₫239,000
₫440,000
₫541,551
₫489,600
₫413,162
₫450,000
₫522,496
₫158,000
₫345,468
₫501,500
₫205,000
₫151,321
₫510,300
₫326,600
₫375,063
₫1,699,000
₫899,000
₫132,999
₫179,790
₫510,600
₫200,000
₫8,090,000
₫460,400
₫149,000
₫2,050,000
₫2,150,000
₫250,000
₫273,311
₫221,100
₫541,551
₫214,000
₫543,100
₫227,332
₫2,850,000
₫224,715
₫64,000
₫309,214
₫277,000
₫115,000
₫406,000
₫239,000
₫440,000
₫541,551
₫489,600
₫413,162
₫450,000
₫522,496
₫158,000
₫345,468
₫501,500
₫205,000
₫151,321
₫510,300
₫326,600
₫375,063
₫1,699,000
₫899,000
₫132,999
₫179,790
₫510,600
₫200,000
₫8,090,000
₫460,400
₫149,000
₫2,050,000
₫2,150,000
₫250,000
₫273,311
₫221,100
₫541,551
₫214,000
₫543,100
₫227,332
₫2,850,000
₫224,715
₫64,000
₫309,214
₫277,000
₫115,000
₫406,000
₫239,000
₫440,000
₫541,551
₫489,600
₫413,162
₫450,000
₫522,496
₫158,000
₫345,468
₫501,500
₫205,000
₫151,321
₫510,300
₫326,600
₫375,063
₫1,699,000
₫899,000
₫132,999
₫179,790
₫510,600
₫200,000
₫8,090,000
₫460,400
₫149,000
₫2,050,000
₫2,150,000
₫250,000
₫273,311
₫221,100
₫541,551
₫214,000
₫543,100
₫227,332
₫2,850,000
₫224,715
₫64,000
₫309,214
₫277,000
₫115,000
₫406,000
₫239,000
₫440,000
₫541,551
₫489,600
₫413,162
₫450,000
₫522,496
₫158,000
₫345,468
₫501,500
₫205,000
₫151,321
₫510,300
₫326,600
₫375,063
₫1,699,000
₫899,000
₫132,999
₫179,790
₫510,600
₫200,000
₫8,090,000
₫460,400
₫149,000
₫2,050,000
₫2,150,000
₫250,000
₫273,311
₫221,100
₫541,551
₫214,000
₫543,100
₫227,332
₫2,850,000
₫224,715
₫64,000
₫309,214
₫277,000
₫115,000
₫406,000
₫239,000
₫440,000
₫541,551
₫489,600
₫413,162
₫450,000
₫522,496
₫158,000
₫345,468
₫501,500
₫205,000
₫151,321
₫510,300
₫326,600
₫375,063
₫1,699,000
₫899,000
₫132,999
₫179,790
₫510,600
₫200,000
₫8,090,000
₫460,400
₫149,000
₫2,050,000
₫2,150,000
₫250,000
₫273,311
₫221,100
₫541,551
₫214,000
₫543,100
₫227,332
₫2,850,000
₫224,715
₫64,000
₫309,214
₫277,000
₫115,000
₫406,000
₫239,000
₫440,000
₫541,551
₫489,600
₫413,162
₫450,000
₫522,496
₫158,000
₫345,468
₫501,500
₫205,000
₫151,321
₫510,300
₫326,600
₫375,063
₫1,699,000
₫899,000
₫132,999
₫179,790
₫510,600
₫200,000
₫8,090,000
₫460,400
₫149,000
₫2,050,000
₫2,150,000
₫250,000
₫273,311
₫221,100
₫541,551
₫214,000
₫543,100
₫227,332
₫2,850,000
₫224,715
₫64,000
₫309,214
₫277,000
₫115,000
₫406,000
₫239,000
₫440,000
₫541,551
₫489,600
₫413,162
₫450,000
₫522,496
₫158,000
₫345,468
₫501,500
₫205,000
₫151,321
₫510,300
₫326,600
₫375,063
₫1,699,000
₫899,000
₫132,999
₫179,790
₫510,600
₫200,000
₫8,090,000
₫460,400
₫149,000
₫2,050,000
₫2,150,000
₫250,000
₫273,311
₫221,100
₫541,551
₫214,000
₫543,100
₫227,332
₫2,850,000
₫224,715
₫64,000
₫309,214
₫277,000
₫115,000
₫406,000
₫239,000
₫440,000
₫541,551
₫489,600
₫413,162
₫450,000
₫522,496
₫158,000
₫345,468
₫501,500
₫205,000
₫151,321
₫510,300
₫326,600
₫375,063
₫1,699,000
₫899,000
₫132,999
₫179,790
₫510,600
₫200,000
₫8,090,000
₫460,400
₫149,000
₫2,050,000
₫2,150,000
₫250,000
₫273,311
₫221,100
₫541,551
₫214,000
₫543,100
₫227,332
₫2,850,000
₫224,715
₫64,000
₫309,214
₫277,000
₫115,000
₫406,000
₫239,000
₫440,000
₫541,551
₫489,600
₫413,162
₫450,000
₫522,496
₫158,000
₫345,468
₫501,500
₫205,000
₫151,321
₫510,300
₫326,600
₫375,063
₫1,699,000
₫899,000
₫132,999
₫179,790
₫510,600
₫200,000
₫8,090,000
₫460,400
₫149,000
₫2,050,000
₫2,150,000
₫250,000
₫273,311
₫221,100
₫541,551
₫214,000
₫543,100
₫227,332
₫2,850,000
₫224,715
₫64,000
₫309,214
₫277,000
₫115,000
₫406,000
₫239,000
₫440,000
₫541,551
₫489,600
₫413,162
₫450,000
₫522,496
₫158,000
₫345,468
₫501,500
₫205,000
₫151,321
₫510,300
₫326,600
₫375,063
₫1,699,000
₫899,000
₫132,999
₫179,790
₫510,600
₫200,000
₫8,090,000
₫460,400
₫149,000
₫2,050,000
₫2,150,000
₫250,000
₫273,311
₫221,100
₫541,551
₫214,000
₫543,100
₫227,332
₫2,850,000
₫224,715
₫64,000
₫309,214
₫277,000
₫115,000
₫406,000
₫239,000
₫440,000
₫541,551
₫489,600
₫413,162
₫450,000
₫522,496
₫158,000
₫345,468
₫501,500
₫205,000
₫151,321
₫510,300
₫326,600
₫375,063
₫1,699,000
₫899,000
₫132,999
₫179,790
₫510,600
₫200,000
₫8,090,000
₫460,400
₫149,000
₫2,050,000
₫2,150,000
₫250,000
₫273,311
₫221,100
₫541,551
₫214,000
₫543,100
₫227,332
₫2,850,000
₫224,715
₫64,000
₫309,214
₫277,000
₫115,000
₫406,000
₫239,000
₫440,000
₫541,551
₫489,600
₫413,162
₫450,000
₫522,496
₫158,000
₫345,468
₫501,500
₫205,000
₫151,321
₫510,300
₫326,600
₫375,063
₫1,699,000
₫899,000
₫132,999
₫179,790
₫510,600
₫200,000
₫8,090,000
₫460,400
₫149,000
₫2,050,000
₫2,150,000
₫250,000
₫273,311
₫221,100
₫541,551
₫214,000
₫543,100
₫227,332
₫2,850,000
₫224,715
₫64,000
₫309,214
₫277,000
₫115,000
₫406,000
₫239,000
₫440,000
₫541,551
₫489,600
₫413,162
₫450,000
₫522,496
₫158,000
₫345,468
₫501,500
₫205,000
₫151,321
₫510,300
₫326,600
₫375,063
₫1,699,000
₫899,000
₫132,999
₫179,790
₫510,600
₫200,000
₫8,090,000
₫460,400
₫149,000
₫2,050,000
₫2,150,000
₫250,000
₫273,311
₫221,100
₫541,551
₫214,000
₫543,100
₫227,332
₫2,850,000
₫224,715
₫64,000
₫309,214
₫277,000
₫115,000
₫406,000
₫239,000
₫440,000
₫541,551
₫489,600
₫413,162
₫450,000
₫522,496
₫158,000
₫345,468
₫501,500
₫205,000
₫151,321
₫510,300
₫326,600
₫375,063
₫1,699,000
₫899,000
₫132,999
₫179,790
₫510,600
₫200,000
₫8,090,000
₫460,400
₫149,000
₫2,050,000
₫2,150,000
₫250,000
₫273,311
₫221,100
₫541,551
₫214,000
₫543,100
₫227,332
₫2,850,000
₫224,715
₫64,000
₫309,214
₫277,000
₫115,000
₫406,000
₫239,000
₫440,000
₫541,551
₫489,600
₫413,162
₫450,000
₫522,496
₫158,000
₫345,468
₫501,500
₫205,000
₫151,321
₫510,300
₫326,600
₫375,063
₫1,699,000
₫899,000
₫132,999
₫179,790
₫510,600
₫200,000
₫8,090,000
₫460,400
₫149,000
₫2,050,000
₫2,150,000
₫250,000
₫273,311
₫221,100
₫541,551
₫214,000
₫543,100
₫227,332
₫2,850,000
₫224,715
₫64,000
₫309,214
₫277,000
₫115,000
₫406,000
₫239,000
₫440,000
₫541,551
₫489,600
₫413,162
₫450,000
₫522,496
₫158,000
₫345,468
₫501,500
₫205,000
₫151,321
₫510,300
₫326,600
₫375,063
₫1,699,000
₫899,000
₫132,999
₫179,790
₫510,600
₫200,000
₫8,090,000
₫460,400
₫149,000
₫2,050,000
₫2,150,000
₫250,000
₫273,311
₫221,100
₫541,551
₫214,000
₫543,100
₫227,332
₫2,850,000
₫224,715
₫64,000
₫309,214
₫277,000
₫115,000
₫406,000
₫239,000
₫440,000
₫541,551
₫489,600
₫413,162
₫450,000
₫522,496
₫158,000
₫345,468
₫501,500
₫205,000
₫151,321
₫510,300
₫326,600
₫375,063
₫1,699,000
₫899,000
₫132,999
₫179,790
₫510,600
₫200,000
₫8,090,000
₫460,400
₫149,000
₫2,050,000
₫2,150,000
₫250,000
₫273,311
₫221,100
₫541,551
₫214,000
₫543,100
₫227,332
₫2,850,000
₫224,715
₫64,000
₫309,214
₫277,000
₫115,000
₫406,000
₫239,000
₫440,000
₫541,551
₫489,600
₫413,162
₫450,000
₫522,496
₫158,000
₫345,468
₫501,500
₫205,000
₫151,321
₫510,300
₫326,600
₫375,063
₫1,699,000
₫899,000
₫132,999
₫179,790
₫510,600
₫200,000
₫8,090,000
₫460,400
₫149,000
₫2,050,000
₫2,150,000
₫250,000
₫273,311
₫221,100
₫541,551
₫214,000
₫543,100
₫227,332
₫2,850,000
₫224,715
₫64,000
₫309,214
₫277,000
₫115,000
₫406,000
₫239,000
₫440,000
₫541,551
₫489,600
₫413,162
₫450,000
₫522,496
₫158,000
₫345,468
₫501,500
₫205,000
₫151,321
₫510,300
₫326,600
₫375,063
₫1,699,000
₫899,000
₫132,999
₫179,790
₫510,600
₫200,000
₫8,090,000
₫460,400
₫149,000
₫2,050,000
₫2,150,000
₫250,000
₫273,311
₫221,100
₫541,551
₫214,000
₫543,100
₫227,332
₫2,850,000
₫224,715
₫64,000
₫309,214
₫277,000
₫115,000
₫406,000
₫239,000
₫440,000
₫541,551
₫489,600
₫413,162
₫450,000
₫522,496
₫158,000
₫345,468
₫501,500
₫205,000
₫151,321
₫510,300
₫326,600
₫375,063
₫1,699,000
₫899,000
₫132,999
₫179,790
₫510,600
₫200,000
₫8,090,000
₫460,400
₫149,000
₫2,050,000
₫2,150,000
₫250,000
₫273,311
₫221,100
₫541,551
₫214,000
₫543,100
₫227,332
₫2,850,000
₫224,715
₫64,000
₫309,214
₫277,000
₫115,000
₫406,000
₫239,000
₫440,000
₫541,551
₫489,600
₫413,162
₫450,000
₫522,496
₫158,000
₫345,468
₫501,500
₫205,000
₫151,321
₫510,300
₫326,600
₫375,063
₫1,699,000
₫899,000
₫132,999
₫179,790
₫510,600
₫200,000
₫8,090,000
₫460,400
₫149,000
₫2,050,000
₫2,150,000
₫250,000
₫273,311
₫221,100
₫541,551
₫214,000
₫543,100
₫227,332
₫2,850,000
₫224,715
₫64,000
₫309,214
₫277,000
₫115,000
₫406,000
₫239,000
₫440,000
₫541,551
₫489,600
₫413,162
₫450,000
₫522,496
₫158,000
₫345,468
₫501,500
₫205,000
₫151,321
₫510,300
₫326,600
₫375,063
₫1,699,000
₫899,000
₫132,999
₫179,790
₫510,600
₫200,000
₫8,090,000
₫460,400
₫149,000
₫2,050,000
₫2,150,000
₫250,000
₫273,311
₫221,100
₫541,551
₫214,000
₫543,100
₫227,332
₫2,850,000
₫224,715
₫64,000
₫309,214
₫277,000
₫115,000
₫406,000
₫239,000
₫440,000
₫541,551
₫489,600
₫413,162
₫450,000
₫522,496
₫158,000
₫345,468
₫501,500
₫205,000
₫151,321
₫510,300
₫326,600
₫375,063
₫1,699,000
₫899,000
₫132,999
₫179,790
₫510,600
₫200,000
₫8,090,000
₫460,400
₫149,000
₫2,050,000
₫2,150,000
₫250,000
₫273,311
₫221,100
₫541,551
₫214,000
₫543,100
₫227,332
₫2,850,000
₫224,715
₫64,000
₫309,214
₫277,000
₫115,000
₫406,000
₫239,000
₫440,000
₫541,551
₫489,600
₫413,162
₫450,000
₫522,496
₫158,000
₫345,468
₫501,500
₫205,000
₫151,321
₫510,300
₫326,600
₫375,063
₫1,699,000
₫899,000
₫132,999
₫179,790
₫510,600
₫200,000
₫8,090,000
₫460,400
₫149,000
₫2,050,000
₫2,150,000
₫250,000
₫273,311
₫221,100
₫541,551
₫214,000
₫543,100
₫227,332
₫2,850,000
₫224,715
₫64,000
₫309,214
₫277,000
₫115,000
₫406,000
₫239,000
₫440,000
₫541,551
₫489,600
₫413,162
₫450,000
₫522,496
₫158,000
₫345,468
₫501,500
₫205,000
₫151,321
₫510,300
₫326,600
₫375,063
₫1,699,000
₫899,000
₫132,999
₫179,790
₫510,600
₫200,000
₫8,090,000
₫460,400
₫149,000
₫2,050,000
₫2,150,000
₫250,000
₫273,311
₫221,100
₫541,551
₫214,000
₫543,100
₫227,332
₫2,850,000
₫224,715
₫64,000
₫309,214
₫277,000
₫115,000
₫406,000
₫239,000
₫440,000
₫541,551
₫489,600
₫413,162
₫450,000
₫522,496
₫158,000
₫345,468
₫501,500
₫205,000
₫151,321
₫510,300
₫326,600
₫375,063
₫1,699,000
₫899,000
₫132,999
₫179,790
₫510,600
₫200,000
₫8,090,000
₫460,400
₫149,000
₫2,050,000
₫2,150,000
₫250,000
₫273,311
₫221,100
₫541,551
₫214,000
₫543,100
₫227,332
₫2,850,000
₫224,715
₫64,000
₫309,214
₫277,000
₫115,000
₫406,000
₫239,000
₫440,000
₫541,551
₫489,600
₫413,162
₫450,000
₫522,496
₫158,000
₫345,468
₫501,500
₫205,000
₫151,321
₫510,300
₫326,600
₫375,063
₫1,699,000
₫899,000
₫132,999
₫179,790
₫510,600
₫200,000
₫8,090,000
₫460,400
₫149,000
₫2,050,000
₫2,150,000
₫250,000
₫273,311
₫221,100
₫541,551
₫214,000
₫543,100
₫227,332
₫2,850,000
₫224,715
₫64,000
₫309,214
₫277,000
₫115,000
₫406,000
₫239,000
₫440,000
₫541,551
₫489,600
₫413,162
₫450,000
₫522,496
₫158,000
₫345,468
₫501,500
₫205,000
₫151,321
₫510,300
₫326,600
₫375,063
₫1,699,000
₫899,000
₫132,999
₫179,790
₫510,600
₫200,000
₫8,090,000
₫460,400
₫149,000
₫2,050,000
₫2,150,000
₫250,000
₫273,311
₫221,100
₫541,551
₫214,000
₫543,100
₫227,332
₫2,850,000
₫224,715
₫64,000
₫309,214
₫277,000
₫115,000
₫406,000
₫239,000
₫440,000
₫541,551
₫489,600
₫413,162
₫450,000
₫522,496
₫158,000
₫345,468
₫501,500
₫205,000
₫151,321
₫510,300
₫326,600
₫375,063
₫1,699,000
₫899,000
₫132,999
₫179,790
₫510,600
₫200,000
₫8,090,000
₫460,400
₫149,000
₫2,050,000
₫2,150,000
₫250,000
₫273,311
₫221,100
₫541,551
₫214,000
₫543,100
₫227,332
₫2,850,000
₫224,715
₫64,000
₫309,214
₫277,000
₫115,000
₫406,000
₫239,000
₫440,000
₫541,551
₫489,600
₫413,162
₫450,000
₫522,496
₫158,000
₫345,468
₫501,500
₫205,000
₫151,321
₫510,300
₫326,600
₫375,063
₫1,699,000
₫899,000
₫132,999
₫179,790
₫510,600
₫200,000
₫8,090,000
₫460,400
₫149,000
₫2,050,000
₫2,150,000
₫250,000
₫273,311
₫221,100
₫541,551
₫214,000
₫543,100
₫227,332
₫2,850,000
₫224,715
₫64,000
₫309,214
₫277,000
₫115,000
₫406,000
₫239,000
₫440,000
₫541,551
₫489,600
₫413,162
₫450,000
₫522,496
₫158,000
₫345,468
₫501,500
₫205,000
₫151,321
₫510,300
₫326,600
₫375,063
₫1,699,000
₫899,000
₫132,999
₫179,790
₫510,600
₫200,000
₫8,090,000
₫460,400
₫149,000
₫2,050,000
₫2,150,000
₫250,000
₫273,311
₫221,100
₫541,551
₫214,000
₫543,100
₫227,332
₫2,850,000
₫224,715
₫64,000
₫309,214
₫277,000
₫115,000
₫406,000
₫239,000
₫440,000
₫541,551
₫489,600
₫413,162
₫450,000
₫522,496
₫158,000
₫345,468
₫501,500
₫205,000
₫151,321
₫510,300
₫326,600
₫375,063
₫1,699,000
₫899,000
₫132,999
₫179,790
₫510,600
₫200,000
₫8,090,000
₫460,400
₫149,000
₫2,050,000
₫2,150,000
₫250,000
₫273,311
₫221,100
₫541,551
₫214,000
₫543,100
₫227,332
₫2,850,000
₫224,715
₫64,000
₫309,214
₫277,000
₫115,000
₫406,000
₫239,000
₫440,000
₫541,551
₫489,600
₫413,162
₫450,000
₫522,496
₫158,000
₫345,468
₫501,500
₫205,000
₫151,321
₫510,300
₫326,600
₫375,063
₫1,699,000
₫899,000
₫132,999
₫179,790
₫510,600
₫200,000
₫8,090,000
₫460,400
₫149,000
₫2,050,000
₫2,150,000
₫250,000
₫273,311
₫221,100
₫541,551
₫214,000
₫543,100
₫227,332
₫2,850,000
₫224,715
₫64,000
₫309,214
₫277,000
₫115,000
₫406,000
₫239,000
₫440,000
₫541,551
₫489,600
₫413,162
₫450,000
₫522,496
₫158,000
₫345,468
₫501,500
₫205,000
₫151,321
₫510,300
₫326,600
₫375,063
₫1,699,000
₫899,000
₫132,999
₫179,790
₫510,600
₫200,000
₫8,090,000
₫460,400
₫149,000
₫2,050,000
₫2,150,000
₫250,000
₫273,311
₫221,100
₫541,551
₫214,000
₫543,100
₫227,332
₫2,850,000
₫224,715
₫64,000
₫309,214
₫277,000
₫115,000
₫406,000
₫239,000
₫440,000
₫541,551
₫489,600
₫413,162
₫450,000
₫522,496
₫158,000
₫345,468
₫501,500
₫205,000
₫151,321
₫510,300
₫326,600
₫375,063
₫1,699,000
₫899,000
₫132,999
₫179,790
₫510,600
₫200,000
₫8,090,000
₫460,400
₫149,000
₫2,050,000
₫2,150,000
₫250,000
₫273,311
₫221,100
₫541,551
₫214,000
₫543,100
₫227,332
₫2,850,000
₫224,715
₫64,000
₫309,214
₫277,000
₫115,000
₫406,000
₫239,000
₫440,000
₫541,551
₫489,600
₫413,162
₫450,000
₫522,496
₫158,000
₫345,468
₫501,500
₫205,000
₫151,321
₫510,300
₫326,600
₫375,063
₫1,699,000
₫899,000
₫132,999
₫179,790
₫510,600
₫200,000
₫8,090,000
₫460,400
₫149,000
₫2,050,000
₫2,150,000
₫250,000
₫273,311
₫221,100
₫541,551
₫214,000
₫543,100
₫227,332
₫2,850,000
₫224,715
₫64,000
₫309,214
₫277,000
₫115,000
₫406,000
₫239,000
₫440,000
₫541,551
₫489,600
₫413,162
₫450,000
₫522,496
₫158,000
₫345,468
₫501,500
₫205,000
₫151,321
₫510,300
₫326,600
₫375,063
₫1,699,000
₫899,000
₫132,999
₫179,790
₫510,600
₫200,000
₫8,090,000
₫460,400
₫149,000
₫2,050,000
₫2,150,000
₫250,000
₫273,311
₫221,100
₫541,551
₫214,000
₫543,100
₫227,332
₫2,850,000
₫224,715
₫64,000
₫309,214
₫277,000
₫115,000
₫406,000
₫239,000
₫440,000
₫541,551
₫489,600
₫413,162
₫450,000
₫522,496
₫158,000
₫345,468
₫501,500
₫205,000
₫151,321
₫510,300
₫326,600
₫375,063
₫1,699,000
₫899,000
₫132,999
₫179,790
₫510,600
₫200,000
₫8,090,000
₫460,400
₫149,000
₫2,050,000
₫2,150,000
₫250,000
₫273,311
₫221,100
₫541,551
₫214,000
₫543,100
₫227,332
₫2,850,000
₫224,715
₫64,000
₫309,214
₫277,000
₫115,000
₫406,000
₫239,000
₫440,000
₫541,551
₫489,600
₫413,162
₫450,000
₫522,496
₫158,000
₫345,468
₫501,500
₫205,000
₫151,321
₫510,300
₫326,600
₫375,063
₫1,699,000
₫899,000
₫132,999
₫179,790
₫510,600
₫200,000
₫8,090,000
₫460,400
₫149,000
₫2,050,000
₫2,150,000
₫250,000
₫273,311
₫221,100
₫541,551
₫214,000
₫543,100
₫227,332
₫2,850,000
₫224,715
₫64,000
₫309,214
₫277,000
₫115,000
₫406,000
₫239,000
₫440,000
₫541,551
₫489,600
₫413,162
₫450,000
₫522,496
₫158,000
₫345,468
₫501,500
₫205,000
₫151,321
₫510,300
₫326,600
₫375,063
₫1,699,000
₫899,000
₫132,999
₫179,790
₫510,600
₫200,000
₫8,090,000
₫460,400
₫149,000
₫2,050,000
₫2,150,000
₫250,000
₫273,311
₫221,100
₫541,551
₫214,000
₫543,100
₫227,332
₫2,850,000
₫224,715
₫64,000
₫309,214
₫277,000
₫115,000
₫406,000
₫239,000
₫440,000
₫541,551
₫489,600
₫413,162
₫450,000
₫522,496
₫158,000
₫345,468
₫501,500
₫205,000
₫151,321
₫510,300
₫326,600
₫375,063
₫1,699,000
₫899,000
₫132,999
₫179,790
₫510,600
₫200,000
₫8,090,000
₫460,400
₫149,000
₫2,050,000
₫2,150,000
₫250,000
₫273,311
₫221,100
₫541,551
₫214,000
₫543,100
₫227,332
₫2,850,000
₫224,715
₫64,000
₫309,214
₫277,000
₫115,000
₫406,000
₫239,000
₫440,000
₫541,551
₫489,600
₫413,162
₫450,000
₫522,496
₫158,000
₫345,468
₫501,500
₫205,000
₫151,321
₫510,300
₫326,600
₫375,063
₫1,699,000
₫899,000
₫132,999
₫179,790
₫510,600
₫200,000
₫8,090,000
₫460,400
₫149,000
₫2,050,000
₫2,150,000
₫250,000
₫273,311
₫221,100
₫541,551
₫214,000
₫543,100
₫227,332
₫2,850,000
₫224,715
₫64,000
₫309,214
₫277,000
₫115,000
₫406,000
₫239,000
₫440,000
₫541,551
₫489,600
₫413,162
₫450,000
₫522,496
₫158,000
₫345,468
₫501,500
₫205,000
₫151,321
₫510,300
₫326,600
₫375,063
₫1,699,000
₫899,000
₫132,999
₫179,790
₫510,600
₫200,000
₫8,090,000
₫460,400
₫149,000
₫2,050,000
₫2,150,000
₫250,000
₫273,311
₫221,100
₫541,551
₫214,000
₫543,100
₫227,332
₫2,850,000
₫224,715
₫64,000
₫309,214
₫277,000
₫115,000
₫406,000
₫239,000
₫440,000
₫541,551
₫489,600
₫413,162
₫450,000
₫522,496
₫158,000
₫345,468
₫501,500
₫205,000
₫151,321
₫510,300
₫326,600
₫375,063
₫1,699,000
₫899,000
₫132,999
₫179,790
₫510,600
₫200,000
₫8,090,000
₫460,400
₫149,000
₫2,050,000
₫2,150,000
₫250,000
₫273,311
₫221,100
₫541,551
₫214,000
₫543,100
₫227,332
₫2,850,000
₫224,715
₫64,000
₫309,214
₫277,000
₫115,000
₫406,000
₫239,000
₫440,000
₫541,551
₫489,600
₫413,162
₫450,000
₫522,496
₫158,000
₫345,468
₫501,500
₫205,000
₫151,321
₫510,300
₫326,600
₫375,063
₫1,699,000
₫899,000
₫132,999
₫179,790
₫510,600
₫200,000
₫8,090,000
₫460,400
₫149,000
₫2,050,000
₫2,150,000
₫250,000
₫273,311
₫221,100
₫541,551
₫214,000
₫543,100
₫227,332
₫2,850,000
₫224,715
₫64,000
₫309,214
₫277,000
₫115,000
₫406,000
₫239,000
₫440,000
₫541,551
₫489,600
₫413,162
₫450,000
₫522,496
₫158,000
₫345,468
₫501,500
₫205,000
₫151,321
₫510,300
₫326,600
₫375,063
₫1,699,000
₫899,000
₫132,999
₫179,790
₫510,600
₫200,000
₫8,090,000
₫460,400
₫149,000
₫2,050,000
₫2,150,000
₫250,000
₫273,311
₫221,100
₫541,551
₫214,000
₫543,100
₫227,332
₫2,850,000
₫224,715
₫64,000
₫309,214
₫277,000
₫115,000
₫406,000
₫239,000
₫440,000
₫541,551
₫489,600
₫413,162
₫450,000
₫522,496
₫158,000
₫345,468
₫501,500
₫205,000
₫151,321
₫510,300
₫326,600
₫375,063
₫1,699,000
₫899,000
₫132,999
₫179,790
₫510,600
₫200,000
₫8,090,000
₫460,400
₫149,000
₫2,050,000
₫2,150,000
₫250,000
₫273,311
₫221,100
₫541,551
₫214,000
₫543,100
₫227,332
₫2,850,000
₫224,715
₫64,000
₫309,214
₫277,000
₫115,000
₫406,000
₫239,000
₫440,000
₫541,551
₫489,600
₫413,162
₫450,000
₫522,496
₫158,000
₫345,468
₫501,500
₫205,000
₫151,321
₫510,300
₫326,600
₫375,063
₫1,699,000
₫899,000
₫132,999
₫179,790
₫510,600
₫200,000
₫8,090,000
₫460,400
₫149,000
₫2,050,000
₫2,150,000
₫250,000
₫273,311
₫221,100
₫541,551
₫214,000
₫543,100
₫227,332
₫2,850,000
₫224,715
₫64,000
₫309,214
₫277,000
₫115,000
₫406,000
₫239,000
₫440,000
₫541,551
₫489,600
₫413,162
₫450,000
₫522,496
₫158,000
₫345,468
₫501,500
₫205,000
₫151,321
₫510,300
₫326,600
₫375,063
₫1,699,000
₫899,000
₫132,999
₫179,790
₫510,600
₫200,000
₫8,090,000
₫460,400
₫149,000
₫2,050,000
₫2,150,000
₫250,000
₫273,311
₫221,100
₫541,551
₫214,000
₫543,100
₫227,332
₫2,850,000
₫224,715
₫64,000
₫309,214
₫277,000
₫115,000
₫406,000
₫239,000
₫440,000
₫541,551
₫489,600
₫413,162
₫450,000
₫522,496
₫158,000
₫345,468
₫501,500
₫205,000
₫151,321
₫510,300
₫326,600
₫375,063
₫1,699,000
₫899,000
₫132,999
₫179,790
₫510,600
₫200,000
₫8,090,000
₫460,400
₫149,000
₫2,050,000
₫2,150,000
₫250,000
₫273,311
₫221,100
₫541,551
₫214,000
₫543,100
₫227,332
₫2,850,000
₫224,715
₫64,000
₫309,214
₫277,000
₫115,000
₫406,000
₫239,000
₫440,000
₫541,551
₫489,600
₫413,162
₫450,000
₫522,496
₫158,000
₫345,468
₫501,500
₫205,000
₫151,321
₫510,300
₫326,600
₫375,063
₫1,699,000
₫899,000
₫132,999
₫179,790
₫510,600
₫200,000
₫8,090,000
₫460,400
₫149,000
₫2,050,000
₫2,150,000
₫250,000
₫273,311
₫221,100
₫541,551
₫214,000
₫543,100
₫227,332
₫2,850,000
₫224,715
₫64,000
₫309,214
₫277,000
₫115,000
₫406,000
₫239,000
₫440,000
₫541,551
₫489,600
₫413,162
₫450,000
₫522,496
₫158,000
₫345,468
₫501,500
₫205,000
₫151,321
₫510,300
₫326,600
₫375,063
₫1,699,000
₫899,000
₫132,999
₫179,790
₫510,600
₫200,000
₫8,090,000
₫460,400
₫149,000
₫2,050,000
₫2,150,000
₫250,000
₫273,311
₫221,100
₫541,551
₫214,000
₫543,100
₫227,332
₫2,850,000
₫224,715
₫64,000
₫309,214
₫277,000
₫115,000
₫406,000
₫239,000
₫440,000
₫541,551
₫489,600
₫413,162
₫450,000
₫522,496
₫158,000
₫345,468
₫501,500
₫205,000
₫151,321
₫510,300
₫326,600
₫375,063
₫1,699,000
₫899,000
₫132,999
₫179,790
₫510,600
₫200,000
₫8,090,000
₫460,400
₫149,000
₫2,050,000
₫2,150,000
₫250,000
₫273,311
₫221,100
₫541,551
₫214,000
₫543,100
₫227,332
₫2,850,000
₫224,715
₫64,000
₫309,214
₫277,000
₫115,000
₫406,000
₫239,000
₫440,000
₫541,551
₫489,600
₫413,162
₫450,000
₫522,496
₫158,000
₫345,468
₫501,500
₫205,000
₫151,321
₫510,300
₫326,600
₫375,063
₫1,699,000
₫899,000
₫132,999
₫179,790
₫510,600
₫200,000
₫8,090,000
₫460,400
₫149,000
₫2,050,000
₫2,150,000
₫250,000
₫273,311
₫221,100
₫541,551
₫214,000
₫543,100
₫227,332
₫2,850,000
₫224,715
₫64,000
₫309,214
₫277,000
₫115,000
₫406,000
₫239,000
₫440,000
₫541,551
₫489,600
₫413,162
₫450,000
₫522,496
₫158,000
₫345,468
₫501,500
₫205,000
₫151,321
₫510,300
₫326,600
₫375,063
₫1,699,000
₫899,000
₫132,999
₫179,790
₫510,600
₫200,000
₫8,090,000
₫460,400
₫149,000
₫2,050,000
₫2,150,000
₫250,000
₫273,311
₫221,100
₫541,551
₫214,000
₫543,100
₫227,332
₫2,850,000
₫224,715
₫64,000
₫309,214
₫277,000
₫115,000
₫406,000
₫239,000
₫440,000
₫541,551
₫489,600
₫413,162
₫450,000
₫522,496
₫158,000
₫345,468
₫501,500
₫205,000
₫151,321
₫510,300
₫326,600
₫375,063
₫1,699,000
₫899,000
₫132,999
₫179,790
₫510,600
₫200,000
₫8,090,000
₫460,400
₫149,000
₫2,050,000
₫2,150,000
₫250,000
₫273,311
₫221,100
₫541,551
₫214,000
₫543,100
₫227,332
₫2,850,000
₫224,715
₫64,000
₫309,214
₫277,000
₫115,000
₫406,000
₫239,000
₫440,000
₫541,551
₫489,600
₫413,162
₫450,000
₫522,496
₫158,000
₫345,468
₫501,500
₫205,000
₫151,321
₫510,300
₫326,600
₫375,063
₫1,699,000
₫899,000
₫132,999
₫179,790
₫510,600
₫200,000
₫8,090,000
₫460,400
₫149,000
₫2,050,000
₫2,150,000
₫250,000
₫273,311
₫221,100
₫541,551
₫214,000
₫543,100
₫227,332
₫2,850,000
₫224,715
₫64,000
₫309,214
₫277,000
₫115,000
₫406,000
₫239,000
₫440,000
₫541,551
₫489,600
₫413,162
₫450,000
₫522,496
₫158,000
₫345,468
₫501,500
₫205,000
₫151,321
₫510,300
₫326,600
₫375,063
₫1,699,000
₫899,000
₫132,999
₫179,790
₫510,600
₫200,000
₫8,090,000
₫460,400
₫149,000
₫2,050,000
₫2,150,000
₫250,000
₫273,311
₫221,100
₫541,551
₫214,000
₫543,100
₫227,332
₫2,850,000
₫224,715
₫64,000
₫309,214
₫277,000
₫115,000
₫406,000
₫239,000
₫440,000
₫541,551
₫489,600
₫413,162
₫450,000
₫522,496
₫158,000
₫345,468
₫501,500
₫205,000
₫151,321
₫510,300
₫326,600
₫375,063
₫1,699,000
₫899,000
₫132,999
₫179,790
₫510,600
₫200,000
₫8,090,000
₫460,400
₫149,000
₫2,050,000
₫2,150,000
₫250,000
₫273,311
₫221,100
₫541,551
₫214,000
₫543,100
₫227,332
₫2,850,000
₫224,715
₫64,000
₫309,214
₫277,000
₫115,000
₫406,000
₫239,000
₫440,000
₫541,551
₫489,600
₫413,162
₫450,000
₫522,496
₫158,000
₫345,468
₫501,500
₫205,000
₫151,321
₫510,300
₫326,600
₫375,063
₫1,699,000
₫899,000
₫132,999
₫179,790
₫510,600
₫200,000
₫8,090,000
₫460,400
₫149,000
₫2,050,000
₫2,150,000
₫250,000
₫273,311
₫221,100
₫541,551
₫214,000
₫543,100
₫227,332
₫2,850,000
₫224,715
₫64,000
₫309,214
₫277,000
₫115,000
₫406,000
₫239,000
₫440,000
₫541,551
₫489,600
₫413,162
₫450,000
₫522,496
₫158,000
₫345,468
₫501,500
₫205,000
₫151,321
₫510,300
₫326,600
₫375,063
₫1,699,000
₫899,000
₫132,999
₫179,790
₫510,600
₫200,000
₫8,090,000
₫460,400
₫149,000
₫2,050,000
₫2,150,000
₫250,000
₫273,311
₫221,100
₫541,551
₫214,000
₫543,100
₫227,332
₫2,850,000
₫224,715
₫64,000
₫309,214
₫277,000
₫115,000
₫406,000
₫239,000
₫440,000
₫541,551
₫489,600
₫413,162
₫450,000
₫522,496
₫158,000
₫345,468
₫501,500
₫205,000
₫151,321
₫510,300
₫326,600
₫375,063
₫1,699,000
₫899,000
₫132,999
₫179,790
₫510,600
₫200,000
₫8,090,000
₫460,400
₫149,000
₫2,050,000
₫2,150,000
₫250,000
₫273,311
₫221,100
₫541,551
₫214,000
₫543,100
₫227,332
₫2,850,000
₫224,715
₫64,000
₫309,214
₫277,000
₫115,000
₫406,000
₫239,000
₫440,000
₫541,551
₫489,600
₫413,162
₫450,000
₫522,496
₫158,000
₫345,468
₫501,500
₫205,000
₫151,321
₫510,300
₫326,600
₫375,063
₫1,699,000
₫899,000
₫132,999
₫179,790
₫510,600
₫200,000
₫8,090,000
₫460,400
₫149,000
₫2,050,000
₫2,150,000
₫250,000
₫273,311
₫221,100
₫541,551
₫214,000
₫543,100
₫227,332
₫2,850,000
₫224,715
₫64,000
₫309,214
₫277,000
₫115,000
₫406,000
₫239,000
₫440,000
₫541,551
₫489,600
₫413,162
₫450,000
₫522,496
₫158,000
₫345,468
₫501,500
₫205,000
₫151,321
₫510,300
₫326,600
₫375,063
₫1,699,000
₫899,000
₫132,999
₫179,790
₫510,600
₫200,000
₫8,090,000
₫460,400
₫149,000
₫2,050,000
₫2,150,000
₫250,000
₫273,311
₫221,100
₫541,551
₫214,000
₫543,100
₫227,332
₫2,850,000
₫224,715
₫64,000
₫309,214
₫277,000
₫115,000
₫406,000
₫239,000
₫440,000
₫541,551
₫489,600
₫413,162
₫450,000
₫522,496
₫158,000
₫345,468
₫501,500
₫205,000
₫151,321
₫510,300
₫326,600
₫375,063
₫1,699,000
₫899,000
₫132,999
₫179,790
₫510,600
₫200,000
₫8,090,000
₫460,400
₫149,000
₫2,050,000
₫2,150,000
₫250,000
₫273,311
₫221,100
₫541,551
₫214,000
₫543,100
₫227,332
₫2,850,000
₫224,715
₫64,000
₫309,214
₫277,000
₫115,000
₫406,000
₫239,000
₫440,000
₫541,551
₫489,600
₫413,162
₫450,000
₫522,496
₫158,000
₫345,468
₫501,500
₫205,000
₫151,321
₫510,300
₫326,600
₫375,063
₫1,699,000
₫899,000
₫132,999
₫179,790
₫510,600
₫200,000
₫8,090,000
₫460,400
₫149,000
₫2,050,000
₫2,150,000
₫250,000
₫273,311
₫221,100
₫541,551
₫214,000
₫543,100
₫227,332
₫2,850,000
₫224,715
₫64,000
₫309,214
₫277,000
₫115,000
₫406,000
₫239,000
₫440,000
₫541,551
₫489,600
₫413,162
₫450,000
₫522,496
₫158,000
₫345,468
₫501,500
₫205,000
₫151,321
₫510,300
₫326,600
₫375,063
₫1,699,000
₫899,000
₫132,999
₫179,790
₫510,600
₫200,000
₫8,090,000
₫460,400
₫149,000
₫2,050,000
₫2,150,000
₫250,000
₫273,311
₫221,100
₫541,551
₫214,000
₫543,100
₫227,332
₫2,850,000
₫224,715
₫64,000
₫309,214
₫277,000
₫115,000
₫406,000
₫239,000
₫440,000
₫541,551
₫489,600
₫413,162
₫450,000
₫522,496
₫158,000
₫345,468
₫501,500
₫205,000
₫151,321
₫510,300
₫326,600
₫375,063
₫1,699,000
₫899,000
₫132,999
₫179,790
₫510,600
₫200,000
₫8,090,000
₫460,400
₫149,000
₫2,050,000
₫2,150,000
₫250,000
₫273,311
₫221,100
₫541,551
₫214,000
₫543,100
₫227,332
₫2,850,000
₫224,715
₫64,000
₫309,214
₫277,000
₫115,000
₫406,000
₫239,000
₫440,000
₫541,551
₫489,600
₫413,162
₫450,000
₫522,496
₫158,000
₫345,468
₫501,500
₫205,000
₫151,321
₫510,300
₫326,600
₫375,063
₫1,699,000
₫899,000
₫132,999
₫179,790
₫510,600
₫200,000
₫8,090,000
₫460,400
₫149,000
₫2,050,000
₫2,150,000
₫250,000
₫273,311
₫221,100
₫541,551
₫214,000
₫543,100
₫227,332
₫2,850,000
₫224,715
₫64,000
₫309,214
₫277,000
₫115,000
₫406,000
₫239,000
₫440,000
₫541,551
₫489,600
₫413,162
₫450,000
₫522,496
₫158,000
₫345,468
₫501,500
₫205,000
₫151,321
₫510,300
₫326,600
₫375,063
₫1,699,000
₫899,000
₫132,999
₫179,790
₫510,600
₫200,000
₫8,090,000
₫460,400
₫149,000
₫2,050,000
₫2,150,000
₫250,000
₫273,311
₫221,100
₫541,551
₫214,000
₫543,100
₫227,332
₫2,850,000
₫224,715
₫64,000
₫309,214
₫277,000
₫115,000
₫406,000
₫239,000
₫440,000
₫541,551
₫489,600
₫413,162
₫450,000
₫522,496
₫158,000
₫345,468
₫501,500
₫205,000
₫151,321
₫510,300
₫326,600
₫375,063
₫1,699,000
₫899,000
₫132,999
₫179,790
₫510,600
₫200,000
₫8,090,000
₫460,400
₫149,000
₫2,050,000
₫2,150,000
₫250,000
₫273,311
₫221,100
₫541,551
₫214,000
₫543,100
₫227,332
₫2,850,000
₫224,715
₫64,000
₫309,214
₫277,000
₫115,000
₫406,000
₫239,000
₫440,000
₫541,551
₫489,600
₫413,162
₫450,000
₫522,496
₫158,000
₫345,468
₫501,500
₫205,000
₫151,321
₫510,300
₫326,600
₫375,063
₫1,699,000
₫899,000
₫132,999
₫179,790
₫510,600
₫200,000
₫8,090,000
₫460,400
₫149,000
₫2,050,000
₫2,150,000
₫250,000
₫273,311
₫221,100
₫541,551
₫214,000
₫543,100
₫227,332
₫2,850,000
₫224,715
₫64,000
₫309,214
₫277,000
₫115,000
₫406,000
₫239,000
₫440,000
₫541,551
₫489,600
₫413,162
₫450,000
₫522,496
₫158,000
₫345,468
₫501,500
₫205,000
₫151,321
₫510,300
₫326,600
₫375,063
₫1,699,000
₫899,000
₫132,999
₫179,790
₫510,600
₫200,000
₫8,090,000
₫460,400
₫149,000
₫2,050,000
₫2,150,000
₫250,000
₫273,311
₫221,100
₫541,551
₫214,000
₫543,100
₫227,332
₫2,850,000
₫224,715
₫64,000
₫309,214
₫277,000
₫115,000
₫406,000
₫239,000
₫440,000
₫541,551
₫489,600
₫413,162
₫450,000
₫522,496
₫158,000
₫345,468
₫501,500
₫205,000
₫151,321
₫510,300
₫326,600
₫375,063
₫1,699,000
₫899,000
₫132,999
₫179,790
₫510,600
₫200,000
₫8,090,000
₫460,400
₫149,000
₫2,050,000
₫2,150,000
₫250,000
₫273,311
₫221,100
₫541,551
₫214,000
₫543,100
₫227,332
₫2,850,000
₫224,715
₫64,000
₫309,214
₫277,000
₫115,000
₫406,000
₫239,000
₫440,000
₫541,551
₫489,600
₫413,162
₫450,000
₫522,496
₫158,000
₫345,468
₫501,500
₫205,000
₫151,321
₫510,300
₫326,600
₫375,063
₫1,699,000
₫899,000
₫132,999
₫179,790
₫510,600
₫200,000
₫8,090,000
₫460,400
₫149,000
₫2,050,000
₫2,150,000
₫250,000
₫273,311
₫221,100
₫541,551
₫214,000
₫543,100
₫227,332
₫2,850,000
₫224,715
₫64,000
₫309,214
₫277,000
₫115,000
₫406,000
₫239,000
₫440,000
₫541,551
₫489,600
₫413,162
₫450,000
₫522,496
₫158,000
₫345,468
₫501,500
₫205,000
₫151,321
₫510,300
₫326,600
₫375,063
₫1,699,000
₫899,000
₫132,999
₫179,790
₫510,600
₫200,000
₫8,090,000
₫460,400
₫149,000
₫2,050,000
₫2,150,000
₫250,000
₫273,311
₫221,100
₫541,551
₫214,000
₫543,100
₫227,332
₫2,850,000
₫224,715
₫64,000
₫309,214
₫277,000
₫115,000
₫406,000
₫239,000
₫440,000
₫541,551
₫489,600
₫413,162
₫450,000
₫522,496
₫158,000
₫345,468
₫501,500
₫205,000
₫151,321
₫510,300
₫326,600
₫375,063
₫1,699,000
₫899,000
₫132,999
₫179,790
₫510,600
₫200,000
₫8,090,000
₫460,400
₫149,000
₫2,050,000
₫2,150,000
₫250,000
₫273,311
₫221,100
₫541,551
₫214,000
₫543,100
₫227,332
₫2,850,000
₫224,715
₫64,000
₫309,214
₫277,000
₫115,000
₫406,000
₫239,000
₫440,000
₫541,551
₫489,600
₫413,162
₫450,000
₫522,496
₫158,000
₫345,468
₫501,500
₫205,000
₫151,321
₫510,300
₫326,600
₫375,063
₫1,699,000
₫899,000
₫132,999
₫179,790
₫510,600
₫200,000
₫8,090,000
₫460,400
₫149,000
₫2,050,000
₫2,150,000
₫250,000
₫273,311
₫221,100
₫541,551
₫214,000
₫543,100
₫227,332
₫2,850,000
₫224,715
₫64,000
₫309,214
₫277,000
₫115,000
₫406,000
₫239,000
₫440,000
₫541,551
₫489,600
₫413,162
₫450,000
₫522,496
₫158,000
₫345,468
₫501,500
₫205,000
₫151,321
₫510,300
₫326,600
₫375,063
₫1,699,000
₫899,000
₫132,999
₫179,790
₫510,600
₫200,000
₫8,090,000
₫460,400
₫149,000
₫2,050,000
₫2,150,000
₫250,000
₫273,311
₫221,100
₫541,551
₫214,000
₫543,100
₫227,332
₫2,850,000
₫224,715
₫64,000
₫309,214
₫277,000
₫115,000
₫406,000
₫239,000
₫440,000
₫541,551
₫489,600
₫413,162
₫450,000
₫522,496
₫158,000
₫345,468
₫501,500
₫205,000
₫151,321
₫510,300
₫326,600
₫375,063
₫1,699,000
₫899,000
₫132,999
₫179,790
₫510,600
₫200,000
₫8,090,000
₫460,400
₫149,000
₫2,050,000
₫2,150,000
₫250,000
₫273,311
₫221,100
₫541,551
₫214,000
₫543,100
₫227,332
₫2,850,000
₫224,715
₫64,000
₫309,214
₫277,000
₫115,000
₫406,000
₫239,000
₫440,000
₫541,551
₫489,600
₫413,162
₫450,000
₫522,496
₫158,000
₫345,468
₫501,500
₫205,000
₫151,321
₫510,300
₫326,600
₫375,063
₫1,699,000
₫899,000
₫132,999
₫179,790
₫510,600
₫200,000
₫8,090,000
₫460,400
₫149,000
₫2,050,000
₫2,150,000
₫250,000
₫273,311
₫221,100
₫541,551
₫214,000
₫543,100
₫227,332
₫2,850,000
₫224,715
₫64,000
₫309,214
₫277,000
₫115,000
₫406,000
₫239,000
₫440,000
₫541,551
₫489,600
₫413,162
₫450,000
₫522,496
₫158,000
₫345,468
₫501,500
₫205,000
₫151,321
₫510,300
₫326,600
₫375,063
₫1,699,000
₫899,000
₫132,999
₫179,790
₫510,600
₫200,000
₫8,090,000
₫460,400
₫149,000
₫2,050,000
₫2,150,000
₫250,000
₫273,311
₫221,100
₫541,551
₫214,000
₫543,100
₫227,332
₫2,850,000
₫224,715
₫64,000
₫309,214
₫277,000
₫115,000
₫406,000
₫239,000
₫440,000
₫541,551
₫489,600
₫413,162
₫450,000
₫522,496
₫158,000
₫345,468
₫501,500
₫205,000
₫151,321
₫510,300
₫326,600
₫375,063
₫1,699,000
₫899,000
₫132,999
₫179,790
₫510,600
₫200,000
₫8,090,000
₫460,400
₫149,000
₫2,050,000
₫2,150,000
₫250,000
₫273,311
₫221,100
₫541,551
₫214,000
₫543,100
₫227,332
₫2,850,000
₫224,715
₫64,000
₫309,214
₫277,000
₫115,000
₫406,000
₫239,000
₫440,000
₫541,551
₫489,600
₫413,162
₫450,000
₫522,496
₫158,000
₫345,468
₫501,500
₫205,000
₫151,321
₫510,300
₫326,600
₫375,063
₫1,699,000
₫899,000
₫132,999
₫179,790
₫510,600
₫200,000
₫8,090,000
₫460,400
₫149,000
₫2,050,000
₫2,150,000
₫250,000
₫273,311
₫221,100
₫541,551
₫214,000
₫543,100
₫227,332
₫2,850,000
₫224,715
₫64,000
₫309,214
₫277,000
₫115,000
₫406,000
₫239,000
₫440,000
₫541,551
₫489,600
₫413,162
₫450,000
₫522,496
₫158,000
₫345,468
₫501,500
₫205,000
₫151,321
₫510,300
₫326,600
₫375,063
₫1,699,000
₫899,000
₫132,999
₫179,790
₫510,600
₫200,000
₫8,090,000
₫460,400
₫149,000
₫2,050,000
₫2,150,000
₫250,000
₫273,311
₫221,100
₫541,551
₫214,000
₫543,100
₫227,332
₫2,850,000
₫224,715
₫64,000
₫309,214
₫277,000
₫115,000
₫406,000
₫239,000
₫440,000
₫541,551
₫489,600
₫413,162
₫450,000
₫522,496
₫158,000
₫345,468
₫501,500
₫205,000
₫151,321
₫510,300
₫326,600
₫375,063
₫1,699,000
₫899,000
₫132,999
₫179,790
₫510,600
₫200,000
₫8,090,000
₫460,400
₫149,000
₫2,050,000
₫2,150,000
₫250,000
₫273,311
₫221,100
₫541,551
₫214,000
₫543,100
₫227,332
₫2,850,000
₫224,715
₫64,000
₫309,214
₫277,000
₫115,000
₫406,000
₫239,000
₫440,000
₫541,551
₫489,600
₫413,162
₫450,000
₫522,496
₫158,000
₫345,468
₫501,500
₫205,000
₫151,321
₫510,300
₫326,600
₫375,063
₫1,699,000
₫899,000
₫132,999
₫179,790
₫510,600
₫200,000
₫8,090,000
₫460,400
₫149,000
₫2,050,000
₫2,150,000
₫250,000
₫273,311
₫221,100
₫541,551
₫214,000
₫543,100
₫227,332
₫2,850,000
₫224,715
₫64,000
₫309,214
₫277,000
₫115,000
₫406,000
₫239,000
₫440,000
₫541,551
₫489,600
₫413,162
₫450,000
₫522,496
₫158,000
₫345,468
₫501,500
₫205,000
₫151,321
₫510,300
₫326,600
₫375,063
₫1,699,000
₫899,000
₫132,999
₫179,790
₫510,600
₫200,000
₫8,090,000
₫460,400
₫149,000
₫2,050,000
₫2,150,000
₫250,000
₫273,311
₫221,100
₫541,551
₫214,000
₫543,100
₫227,332
₫2,850,000
₫224,715
₫64,000
₫309,214
₫277,000
₫115,000
₫406,000
₫239,000
₫440,000
₫541,551
₫489,600
₫413,162
₫450,000
₫522,496
₫158,000
₫345,468
₫501,500
₫205,000
₫151,321
₫510,300
₫326,600
₫375,063
₫1,699,000
₫899,000
₫132,999
₫179,790
₫510,600
₫200,000
₫8,090,000
₫460,400
₫149,000
₫2,050,000
₫2,150,000
₫250,000
₫273,311
₫221,100
₫541,551
₫214,000
₫543,100
₫227,332
₫2,850,000
₫224,715
₫64,000
₫309,214
₫277,000
₫115,000
₫406,000
₫239,000
₫440,000
₫541,551
₫489,600
₫413,162
₫450,000
₫522,496
₫158,000
₫345,468
₫501,500
₫205,000
₫151,321
₫510,300
₫326,600
₫375,063
₫1,699,000
₫899,000
₫132,999
₫179,790
₫510,600
₫200,000
₫8,090,000
₫460,400
₫149,000
₫2,050,000
₫2,150,000
₫250,000
₫273,311
₫221,100
₫541,551
₫214,000
₫543,100
₫227,332
₫2,850,000
₫224,715
₫64,000
₫309,214
₫277,000
₫115,000
₫406,000
₫239,000
₫440,000
₫541,551
₫489,600
₫413,162
₫450,000
₫522,496
₫158,000
₫345,468
₫501,500
₫205,000
₫151,321
₫510,300
₫326,600
₫375,063
₫1,699,000
₫899,000
₫132,999
₫179,790
₫510,600
₫200,000
₫8,090,000
₫460,400
₫149,000
₫2,050,000
₫2,150,000
₫250,000
₫273,311
₫221,100
₫541,551
₫214,000
₫543,100
₫227,332
₫2,850,000
₫224,715
₫64,000
₫309,214
₫277,000
₫115,000
₫406,000
₫239,000
₫440,000
₫541,551
₫489,600
₫413,162
₫450,000
₫522,496
₫158,000
₫345,468
₫501,500
₫205,000
₫151,321
₫510,300
₫326,600
₫375,063
₫1,699,000
₫899,000
₫132,999
₫179,790
₫510,600
₫200,000
₫8,090,000
₫460,400
₫149,000
₫2,050,000
₫2,150,000
₫250,000
₫273,311
₫221,100
₫541,551
₫214,000
₫543,100
₫227,332
₫2,850,000
₫224,715
₫64,000
₫309,214
₫277,000
₫115,000
₫406,000
₫239,000
₫440,000
₫541,551
₫489,600
₫413,162
₫450,000
₫522,496
₫158,000
₫345,468
₫501,500
₫205,000
₫151,321
₫510,300
₫326,600
₫375,063
₫1,699,000
₫899,000
₫132,999
₫179,790
₫510,600
₫200,000
₫8,090,000
₫460,400
₫149,000
₫2,050,000
₫2,150,000
₫250,000
₫273,311
₫221,100
₫541,551
₫214,000
₫543,100
₫227,332
₫2,850,000
₫224,715
₫64,000
₫309,214
₫277,000
₫115,000
₫406,000
₫239,000
₫440,000
₫541,551
₫489,600
₫413,162
₫450,000
₫522,496
₫158,000
₫345,468
₫501,500
₫205,000
₫151,321
₫510,300
₫326,600
₫375,063
₫1,699,000
₫899,000
₫132,999
₫179,790
₫510,600
₫200,000
₫8,090,000
₫460,400
₫149,000
₫2,050,000
₫2,150,000
₫250,000
₫273,311
₫221,100
₫541,551
₫214,000
₫543,100
₫227,332
₫2,850,000
₫224,715
₫64,000
₫309,214
₫277,000
₫115,000
₫406,000
₫239,000
₫440,000
₫541,551
₫489,600
₫413,162
₫450,000
₫522,496
₫158,000
₫345,468
₫501,500
₫205,000
₫151,321
₫510,300
₫326,600
₫375,063
₫1,699,000
₫899,000
₫132,999
₫179,790
₫510,600
₫200,000
₫8,090,000
₫460,400
₫149,000
₫2,050,000
₫2,150,000
₫250,000
₫273,311
₫221,100
₫541,551
₫214,000
₫543,100
₫227,332
₫2,850,000
₫224,715
₫64,000
₫309,214
₫277,000
₫115,000
₫406,000
₫239,000
₫440,000
₫541,551
₫489,600
₫413,162
₫450,000
₫522,496
₫158,000
₫345,468
₫501,500
₫205,000
₫151,321
₫510,300
₫326,600
₫375,063
₫1,699,000
₫899,000
₫132,999
₫179,790
₫510,600
₫200,000
₫8,090,000
₫460,400
₫149,000
₫2,050,000
₫2,150,000
₫250,000
₫273,311
₫221,100
₫541,551
₫214,000
₫543,100
₫227,332
₫2,850,000
₫224,715
₫64,000
₫309,214
₫277,000
₫115,000
₫406,000
₫239,000
₫440,000
₫541,551
₫489,600
₫413,162
₫450,000
₫522,496
₫158,000
₫345,468
₫501,500
₫205,000
₫151,321
₫510,300
₫326,600
₫375,063
₫1,699,000
₫899,000
₫132,999
₫179,790
₫510,600
₫200,000
₫8,090,000
₫460,400
₫149,000
₫2,050,000
₫2,150,000
₫250,000
₫273,311
₫221,100
₫541,551
₫214,000
₫543,100
₫227,332
₫2,850,000
₫224,715
₫64,000
₫309,214
₫277,000
₫115,000
₫406,000
₫239,000
₫440,000
₫541,551
₫489,600
₫413,162
₫450,000
₫522,496
₫158,000
₫345,468
₫501,500
₫205,000
₫151,321
₫510,300
₫326,600
₫375,063
₫1,699,000
₫899,000
₫132,999
₫179,790
₫510,600
₫200,000
₫8,090,000
₫460,400
₫149,000
₫2,050,000
₫2,150,000
₫250,000
₫273,311
₫221,100
₫541,551
₫214,000
₫543,100
₫227,332
₫2,850,000
₫224,715
₫64,000
₫309,214
₫277,000
₫115,000
₫406,000
₫239,000
₫440,000
₫541,551
₫489,600
₫413,162
₫450,000
₫522,496
