₫414,700
₫358,800
₫222,700
₫524,400
₫327,000
₫315,900
₫148,000
₫507,500
₫511,000
₫636,300
₫523,600
₫689,900
₫662,800
₫29,000
₫9,650,000
₫3,189,000
₫218,744
₫236,720
₫26,290,000
₫374,844
₫32,000
₫45,000,000
₫8,990,000
₫241,556
₫14,200,000
₫768,000
₫531,000
₫32,308
₫739,000
₫316,842
₫320,000
₫11,700,000
₫512,700
₫750,000
₫316,600
₫357,800
₫422,900
₫24,517
₫32,241
₫56,900
₫414,700
₫358,800
₫222,700
₫524,400
₫327,000
₫315,900
₫148,000
₫507,500
₫511,000
₫636,300
₫523,600
₫689,900
₫662,800
₫29,000
₫9,650,000
₫3,189,000
₫218,744
₫236,720
₫26,290,000
₫374,844
₫32,000
₫45,000,000
₫8,990,000
₫241,556
₫14,200,000
₫768,000
₫531,000
₫32,308
₫739,000
₫316,842
₫320,000
₫11,700,000
₫512,700
₫750,000
₫316,600
₫357,800
₫422,900
₫24,517
₫32,241
₫56,900
₫414,700
₫358,800
₫222,700
₫524,400
₫327,000
₫315,900
₫148,000
₫507,500
₫511,000
₫636,300
₫523,600
₫689,900
₫662,800
₫29,000
₫9,650,000
₫3,189,000
₫218,744
₫236,720
₫26,290,000
₫374,844
₫32,000
₫45,000,000
₫8,990,000
₫241,556
₫14,200,000
₫768,000
₫531,000
₫32,308
₫739,000
₫316,842
₫320,000
₫11,700,000
₫512,700
₫750,000
₫316,600
₫357,800
₫422,900
₫24,517
₫32,241
₫56,900
