₫539,000
₫1,999,000
₫950,000
₫4,980,000
₫539,000
₫610,000
₫1,199,000
₫168,000
₫3,380,000
₫1,095,000
₫8,690,000
₫1,299,000
₫1,439,000
₫34,890,000
₫1,499,000
₫1,299,000
₫11,200,000
₫520,000
₫37,490,000
₫1,499,000
₫1,499,000
₫2,499,000
₫1,399,000
₫950,000
₫249,000
₫1,290,000
₫999,000
₫17,000
₫17,590,000
₫274,000
₫2,699,000
₫21,290,000
₫6,195,000
₫2,550,000
₫150,000
₫79,000
₫1,199,000
₫850,000
₫990,000
₫11,390,000
₫539,000
₫1,999,000
₫950,000
₫4,980,000
₫539,000
₫610,000
₫1,199,000
₫168,000
₫3,380,000
₫1,095,000
₫8,690,000
₫1,299,000
₫1,439,000
₫34,890,000
₫1,499,000
₫1,299,000
₫11,200,000
₫520,000
₫37,490,000
₫1,499,000
₫1,499,000
₫2,499,000
₫1,399,000
₫950,000
₫249,000
₫1,290,000
₫999,000
₫17,000
₫17,590,000
₫274,000
₫2,699,000
₫21,290,000
₫6,195,000
₫2,550,000
₫150,000
₫79,000
₫1,199,000
₫850,000
₫990,000
₫11,390,000
₫539,000
₫1,999,000
₫950,000
₫4,980,000
₫539,000
₫610,000
₫1,199,000
₫168,000
₫3,380,000
₫1,095,000
₫8,690,000
₫1,299,000
₫1,439,000
₫34,890,000
₫1,499,000
₫1,299,000
₫11,200,000
₫520,000
₫37,490,000
₫1,499,000
₫1,499,000
₫2,499,000
₫1,399,000
₫950,000
₫249,000
₫1,290,000
₫999,000
₫17,000
₫17,590,000
₫274,000
₫2,699,000
₫21,290,000
₫6,195,000
₫2,550,000
₫150,000
₫79,000
₫1,199,000
₫850,000
₫990,000
₫11,390,000
₫539,000
₫1,999,000
₫950,000
₫4,980,000
₫539,000
₫610,000
₫1,199,000
₫168,000
₫3,380,000
₫1,095,000
₫8,690,000
₫1,299,000
₫1,439,000
₫34,890,000
₫1,499,000
₫1,299,000
₫11,200,000
₫520,000
₫37,490,000
₫1,499,000
₫1,499,000
₫2,499,000
₫1,399,000
₫950,000
₫249,000
₫1,290,000
₫999,000
₫17,000
₫17,590,000
₫274,000
₫2,699,000
₫21,290,000
₫6,195,000
₫2,550,000
₫150,000
₫79,000
₫1,199,000
₫850,000
₫990,000
₫11,390,000
₫539,000
₫1,999,000
₫950,000
₫4,980,000
₫539,000
₫610,000
₫1,199,000
₫168,000
₫3,380,000
₫1,095,000
₫8,690,000
₫1,299,000
₫1,439,000
₫34,890,000
₫1,499,000
₫1,299,000
₫11,200,000
₫520,000
₫37,490,000
₫1,499,000
₫1,499,000
₫2,499,000
₫1,399,000
₫950,000
₫249,000
₫1,290,000
₫999,000
₫17,000
₫17,590,000
₫274,000
₫2,699,000
₫21,290,000
₫6,195,000
₫2,550,000
₫150,000
₫79,000
₫1,199,000
₫850,000
₫990,000
₫11,390,000
₫539,000
₫1,999,000
₫950,000
₫4,980,000
₫539,000
₫610,000
₫1,199,000
₫168,000
₫3,380,000
₫1,095,000
₫8,690,000
₫1,299,000
₫1,439,000
₫34,890,000
₫1,499,000
₫1,299,000
₫11,200,000
₫520,000
₫37,490,000
₫1,499,000
₫1,499,000
₫2,499,000
₫1,399,000
₫950,000
₫249,000
₫1,290,000
₫999,000
₫17,000
₫17,590,000
₫274,000
₫2,699,000
₫21,290,000
₫6,195,000
₫2,550,000
₫150,000
₫79,000
₫1,199,000
₫850,000
₫990,000
₫11,390,000
₫539,000
₫1,999,000
₫950,000
₫4,980,000
₫539,000
₫610,000
₫1,199,000
₫168,000
₫3,380,000
₫1,095,000
₫8,690,000
₫1,299,000
₫1,439,000
₫34,890,000
₫1,499,000
₫1,299,000
₫11,200,000
₫520,000
₫37,490,000
₫1,499,000
₫1,499,000
₫2,499,000
₫1,399,000
₫950,000
₫249,000
₫1,290,000
₫999,000
₫17,000
₫17,590,000
₫274,000
₫2,699,000
₫21,290,000
₫6,195,000
₫2,550,000
₫150,000
₫79,000
₫1,199,000
₫850,000
₫990,000
₫11,390,000
₫539,000
₫1,999,000
₫950,000
₫4,980,000
₫539,000
₫610,000
₫1,199,000
₫168,000
₫3,380,000
₫1,095,000
₫8,690,000
₫1,299,000
₫1,439,000
₫34,890,000
₫1,499,000
₫1,299,000
₫11,200,000
₫520,000
₫37,490,000
₫1,499,000
₫1,499,000
₫2,499,000
₫1,399,000
₫950,000
₫249,000
₫1,290,000
₫999,000
₫17,000
₫17,590,000
₫274,000
₫2,699,000
₫21,290,000
₫6,195,000
₫2,550,000
₫150,000
₫79,000
₫1,199,000
₫850,000
₫990,000
₫11,390,000
₫539,000
₫1,999,000
₫950,000
₫4,980,000
₫539,000
₫610,000
₫1,199,000
₫168,000
₫3,380,000
₫1,095,000
₫8,690,000
₫1,299,000
₫1,439,000
₫34,890,000
₫1,499,000
₫1,299,000
₫11,200,000
₫520,000
₫37,490,000
₫1,499,000
₫1,499,000
₫2,499,000
₫1,399,000
₫950,000
₫249,000
₫1,290,000
₫999,000
₫17,000
₫17,590,000
₫274,000
₫2,699,000
₫21,290,000
₫6,195,000
₫2,550,000
₫150,000
₫79,000
₫1,199,000
₫850,000
₫990,000
₫11,390,000
₫539,000
₫1,999,000
₫950,000
₫4,980,000
₫539,000
₫610,000
₫1,199,000
₫168,000
₫3,380,000
₫1,095,000
₫8,690,000
₫1,299,000
₫1,439,000
₫34,890,000
₫1,499,000
₫1,299,000
₫11,200,000
₫520,000
₫37,490,000
₫1,499,000
₫1,499,000
₫2,499,000
₫1,399,000
₫950,000
₫249,000
₫1,290,000
₫999,000
₫17,000
₫17,590,000
₫274,000
₫2,699,000
₫21,290,000
₫6,195,000
₫2,550,000
₫150,000
₫79,000
₫1,199,000
₫850,000
₫990,000
₫11,390,000
₫539,000
₫1,999,000
₫950,000
₫4,980,000
₫539,000
₫610,000
₫1,199,000
₫168,000
₫3,380,000
₫1,095,000
₫8,690,000
₫1,299,000
₫1,439,000
₫34,890,000
₫1,499,000
₫1,299,000
₫11,200,000
₫520,000
₫37,490,000
₫1,499,000
₫1,499,000
₫2,499,000
₫1,399,000
₫950,000
₫249,000
₫1,290,000
₫999,000
₫17,000
₫17,590,000
₫274,000
₫2,699,000
₫21,290,000
₫6,195,000
₫2,550,000
₫150,000
₫79,000
₫1,199,000
₫850,000
₫990,000
₫11,390,000
₫539,000
₫1,999,000
₫950,000
₫4,980,000
₫539,000
₫610,000
₫1,199,000
₫168,000
₫3,380,000
₫1,095,000
₫8,690,000
₫1,299,000
₫1,439,000
₫34,890,000
₫1,499,000
₫1,299,000
₫11,200,000
₫520,000
₫37,490,000
₫1,499,000
₫1,499,000
₫2,499,000
₫1,399,000
₫950,000
₫249,000
₫1,290,000
₫999,000
₫17,000
₫17,590,000
₫274,000
₫2,699,000
₫21,290,000
₫6,195,000
₫2,550,000
₫150,000
₫79,000
₫1,199,000
₫850,000
₫990,000
₫11,390,000
₫539,000
₫1,999,000
₫950,000
₫4,980,000
₫539,000
₫610,000
₫1,199,000
₫168,000
₫3,380,000
₫1,095,000
₫8,690,000
₫1,299,000
₫1,439,000
₫34,890,000
₫1,499,000
₫1,299,000
₫11,200,000
₫520,000
₫37,490,000
₫1,499,000
₫1,499,000
₫2,499,000
₫1,399,000
₫950,000
₫249,000
₫1,290,000
₫999,000
₫17,000
₫17,590,000
₫274,000
₫2,699,000
₫21,290,000
₫6,195,000
₫2,550,000
₫150,000
₫79,000
₫1,199,000
₫850,000
₫990,000
₫11,390,000
₫539,000
₫1,999,000
₫950,000
₫4,980,000
₫539,000
₫610,000
₫1,199,000
₫168,000
₫3,380,000
₫1,095,000
₫8,690,000
₫1,299,000
₫1,439,000
₫34,890,000
₫1,499,000
₫1,299,000
₫11,200,000
₫520,000
₫37,490,000
₫1,499,000
₫1,499,000
₫2,499,000
₫1,399,000
₫950,000
₫249,000
₫1,290,000
₫999,000
₫17,000
₫17,590,000
₫274,000
₫2,699,000
₫21,290,000
₫6,195,000
₫2,550,000
₫150,000
₫79,000
₫1,199,000
₫850,000
₫990,000
₫11,390,000
₫539,000
₫1,999,000
₫950,000
₫4,980,000
₫539,000
₫610,000
₫1,199,000
₫168,000
₫3,380,000
₫1,095,000
₫8,690,000
₫1,299,000
₫1,439,000
₫34,890,000
₫1,499,000
₫1,299,000
₫11,200,000
₫520,000
₫37,490,000
₫1,499,000
₫1,499,000
₫2,499,000
₫1,399,000
₫950,000
₫249,000
₫1,290,000
₫999,000
₫17,000
₫17,590,000
₫274,000
₫2,699,000
₫21,290,000
₫6,195,000
₫2,550,000
₫150,000
₫79,000
₫1,199,000
₫850,000
₫990,000
₫11,390,000
₫539,000
₫1,999,000
₫950,000
₫4,980,000
₫539,000
₫610,000
₫1,199,000
₫168,000
₫3,380,000
₫1,095,000
₫8,690,000
₫1,299,000
₫1,439,000
₫34,890,000
₫1,499,000
₫1,299,000
₫11,200,000
₫520,000
₫37,490,000
₫1,499,000
₫1,499,000
₫2,499,000
₫1,399,000
₫950,000
₫249,000
₫1,290,000
₫999,000
₫17,000
₫17,590,000
₫274,000
₫2,699,000
₫21,290,000
₫6,195,000
₫2,550,000
₫150,000
₫79,000
₫1,199,000
₫850,000
₫990,000
₫11,390,000
₫539,000
₫1,999,000
₫950,000
₫4,980,000
₫539,000
₫610,000
₫1,199,000
₫168,000
₫3,380,000
₫1,095,000
₫8,690,000
₫1,299,000
₫1,439,000
₫34,890,000
₫1,499,000
₫1,299,000
₫11,200,000
₫520,000
₫37,490,000
₫1,499,000
₫1,499,000
₫2,499,000
₫1,399,000
₫950,000
₫249,000
₫1,290,000
₫999,000
₫17,000
₫17,590,000
₫274,000
₫2,699,000
₫21,290,000
₫6,195,000
₫2,550,000
₫150,000
₫79,000
₫1,199,000
₫850,000
₫990,000
₫11,390,000
₫539,000
₫1,999,000
₫950,000
₫4,980,000
₫539,000
₫610,000
₫1,199,000
₫168,000
₫3,380,000
₫1,095,000
₫8,690,000
₫1,299,000
₫1,439,000
₫34,890,000
₫1,499,000
₫1,299,000
₫11,200,000
₫520,000
₫37,490,000
₫1,499,000
₫1,499,000
₫2,499,000
₫1,399,000
₫950,000
₫249,000
₫1,290,000
₫999,000
₫17,000
₫17,590,000
₫274,000
₫2,699,000
₫21,290,000
₫6,195,000
₫2,550,000
₫150,000
₫79,000
₫1,199,000
₫850,000
₫990,000
₫11,390,000
₫539,000
₫1,999,000
₫950,000
₫4,980,000
₫539,000
₫610,000
₫1,199,000
₫168,000
₫3,380,000
₫1,095,000
₫8,690,000
₫1,299,000
₫1,439,000
₫34,890,000
₫1,499,000
₫1,299,000
₫11,200,000
₫520,000
₫37,490,000
₫1,499,000
₫1,499,000
₫2,499,000
₫1,399,000
₫950,000
₫249,000
₫1,290,000
₫999,000
₫17,000
₫17,590,000
₫274,000
₫2,699,000
₫21,290,000
₫6,195,000
₫2,550,000
₫150,000
₫79,000
₫1,199,000
₫850,000
₫990,000
₫11,390,000
₫539,000
₫1,999,000
₫950,000
₫4,980,000
₫539,000
₫610,000
₫1,199,000
₫168,000
₫3,380,000
₫1,095,000
₫8,690,000
₫1,299,000
₫1,439,000
₫34,890,000
₫1,499,000
₫1,299,000
₫11,200,000
₫520,000
₫37,490,000
₫1,499,000
₫1,499,000
₫2,499,000
₫1,399,000
₫950,000
₫249,000
₫1,290,000
₫999,000
₫17,000
₫17,590,000
₫274,000
₫2,699,000
₫21,290,000
₫6,195,000
₫2,550,000
₫150,000
₫79,000
₫1,199,000
₫850,000
₫990,000
₫11,390,000
₫539,000
₫1,999,000
₫950,000
₫4,980,000
₫539,000
₫610,000
₫1,199,000
₫168,000
₫3,380,000
₫1,095,000
₫8,690,000
₫1,299,000
₫1,439,000
₫34,890,000
₫1,499,000
₫1,299,000
₫11,200,000
₫520,000
₫37,490,000
₫1,499,000
₫1,499,000
₫2,499,000
₫1,399,000
₫950,000
₫249,000
₫1,290,000
₫999,000
₫17,000
₫17,590,000
₫274,000
₫2,699,000
₫21,290,000
₫6,195,000
₫2,550,000
₫150,000
₫79,000
₫1,199,000
₫850,000
₫990,000
₫11,390,000
₫539,000
₫1,999,000
₫950,000
₫4,980,000
₫539,000
₫610,000
₫1,199,000
₫168,000
₫3,380,000
₫1,095,000
₫8,690,000
₫1,299,000
₫1,439,000
₫34,890,000
₫1,499,000
₫1,299,000
₫11,200,000
₫520,000
₫37,490,000
₫1,499,000
₫1,499,000
₫2,499,000
₫1,399,000
₫950,000
₫249,000
₫1,290,000
₫999,000
₫17,000
₫17,590,000
₫274,000
₫2,699,000
₫21,290,000
₫6,195,000
₫2,550,000
₫150,000
₫79,000
₫1,199,000
₫850,000
₫990,000
₫11,390,000
₫539,000
₫1,999,000
₫950,000
₫4,980,000
₫539,000
₫610,000
₫1,199,000
₫168,000
₫3,380,000
₫1,095,000
₫8,690,000
₫1,299,000
₫1,439,000
₫34,890,000
₫1,499,000
₫1,299,000
₫11,200,000
₫520,000
₫37,490,000
₫1,499,000
₫1,499,000
₫2,499,000
₫1,399,000
₫950,000
₫249,000
₫1,290,000
₫999,000
₫17,000
₫17,590,000
₫274,000
₫2,699,000
₫21,290,000
₫6,195,000
₫2,550,000
₫150,000
₫79,000
₫1,199,000
₫850,000
₫990,000
₫11,390,000
₫539,000
₫1,999,000
₫950,000
₫4,980,000
₫539,000
₫610,000
₫1,199,000
₫168,000
₫3,380,000
₫1,095,000
₫8,690,000
₫1,299,000
₫1,439,000
₫34,890,000
₫1,499,000
₫1,299,000
₫11,200,000
₫520,000
₫37,490,000
₫1,499,000
₫1,499,000
₫2,499,000
₫1,399,000
₫950,000
₫249,000
₫1,290,000
₫999,000
₫17,000
₫17,590,000
₫274,000
₫2,699,000
₫21,290,000
₫6,195,000
₫2,550,000
₫150,000
₫79,000
₫1,199,000
₫850,000
₫990,000
₫11,390,000
₫539,000
₫1,999,000
₫950,000
₫4,980,000
₫539,000
₫610,000
₫1,199,000
₫168,000
₫3,380,000
₫1,095,000
₫8,690,000
₫1,299,000
₫1,439,000
₫34,890,000
₫1,499,000
₫1,299,000
₫11,200,000
₫520,000
₫37,490,000
₫1,499,000
₫1,499,000
₫2,499,000
₫1,399,000
₫950,000
₫249,000
₫1,290,000
₫999,000
₫17,000
₫17,590,000
₫274,000
₫2,699,000
₫21,290,000
₫6,195,000
₫2,550,000
₫150,000
₫79,000
₫1,199,000
₫850,000
₫990,000
₫11,390,000
₫539,000
₫1,999,000
₫950,000
₫4,980,000
₫539,000
₫610,000
₫1,199,000
₫168,000
₫3,380,000
₫1,095,000
₫8,690,000
₫1,299,000
₫1,439,000
₫34,890,000
₫1,499,000
₫1,299,000
₫11,200,000
₫520,000
₫37,490,000
₫1,499,000
₫1,499,000
₫2,499,000
₫1,399,000
₫950,000
₫249,000
₫1,290,000
₫999,000
₫17,000
₫17,590,000
₫274,000
₫2,699,000
₫21,290,000
₫6,195,000
₫2,550,000
₫150,000
₫79,000
₫1,199,000
₫850,000
₫990,000
₫11,390,000
₫539,000
₫1,999,000
₫950,000
₫4,980,000
₫539,000
₫610,000
₫1,199,000
₫168,000
₫3,380,000
₫1,095,000
₫8,690,000
₫1,299,000
₫1,439,000
₫34,890,000
₫1,499,000
₫1,299,000
₫11,200,000
₫520,000
₫37,490,000
₫1,499,000
₫1,499,000
₫2,499,000
₫1,399,000
₫950,000
₫249,000
₫1,290,000
₫999,000
₫17,000
₫17,590,000
₫274,000
₫2,699,000
₫21,290,000
₫6,195,000
₫2,550,000
₫150,000
₫79,000
₫1,199,000
₫850,000
₫990,000
₫11,390,000
₫539,000
₫1,999,000
₫950,000
₫4,980,000
₫539,000
₫610,000
₫1,199,000
₫168,000
₫3,380,000
₫1,095,000
₫8,690,000
₫1,299,000
₫1,439,000
₫34,890,000
₫1,499,000
₫1,299,000
₫11,200,000
₫520,000
₫37,490,000
₫1,499,000
₫1,499,000
₫2,499,000
₫1,399,000
₫950,000
₫249,000
₫1,290,000
₫999,000
₫17,000
₫17,590,000
₫274,000
₫2,699,000
₫21,290,000
₫6,195,000
₫2,550,000
₫150,000
₫79,000
₫1,199,000
₫850,000
₫990,000
₫11,390,000
₫539,000
₫1,999,000
₫950,000
₫4,980,000
₫539,000
₫610,000
₫1,199,000
₫168,000
₫3,380,000
₫1,095,000
₫8,690,000
₫1,299,000
₫1,439,000
₫34,890,000
₫1,499,000
₫1,299,000
₫11,200,000
₫520,000
₫37,490,000
₫1,499,000
₫1,499,000
₫2,499,000
₫1,399,000
₫950,000
₫249,000
₫1,290,000
₫999,000
₫17,000
₫17,590,000
₫274,000
₫2,699,000
₫21,290,000
₫6,195,000
₫2,550,000
₫150,000
₫79,000
₫1,199,000
₫850,000
₫990,000
₫11,390,000
₫539,000
₫1,999,000
₫950,000
₫4,980,000
₫539,000
₫610,000
₫1,199,000
₫168,000
₫3,380,000
₫1,095,000
₫8,690,000
₫1,299,000
₫1,439,000
₫34,890,000
₫1,499,000
₫1,299,000
₫11,200,000
₫520,000
₫37,490,000
₫1,499,000
₫1,499,000
₫2,499,000
₫1,399,000
₫950,000
₫249,000
₫1,290,000
₫999,000
₫17,000
₫17,590,000
₫274,000
₫2,699,000
₫21,290,000
₫6,195,000
₫2,550,000
₫150,000
₫79,000
₫1,199,000
₫850,000
₫990,000
₫11,390,000
₫539,000
₫1,999,000
₫950,000
₫4,980,000
₫539,000
₫610,000
₫1,199,000
₫168,000
₫3,380,000
₫1,095,000
₫8,690,000
₫1,299,000
₫1,439,000
₫34,890,000
₫1,499,000
₫1,299,000
₫11,200,000
₫520,000
₫37,490,000
₫1,499,000
₫1,499,000
₫2,499,000
₫1,399,000
₫950,000
₫249,000
₫1,290,000
₫999,000
₫17,000
₫17,590,000
₫274,000
₫2,699,000
₫21,290,000
₫6,195,000
₫2,550,000
₫150,000
₫79,000
₫1,199,000
₫850,000
₫990,000
₫11,390,000
₫539,000
₫1,999,000
₫950,000
₫4,980,000
₫539,000
₫610,000
₫1,199,000
₫168,000
₫3,380,000
₫1,095,000
₫8,690,000
₫1,299,000
₫1,439,000
₫34,890,000
₫1,499,000
₫1,299,000
₫11,200,000
₫520,000
₫37,490,000
₫1,499,000
₫1,499,000
₫2,499,000
₫1,399,000
₫950,000
₫249,000
₫1,290,000
₫999,000
₫17,000
₫17,590,000
₫274,000
₫2,699,000
₫21,290,000
₫6,195,000
₫2,550,000
₫150,000
₫79,000
₫1,199,000
₫850,000
₫990,000
₫11,390,000
₫539,000
₫1,999,000
₫950,000
₫4,980,000
₫539,000
₫610,000
₫1,199,000
₫168,000
₫3,380,000
₫1,095,000
₫8,690,000
₫1,299,000
₫1,439,000
₫34,890,000
₫1,499,000
₫1,299,000
₫11,200,000
₫520,000
₫37,490,000
₫1,499,000
₫1,499,000
₫2,499,000
₫1,399,000
₫950,000
₫249,000
₫1,290,000
₫999,000
₫17,000
₫17,590,000
₫274,000
₫2,699,000
₫21,290,000
₫6,195,000
₫2,550,000
₫150,000
₫79,000
₫1,199,000
₫850,000
₫990,000
₫11,390,000
₫539,000
₫1,999,000
₫950,000
₫4,980,000
₫539,000
₫610,000
₫1,199,000
₫168,000
₫3,380,000
₫1,095,000
₫8,690,000
₫1,299,000
₫1,439,000
₫34,890,000
₫1,499,000
₫1,299,000
₫11,200,000
₫520,000
₫37,490,000
₫1,499,000
₫1,499,000
₫2,499,000
₫1,399,000
₫950,000
₫249,000
₫1,290,000
₫999,000
₫17,000
₫17,590,000
₫274,000
₫2,699,000
₫21,290,000
₫6,195,000
₫2,550,000
₫150,000
₫79,000
₫1,199,000
₫850,000
₫990,000
₫11,390,000
₫539,000
₫1,999,000
₫950,000
₫4,980,000
₫539,000
₫610,000
₫1,199,000
₫168,000
₫3,380,000
₫1,095,000
₫8,690,000
₫1,299,000
₫1,439,000
₫34,890,000
₫1,499,000
₫1,299,000
₫11,200,000
₫520,000
₫37,490,000
₫1,499,000
₫1,499,000
₫2,499,000
₫1,399,000
₫950,000
₫249,000
₫1,290,000
₫999,000
₫17,000
₫17,590,000
₫274,000
₫2,699,000
₫21,290,000
₫6,195,000
₫2,550,000
₫150,000
₫79,000
₫1,199,000
₫850,000
₫990,000
₫11,390,000
₫539,000
₫1,999,000
₫950,000
₫4,980,000
₫539,000
₫610,000
₫1,199,000
₫168,000
₫3,380,000
₫1,095,000
₫8,690,000
₫1,299,000
₫1,439,000
₫34,890,000
₫1,499,000
₫1,299,000
₫11,200,000
₫520,000
₫37,490,000
₫1,499,000
₫1,499,000
₫2,499,000
₫1,399,000
₫950,000
₫249,000
₫1,290,000
₫999,000
₫17,000
₫17,590,000
₫274,000
₫2,699,000
₫21,290,000
₫6,195,000
₫2,550,000
₫150,000
₫79,000
₫1,199,000
₫850,000
₫990,000
₫11,390,000
₫539,000
₫1,999,000
₫950,000
₫4,980,000
₫539,000
₫610,000
₫1,199,000
₫168,000
₫3,380,000
₫1,095,000
₫8,690,000
₫1,299,000
₫1,439,000
₫34,890,000
₫1,499,000
₫1,299,000
₫11,200,000
₫520,000
₫37,490,000
₫1,499,000
₫1,499,000
₫2,499,000
₫1,399,000
₫950,000
₫249,000
₫1,290,000
₫999,000
₫17,000
₫17,590,000
₫274,000
₫2,699,000
₫21,290,000
₫6,195,000
₫2,550,000
₫150,000
₫79,000
₫1,199,000
₫850,000
₫990,000
₫11,390,000
₫539,000
₫1,999,000
₫950,000
₫4,980,000
₫539,000
₫610,000
₫1,199,000
₫168,000
₫3,380,000
₫1,095,000
₫8,690,000
₫1,299,000
₫1,439,000
₫34,890,000
₫1,499,000
₫1,299,000
₫11,200,000
₫520,000
₫37,490,000
₫1,499,000
₫1,499,000
₫2,499,000
₫1,399,000
₫950,000
₫249,000
₫1,290,000
₫999,000
₫17,000
₫17,590,000
₫274,000
₫2,699,000
₫21,290,000
₫6,195,000
₫2,550,000
₫150,000
₫79,000
₫1,199,000
₫850,000
₫990,000
₫11,390,000
₫539,000
₫1,999,000
₫950,000
₫4,980,000
₫539,000
₫610,000
₫1,199,000
₫168,000
₫3,380,000
₫1,095,000
₫8,690,000
₫1,299,000
₫1,439,000
₫34,890,000
₫1,499,000
₫1,299,000
₫11,200,000
₫520,000
₫37,490,000
₫1,499,000
₫1,499,000
₫2,499,000
₫1,399,000
₫950,000
₫249,000
₫1,290,000
₫999,000
₫17,000
₫17,590,000
₫274,000
₫2,699,000
₫21,290,000
₫6,195,000
₫2,550,000
₫150,000
₫79,000
₫1,199,000
₫850,000
₫990,000
₫11,390,000
₫539,000
₫1,999,000
₫950,000
₫4,980,000
₫539,000
₫610,000
₫1,199,000
₫168,000
₫3,380,000
₫1,095,000
₫8,690,000
₫1,299,000
₫1,439,000
₫34,890,000
₫1,499,000
₫1,299,000
₫11,200,000
₫520,000
₫37,490,000
₫1,499,000
₫1,499,000
₫2,499,000
₫1,399,000
₫950,000
₫249,000
₫1,290,000
₫999,000
₫17,000
₫17,590,000
₫274,000
₫2,699,000
₫21,290,000
₫6,195,000
₫2,550,000
₫150,000
₫79,000
₫1,199,000
₫850,000
₫990,000
₫11,390,000
₫539,000
₫1,999,000
₫950,000
₫4,980,000
₫539,000
₫610,000
₫1,199,000
₫168,000
₫3,380,000
₫1,095,000
₫8,690,000
₫1,299,000
₫1,439,000
₫34,890,000
₫1,499,000
₫1,299,000
₫11,200,000
₫520,000
₫37,490,000
₫1,499,000
₫1,499,000
₫2,499,000
₫1,399,000
₫950,000
₫249,000
₫1,290,000
₫999,000
₫17,000
₫17,590,000
₫274,000
₫2,699,000
₫21,290,000
₫6,195,000
₫2,550,000
₫150,000
₫79,000
₫1,199,000
₫850,000
₫990,000
₫11,390,000
₫539,000
₫1,999,000
₫950,000
₫4,980,000
₫539,000
₫610,000
₫1,199,000
₫168,000
₫3,380,000
₫1,095,000
₫8,690,000
₫1,299,000
₫1,439,000
₫34,890,000
₫1,499,000
₫1,299,000
₫11,200,000
₫520,000
₫37,490,000
₫1,499,000
₫1,499,000
₫2,499,000
₫1,399,000
₫950,000
₫249,000
₫1,290,000
₫999,000
₫17,000
₫17,590,000
₫274,000
₫2,699,000
₫21,290,000
₫6,195,000
₫2,550,000
₫150,000
₫79,000
₫1,199,000
₫850,000
₫990,000
₫11,390,000
₫539,000
₫1,999,000
₫950,000
₫4,980,000
₫539,000
₫610,000
₫1,199,000
₫168,000
₫3,380,000
₫1,095,000
₫8,690,000
₫1,299,000
₫1,439,000
₫34,890,000
₫1,499,000
₫1,299,000
₫11,200,000
₫520,000
₫37,490,000
₫1,499,000
₫1,499,000
₫2,499,000
₫1,399,000
₫950,000
₫249,000
₫1,290,000
₫999,000
₫17,000
₫17,590,000
₫274,000
₫2,699,000
₫21,290,000
₫6,195,000
₫2,550,000
₫150,000
₫79,000
₫1,199,000
₫850,000
₫990,000
₫11,390,000
₫539,000
₫1,999,000
₫950,000
₫4,980,000
₫539,000
₫610,000
₫1,199,000
₫168,000
₫3,380,000
₫1,095,000
₫8,690,000
₫1,299,000
₫1,439,000
₫34,890,000
₫1,499,000
₫1,299,000
₫11,200,000
₫520,000
₫37,490,000
₫1,499,000
₫1,499,000
₫2,499,000
₫1,399,000
₫950,000
₫249,000
₫1,290,000
₫999,000
₫17,000
₫17,590,000
₫274,000
₫2,699,000
₫21,290,000
₫6,195,000
₫2,550,000
₫150,000
₫79,000
₫1,199,000
₫850,000
₫990,000
₫11,390,000
₫539,000
₫1,999,000
₫950,000
₫4,980,000
₫539,000
₫610,000
₫1,199,000
₫168,000
₫3,380,000
₫1,095,000
₫8,690,000
₫1,299,000
₫1,439,000
₫34,890,000
₫1,499,000
₫1,299,000
₫11,200,000
₫520,000
₫37,490,000
₫1,499,000
₫1,499,000
₫2,499,000
₫1,399,000
₫950,000
₫249,000
₫1,290,000
₫999,000
₫17,000
₫17,590,000
₫274,000
₫2,699,000
₫21,290,000
₫6,195,000
₫2,550,000
₫150,000
₫79,000
₫1,199,000
₫850,000
₫990,000
₫11,390,000
₫539,000
₫1,999,000
₫950,000
₫4,980,000
₫539,000
₫610,000
₫1,199,000
₫168,000
₫3,380,000
₫1,095,000
₫8,690,000
₫1,299,000
₫1,439,000
₫34,890,000
₫1,499,000
₫1,299,000
₫11,200,000
₫520,000
₫37,490,000
₫1,499,000
₫1,499,000
₫2,499,000
₫1,399,000
₫950,000
₫249,000
₫1,290,000
₫999,000
₫17,000
₫17,590,000
₫274,000
₫2,699,000
₫21,290,000
₫6,195,000
₫2,550,000
₫150,000
₫79,000
₫1,199,000
₫850,000
₫990,000
₫11,390,000
₫539,000
₫1,999,000
₫950,000
₫4,980,000
₫539,000
₫610,000
₫1,199,000
₫168,000
₫3,380,000
₫1,095,000
₫8,690,000
₫1,299,000
₫1,439,000
₫34,890,000
₫1,499,000
₫1,299,000
₫11,200,000
₫520,000
₫37,490,000
₫1,499,000
₫1,499,000
₫2,499,000
₫1,399,000
₫950,000
₫249,000
₫1,290,000
₫999,000
₫17,000
₫17,590,000
₫274,000
₫2,699,000
₫21,290,000
₫6,195,000
₫2,550,000
₫150,000
₫79,000
₫1,199,000
₫850,000
₫990,000
₫11,390,000
