₫3,435,000
₫1,849,000
₫3,699,000
₫10,090,000
₫6,960,000
₫301,000
₫2,419,000
₫2,399,000
₫6,519,000
₫9,274,000
₫4,290,000
₫218,000
₫3,339,000
₫6,690,000
₫8,989,000
₫83,000
₫544,000
₫3,620,000
₫3,199,000
₫7,440,000
₫163,000
₫4,150,000
₫905,000
₫1,545,000
₫551,000
₫68,000
₫538,400
₫355,500
₫2,490,000
₫770,000
₫1,890,000
₫1,180,000
₫2,369,000
₫5,150,000
₫8,490,000
₫3,198,000
₫2,425,000
₫2,190,000
₫132,000
₫126,000
₫3,435,000
₫1,849,000
₫3,699,000
₫10,090,000
₫6,960,000
₫301,000
₫2,419,000
₫2,399,000
₫6,519,000
₫9,274,000
₫4,290,000
₫218,000
₫3,339,000
₫6,690,000
₫8,989,000
₫83,000
₫544,000
₫3,620,000
₫3,199,000
₫7,440,000
₫163,000
₫4,150,000
₫905,000
₫1,545,000
₫551,000
₫68,000
₫538,400
₫355,500
₫2,490,000
₫770,000
₫1,890,000
₫1,180,000
₫2,369,000
₫5,150,000
₫8,490,000
₫3,198,000
₫2,425,000
₫2,190,000
₫132,000
₫126,000
₫3,435,000
₫1,849,000
₫3,699,000
₫10,090,000
₫6,960,000
₫301,000
₫2,419,000
₫2,399,000
₫6,519,000
₫9,274,000
₫4,290,000
₫218,000
₫3,339,000
₫6,690,000
₫8,989,000
₫83,000
₫544,000
₫3,620,000
₫3,199,000
₫7,440,000
₫163,000
₫4,150,000
₫905,000
₫1,545,000
₫551,000
₫68,000
₫538,400
₫355,500
₫2,490,000
₫770,000
₫1,890,000
₫1,180,000
₫2,369,000
₫5,150,000
₫8,490,000
₫3,198,000
₫2,425,000
₫2,190,000
₫132,000
₫126,000
₫3,435,000
₫1,849,000
₫3,699,000
₫10,090,000
₫6,960,000
₫301,000
₫2,419,000
₫2,399,000
₫6,519,000
₫9,274,000
₫4,290,000
₫218,000
₫3,339,000
₫6,690,000
₫8,989,000
₫83,000
₫544,000
₫3,620,000
₫3,199,000
₫7,440,000
₫163,000
₫4,150,000
₫905,000
₫1,545,000
₫551,000
₫68,000
₫538,400
₫355,500
₫2,490,000
₫770,000
₫1,890,000
₫1,180,000
₫2,369,000
₫5,150,000
₫8,490,000
₫3,198,000
₫2,425,000
₫2,190,000
₫132,000
₫126,000
₫3,435,000
₫1,849,000
₫3,699,000
₫10,090,000
₫6,960,000
₫301,000
₫2,419,000
₫2,399,000
₫6,519,000
₫9,274,000
₫4,290,000
₫218,000
₫3,339,000
₫6,690,000
₫8,989,000
₫83,000
₫544,000
₫3,620,000
₫3,199,000
₫7,440,000
₫163,000
₫4,150,000
₫905,000
₫1,545,000
₫551,000
₫68,000
₫538,400
₫355,500
₫2,490,000
₫770,000
₫1,890,000
₫1,180,000
₫2,369,000
₫5,150,000
₫8,490,000
₫3,198,000
₫2,425,000
₫2,190,000
₫132,000
₫126,000
₫3,435,000
₫1,849,000
₫3,699,000
₫10,090,000
₫6,960,000
₫301,000
₫2,419,000
₫2,399,000
₫6,519,000
₫9,274,000
₫4,290,000
₫218,000
₫3,339,000
₫6,690,000
₫8,989,000
₫83,000
₫544,000
₫3,620,000
₫3,199,000
₫7,440,000
₫163,000
₫4,150,000
₫905,000
₫1,545,000
₫551,000
₫68,000
₫538,400
₫355,500
₫2,490,000
₫770,000
₫1,890,000
₫1,180,000
₫2,369,000
₫5,150,000
₫8,490,000
₫3,198,000
₫2,425,000
₫2,190,000
₫132,000
₫126,000
₫3,435,000
₫1,849,000
₫3,699,000
₫10,090,000
₫6,960,000
₫301,000
₫2,419,000
₫2,399,000
₫6,519,000
₫9,274,000
₫4,290,000
₫218,000
₫3,339,000
₫6,690,000
₫8,989,000
₫83,000
₫544,000
₫3,620,000
₫3,199,000
₫7,440,000
₫163,000
₫4,150,000
₫905,000
₫1,545,000
₫551,000
₫68,000
₫538,400
₫355,500
₫2,490,000
₫770,000
₫1,890,000
₫1,180,000
₫2,369,000
₫5,150,000
₫8,490,000
₫3,198,000
₫2,425,000
₫2,190,000
₫132,000
₫126,000
₫3,435,000
₫1,849,000
₫3,699,000
₫10,090,000
₫6,960,000
₫301,000
₫2,419,000
₫2,399,000
₫6,519,000
₫9,274,000
₫4,290,000
₫218,000
₫3,339,000
₫6,690,000
₫8,989,000
₫83,000
₫544,000
₫3,620,000
₫3,199,000
₫7,440,000
₫163,000
₫4,150,000
₫905,000
₫1,545,000
₫551,000
₫68,000
₫538,400
₫355,500
₫2,490,000
₫770,000
₫1,890,000
₫1,180,000
₫2,369,000
₫5,150,000
₫8,490,000
₫3,198,000
₫2,425,000
₫2,190,000
₫132,000
₫126,000
₫3,435,000
₫1,849,000
₫3,699,000
₫10,090,000
₫6,960,000
₫301,000
₫2,419,000
₫2,399,000
₫6,519,000
₫9,274,000
₫4,290,000
₫218,000
₫3,339,000
₫6,690,000
₫8,989,000
₫83,000
₫544,000
₫3,620,000
₫3,199,000
₫7,440,000
₫163,000
₫4,150,000
₫905,000
₫1,545,000
₫551,000
₫68,000
₫538,400
₫355,500
₫2,490,000
₫770,000
₫1,890,000
₫1,180,000
₫2,369,000
₫5,150,000
₫8,490,000
₫3,198,000
₫2,425,000
₫2,190,000
₫132,000
₫126,000
₫3,435,000
₫1,849,000
₫3,699,000
₫10,090,000
₫6,960,000
₫301,000
₫2,419,000
₫2,399,000
₫6,519,000
₫9,274,000
₫4,290,000
₫218,000
₫3,339,000
₫6,690,000
₫8,989,000
₫83,000
₫544,000
₫3,620,000
₫3,199,000
₫7,440,000
₫163,000
₫4,150,000
₫905,000
₫1,545,000
₫551,000
₫68,000
₫538,400
₫355,500
₫2,490,000
₫770,000
₫1,890,000
₫1,180,000
₫2,369,000
₫5,150,000
₫8,490,000
₫3,198,000
₫2,425,000
₫2,190,000
₫132,000
₫126,000
₫3,435,000
₫1,849,000
₫3,699,000
₫10,090,000
₫6,960,000
₫301,000
₫2,419,000
₫2,399,000
₫6,519,000
₫9,274,000
₫4,290,000
₫218,000
₫3,339,000
₫6,690,000
₫8,989,000
₫83,000
₫544,000
₫3,620,000
₫3,199,000
₫7,440,000
₫163,000
₫4,150,000
₫905,000
₫1,545,000
₫551,000
₫68,000
₫538,400
₫355,500
₫2,490,000
₫770,000
₫1,890,000
₫1,180,000
₫2,369,000
₫5,150,000
₫8,490,000
₫3,198,000
₫2,425,000
₫2,190,000
₫132,000
₫126,000
₫3,435,000
₫1,849,000
₫3,699,000
₫10,090,000
₫6,960,000
₫301,000
₫2,419,000
₫2,399,000
₫6,519,000
₫9,274,000
₫4,290,000
₫218,000
₫3,339,000
₫6,690,000
₫8,989,000
₫83,000
₫544,000
₫3,620,000
₫3,199,000
₫7,440,000
₫163,000
₫4,150,000
₫905,000
₫1,545,000
₫551,000
₫68,000
₫538,400
₫355,500
₫2,490,000
₫770,000
₫1,890,000
₫1,180,000
₫2,369,000
₫5,150,000
₫8,490,000
₫3,198,000
₫2,425,000
₫2,190,000
₫132,000
₫126,000
₫3,435,000
₫1,849,000
₫3,699,000
₫10,090,000
₫6,960,000
₫301,000
₫2,419,000
₫2,399,000
₫6,519,000
₫9,274,000
₫4,290,000
₫218,000
₫3,339,000
₫6,690,000
₫8,989,000
₫83,000
₫544,000
₫3,620,000
₫3,199,000
₫7,440,000
₫163,000
₫4,150,000
₫905,000
₫1,545,000
₫551,000
₫68,000
₫538,400
₫355,500
₫2,490,000
₫770,000
₫1,890,000
₫1,180,000
₫2,369,000
₫5,150,000
₫8,490,000
₫3,198,000
₫2,425,000
₫2,190,000
₫132,000
₫126,000
₫3,435,000
₫1,849,000
₫3,699,000
₫10,090,000
₫6,960,000
₫301,000
₫2,419,000
₫2,399,000
₫6,519,000
₫9,274,000
₫4,290,000
₫218,000
₫3,339,000
₫6,690,000
₫8,989,000
₫83,000
₫544,000
₫3,620,000
₫3,199,000
₫7,440,000
₫163,000
₫4,150,000
₫905,000
₫1,545,000
₫551,000
₫68,000
₫538,400
₫355,500
₫2,490,000
₫770,000
₫1,890,000
₫1,180,000
₫2,369,000
₫5,150,000
₫8,490,000
₫3,198,000
₫2,425,000
₫2,190,000
₫132,000
₫126,000
₫3,435,000
₫1,849,000
₫3,699,000
₫10,090,000
₫6,960,000
₫301,000
₫2,419,000
₫2,399,000
₫6,519,000
₫9,274,000
₫4,290,000
₫218,000
₫3,339,000
₫6,690,000
₫8,989,000
₫83,000
₫544,000
₫3,620,000
₫3,199,000
₫7,440,000
₫163,000
₫4,150,000
₫905,000
₫1,545,000
₫551,000
₫68,000
₫538,400
₫355,500
₫2,490,000
₫770,000
₫1,890,000
₫1,180,000
₫2,369,000
₫5,150,000
₫8,490,000
₫3,198,000
₫2,425,000
₫2,190,000
₫132,000
₫126,000
₫3,435,000
₫1,849,000
₫3,699,000
₫10,090,000
₫6,960,000
₫301,000
₫2,419,000
₫2,399,000
₫6,519,000
₫9,274,000
₫4,290,000
₫218,000
₫3,339,000
₫6,690,000
₫8,989,000
₫83,000
₫544,000
₫3,620,000
₫3,199,000
₫7,440,000
₫163,000
₫4,150,000
₫905,000
₫1,545,000
₫551,000
₫68,000
₫538,400
₫355,500
₫2,490,000
₫770,000
₫1,890,000
₫1,180,000
₫2,369,000
₫5,150,000
₫8,490,000
₫3,198,000
₫2,425,000
₫2,190,000
₫132,000
₫126,000
₫3,435,000
₫1,849,000
₫3,699,000
₫10,090,000
₫6,960,000
₫301,000
₫2,419,000
₫2,399,000
₫6,519,000
₫9,274,000
₫4,290,000
₫218,000
₫3,339,000
₫6,690,000
₫8,989,000
₫83,000
₫544,000
₫3,620,000
₫3,199,000
₫7,440,000
₫163,000
₫4,150,000
₫905,000
₫1,545,000
₫551,000
₫68,000
₫538,400
₫355,500
₫2,490,000
₫770,000
₫1,890,000
₫1,180,000
₫2,369,000
₫5,150,000
₫8,490,000
₫3,198,000
₫2,425,000
₫2,190,000
₫132,000
₫126,000
₫3,435,000
₫1,849,000
₫3,699,000
₫10,090,000
₫6,960,000
₫301,000
₫2,419,000
₫2,399,000
₫6,519,000
₫9,274,000
₫4,290,000
₫218,000
₫3,339,000
₫6,690,000
₫8,989,000
₫83,000
₫544,000
₫3,620,000
₫3,199,000
₫7,440,000
₫163,000
₫4,150,000
₫905,000
₫1,545,000
₫551,000
₫68,000
₫538,400
₫355,500
₫2,490,000
₫770,000
₫1,890,000
₫1,180,000
₫2,369,000
₫5,150,000
₫8,490,000
₫3,198,000
₫2,425,000
₫2,190,000
₫132,000
₫126,000
₫3,435,000
₫1,849,000
₫3,699,000
₫10,090,000
₫6,960,000
₫301,000
₫2,419,000
₫2,399,000
₫6,519,000
₫9,274,000
₫4,290,000
₫218,000
₫3,339,000
₫6,690,000
₫8,989,000
₫83,000
₫544,000
₫3,620,000
₫3,199,000
₫7,440,000
₫163,000
₫4,150,000
₫905,000
₫1,545,000
₫551,000
₫68,000
₫538,400
₫355,500
₫2,490,000
₫770,000
₫1,890,000
₫1,180,000
₫2,369,000
₫5,150,000
₫8,490,000
₫3,198,000
₫2,425,000
₫2,190,000
₫132,000
₫126,000
₫3,435,000
₫1,849,000
₫3,699,000
₫10,090,000
₫6,960,000
₫301,000
₫2,419,000
₫2,399,000
₫6,519,000
₫9,274,000
₫4,290,000
₫218,000
₫3,339,000
₫6,690,000
₫8,989,000
₫83,000
₫544,000
₫3,620,000
₫3,199,000
₫7,440,000
₫163,000
₫4,150,000
₫905,000
₫1,545,000
₫551,000
₫68,000
₫538,400
₫355,500
₫2,490,000
₫770,000
₫1,890,000
₫1,180,000
₫2,369,000
₫5,150,000
₫8,490,000
₫3,198,000
₫2,425,000
₫2,190,000
₫132,000
₫126,000
₫3,435,000
₫1,849,000
₫3,699,000
₫10,090,000
₫6,960,000
₫301,000
₫2,419,000
₫2,399,000
₫6,519,000
₫9,274,000
₫4,290,000
₫218,000
₫3,339,000
₫6,690,000
₫8,989,000
₫83,000
₫544,000
₫3,620,000
₫3,199,000
₫7,440,000
₫163,000
₫4,150,000
₫905,000
₫1,545,000
₫551,000
₫68,000
₫538,400
₫355,500
₫2,490,000
₫770,000
₫1,890,000
₫1,180,000
₫2,369,000
₫5,150,000
₫8,490,000
₫3,198,000
₫2,425,000
₫2,190,000
₫132,000
₫126,000
₫3,435,000
₫1,849,000
₫3,699,000
₫10,090,000
₫6,960,000
₫301,000
₫2,419,000
₫2,399,000
₫6,519,000
₫9,274,000
₫4,290,000
₫218,000
₫3,339,000
₫6,690,000
₫8,989,000
₫83,000
₫544,000
₫3,620,000
₫3,199,000
₫7,440,000
₫163,000
₫4,150,000
₫905,000
₫1,545,000
₫551,000
₫68,000
₫538,400
₫355,500
₫2,490,000
₫770,000
₫1,890,000
₫1,180,000
₫2,369,000
₫5,150,000
₫8,490,000
₫3,198,000
₫2,425,000
₫2,190,000
₫132,000
₫126,000
₫3,435,000
₫1,849,000
₫3,699,000
₫10,090,000
₫6,960,000
₫301,000
₫2,419,000
₫2,399,000
₫6,519,000
₫9,274,000
₫4,290,000
₫218,000
₫3,339,000
₫6,690,000
₫8,989,000
₫83,000
₫544,000
₫3,620,000
₫3,199,000
₫7,440,000
₫163,000
₫4,150,000
₫905,000
₫1,545,000
₫551,000
₫68,000
₫538,400
₫355,500
₫2,490,000
₫770,000
₫1,890,000
₫1,180,000
₫2,369,000
₫5,150,000
₫8,490,000
₫3,198,000
₫2,425,000
₫2,190,000
₫132,000
₫126,000
₫3,435,000
₫1,849,000
₫3,699,000
₫10,090,000
₫6,960,000
₫301,000
₫2,419,000
₫2,399,000
₫6,519,000
₫9,274,000
₫4,290,000
₫218,000
₫3,339,000
₫6,690,000
₫8,989,000
₫83,000
₫544,000
₫3,620,000
₫3,199,000
₫7,440,000
₫163,000
₫4,150,000
₫905,000
₫1,545,000
₫551,000
₫68,000
₫538,400
₫355,500
₫2,490,000
₫770,000
₫1,890,000
₫1,180,000
₫2,369,000
₫5,150,000
₫8,490,000
₫3,198,000
₫2,425,000
₫2,190,000
₫132,000
₫126,000
₫3,435,000
₫1,849,000
₫3,699,000
₫10,090,000
₫6,960,000
₫301,000
₫2,419,000
₫2,399,000
₫6,519,000
₫9,274,000
₫4,290,000
₫218,000
₫3,339,000
₫6,690,000
₫8,989,000
₫83,000
₫544,000
₫3,620,000
₫3,199,000
₫7,440,000
₫163,000
₫4,150,000
₫905,000
₫1,545,000
₫551,000
₫68,000
₫538,400
₫355,500
₫2,490,000
₫770,000
₫1,890,000
₫1,180,000
₫2,369,000
₫5,150,000
₫8,490,000
₫3,198,000
₫2,425,000
₫2,190,000
₫132,000
₫126,000
₫3,435,000
₫1,849,000
₫3,699,000
₫10,090,000
₫6,960,000
₫301,000
₫2,419,000
₫2,399,000
₫6,519,000
₫9,274,000
₫4,290,000
₫218,000
₫3,339,000
₫6,690,000
₫8,989,000
₫83,000
₫544,000
₫3,620,000
₫3,199,000
₫7,440,000
₫163,000
₫4,150,000
₫905,000
₫1,545,000
₫551,000
₫68,000
₫538,400
₫355,500
₫2,490,000
₫770,000
₫1,890,000
₫1,180,000
₫2,369,000
₫5,150,000
₫8,490,000
₫3,198,000
₫2,425,000
₫2,190,000
₫132,000
₫126,000
₫3,435,000
₫1,849,000
₫3,699,000
₫10,090,000
₫6,960,000
₫301,000
₫2,419,000
₫2,399,000
₫6,519,000
₫9,274,000
₫4,290,000
₫218,000
₫3,339,000
₫6,690,000
₫8,989,000
₫83,000
₫544,000
₫3,620,000
₫3,199,000
₫7,440,000
₫163,000
₫4,150,000
₫905,000
₫1,545,000
₫551,000
₫68,000
₫538,400
₫355,500
₫2,490,000
₫770,000
₫1,890,000
₫1,180,000
₫2,369,000
₫5,150,000
₫8,490,000
₫3,198,000
₫2,425,000
₫2,190,000
₫132,000
₫126,000
₫3,435,000
₫1,849,000
₫3,699,000
₫10,090,000
₫6,960,000
₫301,000
₫2,419,000
₫2,399,000
₫6,519,000
₫9,274,000
₫4,290,000
₫218,000
₫3,339,000
₫6,690,000
₫8,989,000
₫83,000
₫544,000
₫3,620,000
₫3,199,000
₫7,440,000
₫163,000
₫4,150,000
₫905,000
₫1,545,000
₫551,000
₫68,000
₫538,400
₫355,500
₫2,490,000
₫770,000
₫1,890,000
₫1,180,000
₫2,369,000
₫5,150,000
₫8,490,000
₫3,198,000
₫2,425,000
₫2,190,000
₫132,000
₫126,000
₫3,435,000
₫1,849,000
₫3,699,000
₫10,090,000
₫6,960,000
₫301,000
₫2,419,000
₫2,399,000
₫6,519,000
₫9,274,000
₫4,290,000
₫218,000
₫3,339,000
₫6,690,000
₫8,989,000
₫83,000
₫544,000
₫3,620,000
₫3,199,000
₫7,440,000
₫163,000
₫4,150,000
₫905,000
₫1,545,000
₫551,000
₫68,000
₫538,400
₫355,500
₫2,490,000
₫770,000
₫1,890,000
₫1,180,000
₫2,369,000
₫5,150,000
₫8,490,000
₫3,198,000
₫2,425,000
₫2,190,000
₫132,000
₫126,000
₫3,435,000
₫1,849,000
₫3,699,000
₫10,090,000
₫6,960,000
₫301,000
₫2,419,000
₫2,399,000
₫6,519,000
₫9,274,000
₫4,290,000
₫218,000
₫3,339,000
₫6,690,000
₫8,989,000
₫83,000
₫544,000
₫3,620,000
₫3,199,000
₫7,440,000
₫163,000
₫4,150,000
₫905,000
₫1,545,000
₫551,000
₫68,000
₫538,400
₫355,500
₫2,490,000
₫770,000
₫1,890,000
₫1,180,000
₫2,369,000
₫5,150,000
₫8,490,000
₫3,198,000
₫2,425,000
₫2,190,000
₫132,000
₫126,000
₫3,435,000
₫1,849,000
₫3,699,000
₫10,090,000
₫6,960,000
₫301,000
₫2,419,000
₫2,399,000
₫6,519,000
₫9,274,000
₫4,290,000
₫218,000
₫3,339,000
₫6,690,000
₫8,989,000
₫83,000
₫544,000
₫3,620,000
₫3,199,000
₫7,440,000
₫163,000
₫4,150,000
₫905,000
₫1,545,000
₫551,000
₫68,000
₫538,400
₫355,500
₫2,490,000
₫770,000
₫1,890,000
₫1,180,000
₫2,369,000
₫5,150,000
₫8,490,000
₫3,198,000
₫2,425,000
₫2,190,000
₫132,000
₫126,000
₫3,435,000
₫1,849,000
₫3,699,000
₫10,090,000
₫6,960,000
₫301,000
₫2,419,000
₫2,399,000
₫6,519,000
₫9,274,000
₫4,290,000
₫218,000
₫3,339,000
₫6,690,000
₫8,989,000
₫83,000
₫544,000
₫3,620,000
₫3,199,000
₫7,440,000
₫163,000
₫4,150,000
₫905,000
₫1,545,000
₫551,000
₫68,000
₫538,400
₫355,500
₫2,490,000
₫770,000
₫1,890,000
₫1,180,000
₫2,369,000
₫5,150,000
₫8,490,000
₫3,198,000
₫2,425,000
₫2,190,000
₫132,000
₫126,000
₫3,435,000
₫1,849,000
₫3,699,000
₫10,090,000
₫6,960,000
₫301,000
₫2,419,000
₫2,399,000
₫6,519,000
₫9,274,000
₫4,290,000
₫218,000
₫3,339,000
₫6,690,000
₫8,989,000
₫83,000
₫544,000
₫3,620,000
₫3,199,000
₫7,440,000
₫163,000
₫4,150,000
₫905,000
₫1,545,000
₫551,000
₫68,000
₫538,400
₫355,500
₫2,490,000
₫770,000
₫1,890,000
₫1,180,000
₫2,369,000
₫5,150,000
₫8,490,000
₫3,198,000
₫2,425,000
₫2,190,000
₫132,000
₫126,000
₫3,435,000
₫1,849,000
₫3,699,000
₫10,090,000
₫6,960,000
₫301,000
₫2,419,000
₫2,399,000
₫6,519,000
₫9,274,000
₫4,290,000
₫218,000
₫3,339,000
₫6,690,000
₫8,989,000
₫83,000
₫544,000
₫3,620,000
₫3,199,000
₫7,440,000
₫163,000
₫4,150,000
₫905,000
₫1,545,000
₫551,000
₫68,000
₫538,400
₫355,500
₫2,490,000
₫770,000
₫1,890,000
₫1,180,000
₫2,369,000
₫5,150,000
₫8,490,000
₫3,198,000
₫2,425,000
₫2,190,000
₫132,000
₫126,000
₫3,435,000
₫1,849,000
₫3,699,000
₫10,090,000
₫6,960,000
₫301,000
₫2,419,000
₫2,399,000
₫6,519,000
₫9,274,000
₫4,290,000
₫218,000
₫3,339,000
₫6,690,000
₫8,989,000
₫83,000
₫544,000
₫3,620,000
₫3,199,000
₫7,440,000
₫163,000
₫4,150,000
₫905,000
₫1,545,000
₫551,000
₫68,000
₫538,400
₫355,500
₫2,490,000
₫770,000
₫1,890,000
₫1,180,000
₫2,369,000
₫5,150,000
₫8,490,000
₫3,198,000
₫2,425,000
₫2,190,000
₫132,000
₫126,000
₫3,435,000
₫1,849,000
₫3,699,000
₫10,090,000
₫6,960,000
₫301,000
₫2,419,000
₫2,399,000
₫6,519,000
₫9,274,000
₫4,290,000
₫218,000
₫3,339,000
₫6,690,000
₫8,989,000
₫83,000
₫544,000
₫3,620,000
₫3,199,000
₫7,440,000
₫163,000
₫4,150,000
₫905,000
₫1,545,000
₫551,000
₫68,000
₫538,400
₫355,500
₫2,490,000
₫770,000
₫1,890,000
₫1,180,000
₫2,369,000
₫5,150,000
₫8,490,000
₫3,198,000
₫2,425,000
₫2,190,000
₫132,000
₫126,000
₫3,435,000
₫1,849,000
₫3,699,000
₫10,090,000
₫6,960,000
₫301,000
₫2,419,000
₫2,399,000
₫6,519,000
₫9,274,000
₫4,290,000
₫218,000
₫3,339,000
₫6,690,000
₫8,989,000
₫83,000
₫544,000
₫3,620,000
₫3,199,000
₫7,440,000
₫163,000
₫4,150,000
₫905,000
₫1,545,000
₫551,000
₫68,000
₫538,400
₫355,500
₫2,490,000
₫770,000
₫1,890,000
₫1,180,000
₫2,369,000
₫5,150,000
₫8,490,000
₫3,198,000
₫2,425,000
₫2,190,000
₫132,000
₫126,000
