₫27,200
₫151,000
₫16,700
₫20,900
₫18,000
₫22,700
₫0
₫10,000
₫14,900
₫22,000
₫2,000
₫1,000
₫20,000
₫2,000
₫13,100
₫30,000
₫3,900
₫36,000
₫347,900
₫265,000
₫1,000
₫14,700
₫42,800
₫40,000
₫5,300,000
₫10,000
₫96,300
₫23,000
₫109,000
₫4,350
₫81,000
₫199,000
₫2,000
₫25,000
₫867,300
₫2,000
₫29,000
₫2,000
₫2,000
₫329,000
₫27,200
₫151,000
₫16,700
₫20,900
₫18,000
₫22,700
₫0
₫10,000
₫14,900
₫22,000
₫2,000
₫1,000
₫20,000
₫2,000
₫13,100
₫30,000
₫3,900
₫36,000
₫347,900
₫265,000
₫1,000
₫14,700
₫42,800
₫40,000
₫5,300,000
₫10,000
₫96,300
₫23,000
₫109,000
₫4,350
₫81,000
₫199,000
₫2,000
₫25,000
₫867,300
₫2,000
₫29,000
₫2,000
₫2,000
₫329,000
₫27,200
₫151,000
₫16,700
₫20,900
₫18,000
₫22,700
₫0
₫10,000
₫14,900
₫22,000
₫2,000
₫1,000
₫20,000
₫2,000
₫13,100
₫30,000
₫3,900
₫36,000
₫347,900
₫265,000
₫1,000
₫14,700
₫42,800
₫40,000
₫5,300,000
₫10,000
₫96,300
₫23,000
₫109,000
₫4,350
₫81,000
₫199,000
₫2,000
₫25,000
₫867,300
₫2,000
₫29,000
₫2,000
₫2,000
₫329,000
₫27,200
₫151,000
₫16,700
₫20,900
₫18,000
₫22,700
₫0
₫10,000
₫14,900
₫22,000
₫2,000
₫1,000
₫20,000
₫2,000
₫13,100
₫30,000
₫3,900
₫36,000
₫347,900
₫265,000
₫1,000
₫14,700
₫42,800
₫40,000
₫5,300,000
₫10,000
₫96,300
₫23,000
₫109,000
₫4,350
₫81,000
₫199,000
₫2,000
₫25,000
₫867,300
₫2,000
₫29,000
₫2,000
₫2,000
₫329,000
₫27,200
₫151,000
₫16,700
₫20,900
₫18,000
₫22,700
₫0
₫10,000
₫14,900
₫22,000
₫2,000
₫1,000
₫20,000
₫2,000
₫13,100
₫30,000
₫3,900
₫36,000
₫347,900
₫265,000
₫1,000
₫14,700
₫42,800
₫40,000
₫5,300,000
₫10,000
₫96,300
₫23,000
₫109,000
₫4,350
₫81,000
₫199,000
₫2,000
₫25,000
₫867,300
₫2,000
₫29,000
₫2,000
₫2,000
₫329,000
₫27,200
₫151,000
₫16,700
₫20,900
₫18,000
₫22,700
₫0
₫10,000
₫14,900
₫22,000
₫2,000
₫1,000
₫20,000
₫2,000
₫13,100
₫30,000
₫3,900
₫36,000
₫347,900
₫265,000
₫1,000
₫14,700
₫42,800
₫40,000
₫5,300,000
₫10,000
₫96,300
₫23,000
₫109,000
₫4,350
₫81,000
₫199,000
₫2,000
₫25,000
₫867,300
₫2,000
₫29,000
₫2,000
₫2,000
₫329,000
₫27,200
₫151,000
₫16,700
₫20,900
₫18,000
₫22,700
₫0
₫10,000
₫14,900
₫22,000
₫2,000
₫1,000
₫20,000
₫2,000
₫13,100
₫30,000
₫3,900
₫36,000
₫347,900
₫265,000
₫1,000
₫14,700
₫42,800
₫40,000
₫5,300,000
₫10,000
₫96,300
₫23,000
₫109,000
₫4,350
₫81,000
₫199,000
₫2,000
₫25,000
₫867,300
₫2,000
₫29,000
₫2,000
₫2,000
₫329,000
₫27,200
₫151,000
₫16,700
₫20,900
₫18,000
₫22,700
₫0
₫10,000
₫14,900
₫22,000
₫2,000
₫1,000
₫20,000
₫2,000
₫13,100
₫30,000
₫3,900
₫36,000
₫347,900
₫265,000
₫1,000
₫14,700
₫42,800
₫40,000
₫5,300,000
₫10,000
₫96,300
₫23,000
₫109,000
₫4,350
₫81,000
₫199,000
₫2,000
₫25,000
₫867,300
₫2,000
₫29,000
₫2,000
₫2,000
₫329,000
₫27,200
₫151,000
₫16,700
₫20,900
₫18,000
₫22,700
₫0
₫10,000
₫14,900
₫22,000
₫2,000
₫1,000
₫20,000
₫2,000
₫13,100
₫30,000
₫3,900
₫36,000
₫347,900
₫265,000
₫1,000
₫14,700
₫42,800
₫40,000
₫5,300,000
₫10,000
₫96,300
₫23,000
₫109,000
₫4,350
₫81,000
₫199,000
₫2,000
₫25,000
₫867,300
₫2,000
₫29,000
₫2,000
₫2,000
₫329,000
₫27,200
₫151,000
₫16,700
₫20,900
₫18,000
₫22,700
₫0
₫10,000
₫14,900
₫22,000
₫2,000
₫1,000
₫20,000
₫2,000
₫13,100
₫30,000
₫3,900
₫36,000
₫347,900
₫265,000
₫1,000
₫14,700
₫42,800
₫40,000
₫5,300,000
₫10,000
₫96,300
₫23,000
₫109,000
₫4,350
₫81,000
₫199,000
₫2,000
₫25,000
₫867,300
₫2,000
₫29,000
₫2,000
₫2,000
₫329,000
₫27,200
₫151,000
₫16,700
₫20,900
₫18,000
₫22,700
₫0
₫10,000
₫14,900
₫22,000
₫2,000
₫1,000
₫20,000
₫2,000
₫13,100
₫30,000
₫3,900
₫36,000
₫347,900
₫265,000
₫1,000
₫14,700
₫42,800
₫40,000
₫5,300,000
₫10,000
₫96,300
₫23,000
₫109,000
₫4,350
₫81,000
₫199,000
₫2,000
₫25,000
₫867,300
₫2,000
₫29,000
₫2,000
₫2,000
₫329,000
₫27,200
₫151,000
₫16,700
₫20,900
₫18,000
₫22,700
₫0
₫10,000
₫14,900
₫22,000
₫2,000
₫1,000
₫20,000
₫2,000
₫13,100
₫30,000
₫3,900
₫36,000
₫347,900
₫265,000
₫1,000
₫14,700
₫42,800
₫40,000
₫5,300,000
₫10,000
₫96,300
₫23,000
₫109,000
₫4,350
₫81,000
₫199,000
₫2,000
₫25,000
₫867,300
₫2,000
₫29,000
₫2,000
₫2,000
₫329,000
₫27,200
₫151,000
₫16,700
₫20,900
₫18,000
₫22,700
₫0
₫10,000
₫14,900
₫22,000
₫2,000
₫1,000
₫20,000
₫2,000
₫13,100
₫30,000
₫3,900
₫36,000
₫347,900
₫265,000
₫1,000
₫14,700
₫42,800
₫40,000
₫5,300,000
₫10,000
₫96,300
₫23,000
₫109,000
₫4,350
₫81,000
₫199,000
₫2,000
₫25,000
₫867,300
₫2,000
₫29,000
₫2,000
₫2,000
₫329,000
₫27,200
₫151,000
₫16,700
₫20,900
₫18,000
₫22,700
₫0
₫10,000
₫14,900
₫22,000
₫2,000
₫1,000
₫20,000
₫2,000
₫13,100
₫30,000
₫3,900
₫36,000
₫347,900
₫265,000
₫1,000
₫14,700
₫42,800
₫40,000
₫5,300,000
₫10,000
₫96,300
₫23,000
₫109,000
₫4,350
₫81,000
₫199,000
₫2,000
₫25,000
₫867,300
₫2,000
₫29,000
₫2,000
₫2,000
₫329,000
₫27,200
₫151,000
₫16,700
₫20,900
₫18,000
₫22,700
₫0
₫10,000
₫14,900
₫22,000
₫2,000
₫1,000
₫20,000
₫2,000
₫13,100
₫30,000
₫3,900
₫36,000
₫347,900
₫265,000
₫1,000
₫14,700
₫42,800
₫40,000
₫5,300,000
₫10,000
₫96,300
₫23,000
₫109,000
₫4,350
₫81,000
₫199,000
₫2,000
₫25,000
₫867,300
₫2,000
₫29,000
₫2,000
₫2,000
₫329,000
₫27,200
₫151,000
₫16,700
₫20,900
₫18,000
₫22,700
₫0
₫10,000
₫14,900
₫22,000
₫2,000
₫1,000
₫20,000
₫2,000
₫13,100
₫30,000
₫3,900
₫36,000
₫347,900
₫265,000
₫1,000
₫14,700
₫42,800
₫40,000
₫5,300,000
₫10,000
₫96,300
₫23,000
₫109,000
₫4,350
₫81,000
₫199,000
₫2,000
₫25,000
₫867,300
₫2,000
₫29,000
₫2,000
₫2,000
₫329,000
₫27,200
₫151,000
₫16,700
₫20,900
₫18,000
₫22,700
₫0
₫10,000
₫14,900
₫22,000
₫2,000
₫1,000
₫20,000
₫2,000
₫13,100
₫30,000
₫3,900
₫36,000
₫347,900
₫265,000
₫1,000
₫14,700
₫42,800
₫40,000
₫5,300,000
₫10,000
₫96,300
₫23,000
₫109,000
₫4,350
₫81,000
₫199,000
₫2,000
₫25,000
₫867,300
₫2,000
₫29,000
₫2,000
₫2,000
₫329,000
₫27,200
₫151,000
₫16,700
₫20,900
₫18,000
₫22,700
₫0
₫10,000
₫14,900
₫22,000
₫2,000
₫1,000
₫20,000
₫2,000
₫13,100
₫30,000
₫3,900
₫36,000
₫347,900
₫265,000
₫1,000
₫14,700
₫42,800
₫40,000
₫5,300,000
₫10,000
₫96,300
₫23,000
₫109,000
₫4,350
₫81,000
₫199,000
₫2,000
₫25,000
₫867,300
₫2,000
₫29,000
₫2,000
₫2,000
₫329,000
₫27,200
₫151,000
₫16,700
₫20,900
₫18,000
₫22,700
₫0
₫10,000
₫14,900
₫22,000
₫2,000
₫1,000
₫20,000
₫2,000
₫13,100
₫30,000
₫3,900
₫36,000
₫347,900
₫265,000
₫1,000
₫14,700
₫42,800
₫40,000
₫5,300,000
₫10,000
₫96,300
₫23,000
₫109,000
₫4,350
₫81,000
₫199,000
₫2,000
₫25,000
₫867,300
₫2,000
₫29,000
₫2,000
₫2,000
₫329,000
₫27,200
₫151,000
₫16,700
₫20,900
₫18,000
₫22,700
₫0
₫10,000
₫14,900
₫22,000
₫2,000
₫1,000
₫20,000
₫2,000
₫13,100
₫30,000
₫3,900
₫36,000
₫347,900
₫265,000
₫1,000
₫14,700
₫42,800
₫40,000
₫5,300,000
₫10,000
₫96,300
₫23,000
₫109,000
₫4,350
₫81,000
₫199,000
₫2,000
₫25,000
₫867,300
₫2,000
₫29,000
₫2,000
₫2,000
₫329,000
₫27,200
₫151,000
₫16,700
₫20,900
₫18,000
₫22,700
₫0
₫10,000
₫14,900
₫22,000
₫2,000
₫1,000
₫20,000
₫2,000
₫13,100
₫30,000
₫3,900
₫36,000
₫347,900
₫265,000
₫1,000
₫14,700
₫42,800
₫40,000
₫5,300,000
₫10,000
₫96,300
₫23,000
₫109,000
₫4,350
₫81,000
₫199,000
₫2,000
₫25,000
₫867,300
₫2,000
₫29,000
₫2,000
₫2,000
₫329,000
₫27,200
₫151,000
₫16,700
₫20,900
₫18,000
₫22,700
₫0
₫10,000
₫14,900
₫22,000
₫2,000
₫1,000
₫20,000
₫2,000
₫13,100
₫30,000
₫3,900
₫36,000
₫347,900
₫265,000
₫1,000
₫14,700
₫42,800
₫40,000
₫5,300,000
₫10,000
₫96,300
₫23,000
₫109,000
₫4,350
₫81,000
₫199,000
₫2,000
₫25,000
₫867,300
₫2,000
₫29,000
₫2,000
₫2,000
₫329,000
₫27,200
₫151,000
₫16,700
₫20,900
₫18,000
₫22,700
₫0
₫10,000
₫14,900
₫22,000
₫2,000
₫1,000
₫20,000
₫2,000
₫13,100
₫30,000
₫3,900
₫36,000
₫347,900
₫265,000
₫1,000
₫14,700
₫42,800
₫40,000
₫5,300,000
₫10,000
₫96,300
₫23,000
₫109,000
₫4,350
₫81,000
₫199,000
₫2,000
₫25,000
₫867,300
₫2,000
₫29,000
₫2,000
₫2,000
₫329,000
₫27,200
₫151,000
₫16,700
₫20,900
₫18,000
₫22,700
₫0
₫10,000
₫14,900
₫22,000
₫2,000
₫1,000
₫20,000
₫2,000
₫13,100
₫30,000
₫3,900
₫36,000
₫347,900
₫265,000
₫1,000
₫14,700
₫42,800
₫40,000
₫5,300,000
₫10,000
₫96,300
₫23,000
₫109,000
₫4,350
₫81,000
₫199,000
₫2,000
₫25,000
₫867,300
₫2,000
₫29,000
₫2,000
₫2,000
₫329,000
₫27,200
₫151,000
₫16,700
₫20,900
₫18,000
₫22,700
₫0
₫10,000
₫14,900
₫22,000
₫2,000
₫1,000
₫20,000
₫2,000
₫13,100
₫30,000
₫3,900
₫36,000
₫347,900
₫265,000
₫1,000
₫14,700
₫42,800
₫40,000
₫5,300,000
₫10,000
₫96,300
₫23,000
₫109,000
₫4,350
₫81,000
₫199,000
₫2,000
₫25,000
₫867,300
₫2,000
₫29,000
₫2,000
₫2,000
₫329,000
₫27,200
₫151,000
₫16,700
₫20,900
₫18,000
₫22,700
₫0
₫10,000
₫14,900
₫22,000
₫2,000
₫1,000
₫20,000
₫2,000
₫13,100
₫30,000
₫3,900
₫36,000
₫347,900
₫265,000
₫1,000
₫14,700
₫42,800
₫40,000
₫5,300,000
₫10,000
₫96,300
₫23,000
₫109,000
₫4,350
₫81,000
₫199,000
₫2,000
₫25,000
₫867,300
₫2,000
₫29,000
₫2,000
₫2,000
₫329,000
₫27,200
₫151,000
₫16,700
₫20,900
₫18,000
₫22,700
₫0
₫10,000
₫14,900
₫22,000
₫2,000
₫1,000
₫20,000
₫2,000
₫13,100
₫30,000
₫3,900
₫36,000
₫347,900
₫265,000
₫1,000
₫14,700
₫42,800
₫40,000
₫5,300,000
₫10,000
₫96,300
₫23,000
₫109,000
₫4,350
₫81,000
₫199,000
₫2,000
₫25,000
₫867,300
₫2,000
₫29,000
₫2,000
₫2,000
₫329,000
₫27,200
₫151,000
₫16,700
₫20,900
₫18,000
₫22,700
₫0
₫10,000
₫14,900
₫22,000
₫2,000
₫1,000
₫20,000
₫2,000
₫13,100
₫30,000
₫3,900
₫36,000
₫347,900
₫265,000
₫1,000
₫14,700
₫42,800
₫40,000
₫5,300,000
₫10,000
₫96,300
₫23,000
₫109,000
₫4,350
₫81,000
₫199,000
₫2,000
₫25,000
₫867,300
₫2,000
₫29,000
₫2,000
₫2,000
₫329,000
₫27,200
₫151,000
₫16,700
₫20,900
₫18,000
₫22,700
₫0
₫10,000
₫14,900
₫22,000
₫2,000
₫1,000
₫20,000
₫2,000
₫13,100
₫30,000
₫3,900
₫36,000
₫347,900
₫265,000
₫1,000
₫14,700
₫42,800
₫40,000
₫5,300,000
₫10,000
₫96,300
₫23,000
₫109,000
₫4,350
₫81,000
₫199,000
₫2,000
₫25,000
₫867,300
₫2,000
₫29,000
₫2,000
₫2,000
₫329,000
₫27,200
₫151,000
₫16,700
₫20,900
₫18,000
₫22,700
₫0
₫10,000
₫14,900
₫22,000
₫2,000
₫1,000
₫20,000
₫2,000
₫13,100
₫30,000
₫3,900
₫36,000
₫347,900
₫265,000
₫1,000
₫14,700
₫42,800
₫40,000
₫5,300,000
₫10,000
₫96,300
₫23,000
₫109,000
₫4,350
₫81,000
₫199,000
₫2,000
₫25,000
₫867,300
₫2,000
₫29,000
₫2,000
₫2,000
₫329,000
