₫27,900
₫270,000
₫19,000
₫13,200
₫45,300
₫28,000
₫229,000
₫49,000
₫160,000
₫341,000
₫315,187
₫396,623
₫205,405
₫450,000
₫80,000
₫45,000
₫89,000
₫199,000
₫161,900
₫59,000
₫15,000
₫19,000
₫159,000
₫186,000
₫45,000
₫93,700
₫21,300
₫129,000
₫28,000
₫31,300
₫19,000
₫135,400
₫50,000
₫388,000
₫98,000
₫44,000
₫359,000
₫259,365
₫51,986
₫25,000
₫27,900
₫270,000
₫19,000
₫13,200
₫45,300
₫28,000
₫229,000
₫49,000
₫160,000
₫341,000
₫315,187
₫396,623
₫205,405
₫450,000
₫80,000
₫45,000
₫89,000
₫199,000
₫161,900
₫59,000
₫15,000
₫19,000
₫159,000
₫186,000
₫45,000
₫93,700
₫21,300
₫129,000
₫28,000
₫31,300
₫19,000
₫135,400
₫50,000
₫388,000
₫98,000
₫44,000
₫359,000
₫259,365
₫51,986
₫25,000
₫27,900
₫270,000
₫19,000
₫13,200
₫45,300
₫28,000
₫229,000
₫49,000
₫160,000
₫341,000
₫315,187
₫396,623
₫205,405
₫450,000
₫80,000
₫45,000
₫89,000
₫199,000
₫161,900
₫59,000
₫15,000
₫19,000
₫159,000
₫186,000
₫45,000
₫93,700
₫21,300
₫129,000
₫28,000
₫31,300
₫19,000
₫135,400
₫50,000
₫388,000
₫98,000
₫44,000
₫359,000
₫259,365
₫51,986
₫25,000
₫27,900
₫270,000
₫19,000
₫13,200
₫45,300
₫28,000
₫229,000
₫49,000
₫160,000
₫341,000
₫315,187
₫396,623
₫205,405
₫450,000
₫80,000
₫45,000
₫89,000
₫199,000
₫161,900
₫59,000
₫15,000
₫19,000
₫159,000
₫186,000
₫45,000
₫93,700
₫21,300
₫129,000
₫28,000
₫31,300
₫19,000
₫135,400
₫50,000
₫388,000
₫98,000
₫44,000
₫359,000
₫259,365
₫51,986
₫25,000
₫27,900
₫270,000
₫19,000
₫13,200
₫45,300
₫28,000
₫229,000
₫49,000
₫160,000
₫341,000
₫315,187
₫396,623
₫205,405
₫450,000
₫80,000
₫45,000
₫89,000
₫199,000
₫161,900
₫59,000
₫15,000
₫19,000
₫159,000
₫186,000
₫45,000
₫93,700
₫21,300
₫129,000
₫28,000
₫31,300
₫19,000
₫135,400
₫50,000
₫388,000
₫98,000
₫44,000
₫359,000
₫259,365
₫51,986
₫25,000
₫27,900
₫270,000
₫19,000
₫13,200
₫45,300
₫28,000
₫229,000
₫49,000
₫160,000
₫341,000
₫315,187
₫396,623
₫205,405
₫450,000
₫80,000
₫45,000
₫89,000
₫199,000
₫161,900
₫59,000
₫15,000
₫19,000
₫159,000
₫186,000
₫45,000
₫93,700
₫21,300
₫129,000
₫28,000
₫31,300
₫19,000
₫135,400
₫50,000
₫388,000
₫98,000
₫44,000
₫359,000
₫259,365
₫51,986
₫25,000
₫27,900
₫270,000
₫19,000
₫13,200
₫45,300
₫28,000
₫229,000
₫49,000
₫160,000
₫341,000
₫315,187
₫396,623
₫205,405
₫450,000
₫80,000
₫45,000
₫89,000
₫199,000
₫161,900
₫59,000
₫15,000
₫19,000
₫159,000
₫186,000
₫45,000
₫93,700
₫21,300
₫129,000
₫28,000
₫31,300
₫19,000
₫135,400
₫50,000
₫388,000
₫98,000
₫44,000
₫359,000
₫259,365
₫51,986
₫25,000
₫27,900
₫270,000
₫19,000
₫13,200
₫45,300
₫28,000
₫229,000
₫49,000
₫160,000
₫341,000
₫315,187
₫396,623
₫205,405
₫450,000
₫80,000
₫45,000
₫89,000
₫199,000
₫161,900
₫59,000
₫15,000
₫19,000
₫159,000
₫186,000
₫45,000
₫93,700
₫21,300
₫129,000
₫28,000
₫31,300
₫19,000
₫135,400
₫50,000
₫388,000
₫98,000
₫44,000
₫359,000
₫259,365
₫51,986
₫25,000
₫27,900
₫270,000
₫19,000
₫13,200
₫45,300
₫28,000
₫229,000
₫49,000
₫160,000
₫341,000
₫315,187
₫396,623
₫205,405
₫450,000
₫80,000
₫45,000
₫89,000
₫199,000
₫161,900
₫59,000
₫15,000
₫19,000
₫159,000
₫186,000
₫45,000
₫93,700
₫21,300
₫129,000
₫28,000
₫31,300
₫19,000
₫135,400
₫50,000
₫388,000
₫98,000
₫44,000
₫359,000
₫259,365
₫51,986
₫25,000
₫27,900
₫270,000
₫19,000
₫13,200
₫45,300
₫28,000
₫229,000
₫49,000
₫160,000
₫341,000
₫315,187
₫396,623
₫205,405
₫450,000
₫80,000
₫45,000
₫89,000
₫199,000
₫161,900
₫59,000
₫15,000
₫19,000
₫159,000
₫186,000
₫45,000
₫93,700
₫21,300
₫129,000
₫28,000
₫31,300
₫19,000
₫135,400
₫50,000
₫388,000
₫98,000
₫44,000
₫359,000
₫259,365
₫51,986
₫25,000
₫27,900
₫270,000
₫19,000
₫13,200
₫45,300
₫28,000
₫229,000
₫49,000
₫160,000
₫341,000
₫315,187
₫396,623
₫205,405
₫450,000
₫80,000
₫45,000
₫89,000
₫199,000
₫161,900
₫59,000
₫15,000
₫19,000
₫159,000
₫186,000
₫45,000
₫93,700
₫21,300
₫129,000
₫28,000
₫31,300
₫19,000
₫135,400
₫50,000
₫388,000
₫98,000
₫44,000
₫359,000
₫259,365
₫51,986
₫25,000
₫27,900
₫270,000
₫19,000
₫13,200
₫45,300
₫28,000
₫229,000
₫49,000
₫160,000
₫341,000
₫315,187
₫396,623
₫205,405
₫450,000
₫80,000
₫45,000
₫89,000
₫199,000
₫161,900
₫59,000
₫15,000
₫19,000
₫159,000
₫186,000
₫45,000
₫93,700
₫21,300
₫129,000
₫28,000
₫31,300
₫19,000
₫135,400
₫50,000
₫388,000
₫98,000
₫44,000
₫359,000
₫259,365
₫51,986
₫25,000
₫27,900
₫270,000
₫19,000
₫13,200
₫45,300
₫28,000
₫229,000
₫49,000
₫160,000
₫341,000
₫315,187
₫396,623
₫205,405
₫450,000
₫80,000
₫45,000
₫89,000
₫199,000
₫161,900
₫59,000
₫15,000
₫19,000
₫159,000
₫186,000
₫45,000
₫93,700
₫21,300
₫129,000
₫28,000
₫31,300
₫19,000
₫135,400
₫50,000
₫388,000
₫98,000
₫44,000
₫359,000
₫259,365
₫51,986
₫25,000
₫27,900
₫270,000
₫19,000
₫13,200
₫45,300
₫28,000
₫229,000
₫49,000
₫160,000
₫341,000
₫315,187
₫396,623
₫205,405
₫450,000
₫80,000
₫45,000
₫89,000
₫199,000
₫161,900
₫59,000
₫15,000
₫19,000
₫159,000
₫186,000
₫45,000
₫93,700
₫21,300
₫129,000
₫28,000
₫31,300
₫19,000
₫135,400
₫50,000
₫388,000
₫98,000
₫44,000
₫359,000
₫259,365
₫51,986
₫25,000
₫27,900
₫270,000
₫19,000
₫13,200
₫45,300
₫28,000
₫229,000
₫49,000
₫160,000
₫341,000
₫315,187
₫396,623
₫205,405
₫450,000
₫80,000
₫45,000
₫89,000
₫199,000
₫161,900
₫59,000
₫15,000
₫19,000
₫159,000
₫186,000
₫45,000
₫93,700
₫21,300
₫129,000
₫28,000
₫31,300
₫19,000
₫135,400
₫50,000
₫388,000
₫98,000
₫44,000
₫359,000
₫259,365
₫51,986
₫25,000
₫27,900
₫270,000
₫19,000
₫13,200
₫45,300
₫28,000
₫229,000
₫49,000
₫160,000
₫341,000
₫315,187
₫396,623
₫205,405
₫450,000
₫80,000
₫45,000
₫89,000
₫199,000
₫161,900
₫59,000
₫15,000
₫19,000
₫159,000
₫186,000
₫45,000
₫93,700
₫21,300
₫129,000
₫28,000
₫31,300
₫19,000
₫135,400
₫50,000
₫388,000
₫98,000
₫44,000
₫359,000
₫259,365
₫51,986
₫25,000
₫27,900
₫270,000
₫19,000
₫13,200
₫45,300
₫28,000
₫229,000
₫49,000
₫160,000
₫341,000
₫315,187
₫396,623
₫205,405
₫450,000
₫80,000
₫45,000
₫89,000
₫199,000
₫161,900
₫59,000
₫15,000
₫19,000
₫159,000
₫186,000
₫45,000
₫93,700
₫21,300
₫129,000
₫28,000
₫31,300
₫19,000
₫135,400
₫50,000
₫388,000
₫98,000
₫44,000
₫359,000
₫259,365
₫51,986
₫25,000
₫27,900
₫270,000
₫19,000
₫13,200
₫45,300
₫28,000
₫229,000
₫49,000
₫160,000
₫341,000
₫315,187
₫396,623
₫205,405
₫450,000
₫80,000
₫45,000
₫89,000
₫199,000
₫161,900
₫59,000
₫15,000
₫19,000
₫159,000
₫186,000
₫45,000
₫93,700
₫21,300
₫129,000
₫28,000
₫31,300
₫19,000
₫135,400
₫50,000
₫388,000
₫98,000
₫44,000
₫359,000
₫259,365
₫51,986
₫25,000
₫27,900
₫270,000
₫19,000
₫13,200
₫45,300
₫28,000
₫229,000
₫49,000
₫160,000
₫341,000
₫315,187
₫396,623
₫205,405
₫450,000
₫80,000
₫45,000
₫89,000
₫199,000
₫161,900
₫59,000
₫15,000
₫19,000
₫159,000
₫186,000
₫45,000
₫93,700
₫21,300
₫129,000
₫28,000
₫31,300
₫19,000
₫135,400
₫50,000
₫388,000
₫98,000
₫44,000
₫359,000
₫259,365
₫51,986
₫25,000
₫27,900
₫270,000
₫19,000
₫13,200
₫45,300
₫28,000
₫229,000
₫49,000
₫160,000
₫341,000
₫315,187
₫396,623
₫205,405
₫450,000
₫80,000
₫45,000
₫89,000
₫199,000
₫161,900
₫59,000
₫15,000
₫19,000
₫159,000
₫186,000
₫45,000
₫93,700
₫21,300
₫129,000
₫28,000
₫31,300
₫19,000
₫135,400
₫50,000
₫388,000
₫98,000
₫44,000
₫359,000
₫259,365
₫51,986
₫25,000
₫27,900
₫270,000
₫19,000
₫13,200
₫45,300
₫28,000
₫229,000
₫49,000
₫160,000
₫341,000
₫315,187
₫396,623
₫205,405
₫450,000
₫80,000
₫45,000
₫89,000
₫199,000
₫161,900
₫59,000
₫15,000
₫19,000
₫159,000
₫186,000
₫45,000
₫93,700
₫21,300
₫129,000
₫28,000
₫31,300
₫19,000
₫135,400
₫50,000
₫388,000
₫98,000
₫44,000
₫359,000
₫259,365
₫51,986
₫25,000
₫27,900
₫270,000
₫19,000
₫13,200
₫45,300
₫28,000
₫229,000
₫49,000
₫160,000
₫341,000
₫315,187
₫396,623
₫205,405
₫450,000
₫80,000
₫45,000
₫89,000
₫199,000
₫161,900
₫59,000
₫15,000
₫19,000
₫159,000
₫186,000
₫45,000
₫93,700
₫21,300
₫129,000
₫28,000
₫31,300
₫19,000
₫135,400
₫50,000
₫388,000
₫98,000
₫44,000
₫359,000
₫259,365
₫51,986
₫25,000
₫27,900
₫270,000
₫19,000
₫13,200
₫45,300
₫28,000
₫229,000
₫49,000
₫160,000
₫341,000
₫315,187
₫396,623
₫205,405
₫450,000
₫80,000
₫45,000
₫89,000
₫199,000
₫161,900
₫59,000
₫15,000
₫19,000
₫159,000
₫186,000
₫45,000
₫93,700
₫21,300
₫129,000
₫28,000
₫31,300
₫19,000
₫135,400
₫50,000
₫388,000
₫98,000
₫44,000
₫359,000
₫259,365
₫51,986
₫25,000
₫27,900
₫270,000
₫19,000
₫13,200
₫45,300
₫28,000
₫229,000
₫49,000
₫160,000
₫341,000
₫315,187
₫396,623
₫205,405
₫450,000
₫80,000
₫45,000
₫89,000
₫199,000
₫161,900
₫59,000
₫15,000
₫19,000
₫159,000
₫186,000
₫45,000
₫93,700
₫21,300
₫129,000
₫28,000
₫31,300
₫19,000
₫135,400
₫50,000
₫388,000
₫98,000
₫44,000
₫359,000
₫259,365
₫51,986
₫25,000
₫27,900
₫270,000
₫19,000
₫13,200
₫45,300
₫28,000
₫229,000
₫49,000
₫160,000
₫341,000
₫315,187
₫396,623
₫205,405
₫450,000
₫80,000
₫45,000
₫89,000
₫199,000
₫161,900
₫59,000
₫15,000
₫19,000
₫159,000
₫186,000
₫45,000
₫93,700
₫21,300
₫129,000
₫28,000
₫31,300
₫19,000
₫135,400
₫50,000
₫388,000
₫98,000
₫44,000
₫359,000
₫259,365
₫51,986
₫25,000
₫27,900
₫270,000
₫19,000
₫13,200
₫45,300
₫28,000
₫229,000
₫49,000
₫160,000
₫341,000
₫315,187
₫396,623
₫205,405
₫450,000
₫80,000
₫45,000
₫89,000
₫199,000
₫161,900
₫59,000
₫15,000
₫19,000
₫159,000
₫186,000
₫45,000
₫93,700
₫21,300
₫129,000
₫28,000
₫31,300
₫19,000
₫135,400
₫50,000
₫388,000
₫98,000
₫44,000
₫359,000
₫259,365
₫51,986
₫25,000
₫27,900
₫270,000
₫19,000
₫13,200
₫45,300
₫28,000
₫229,000
₫49,000
₫160,000
₫341,000
₫315,187
₫396,623
₫205,405
₫450,000
₫80,000
₫45,000
₫89,000
₫199,000
₫161,900
₫59,000
₫15,000
₫19,000
₫159,000
₫186,000
₫45,000
₫93,700
₫21,300
₫129,000
₫28,000
₫31,300
₫19,000
₫135,400
₫50,000
₫388,000
₫98,000
₫44,000
₫359,000
₫259,365
₫51,986
₫25,000
₫27,900
₫270,000
₫19,000
₫13,200
₫45,300
₫28,000
₫229,000
₫49,000
₫160,000
₫341,000
₫315,187
₫396,623
₫205,405
₫450,000
₫80,000
₫45,000
₫89,000
₫199,000
₫161,900
₫59,000
₫15,000
₫19,000
₫159,000
₫186,000
₫45,000
₫93,700
₫21,300
₫129,000
₫28,000
₫31,300
₫19,000
₫135,400
₫50,000
₫388,000
₫98,000
₫44,000
₫359,000
₫259,365
₫51,986
₫25,000
₫27,900
₫270,000
₫19,000
₫13,200
₫45,300
₫28,000
₫229,000
₫49,000
₫160,000
₫341,000
₫315,187
₫396,623
₫205,405
₫450,000
₫80,000
₫45,000
₫89,000
₫199,000
₫161,900
₫59,000
₫15,000
₫19,000
₫159,000
₫186,000
₫45,000
₫93,700
₫21,300
₫129,000
₫28,000
₫31,300
₫19,000
₫135,400
₫50,000
₫388,000
₫98,000
₫44,000
₫359,000
₫259,365
₫51,986
₫25,000
₫27,900
₫270,000
₫19,000
₫13,200
₫45,300
₫28,000
₫229,000
₫49,000
₫160,000
₫341,000
₫315,187
₫396,623
₫205,405
₫450,000
₫80,000
₫45,000
₫89,000
₫199,000
₫161,900
₫59,000
₫15,000
₫19,000
₫159,000
₫186,000
₫45,000
₫93,700
₫21,300
₫129,000
₫28,000
₫31,300
₫19,000
₫135,400
₫50,000
₫388,000
₫98,000
₫44,000
₫359,000
₫259,365
₫51,986
₫25,000
