₫11,500
₫8,600
₫21,200
₫8,700
₫29,400
₫18,700
₫23,000
₫150,000
₫10,700
₫29,000
₫82,900
₫132,000
₫25,300
₫28,000
₫50,136
₫35,000
₫49,000
₫187,000
₫37,500
₫83,000
₫938,000
₫19,500
₫125,000
₫57,000
₫33,394
₫36,600
₫374,000
₫20,000
₫17,700
₫58,900
₫115,000
₫53,000
₫59,000
₫39,000
₫10,450
₫29,900
₫29,900
₫69,000
₫35,000
₫26,900
₫11,500
₫8,600
₫21,200
₫8,700
₫29,400
₫18,700
₫23,000
₫150,000
₫10,700
₫29,000
₫82,900
₫132,000
₫25,300
₫28,000
₫50,136
₫35,000
₫49,000
₫187,000
₫37,500
₫83,000
₫938,000
₫19,500
₫125,000
₫57,000
₫33,394
₫36,600
₫374,000
₫20,000
₫17,700
₫58,900
₫115,000
₫53,000
₫59,000
₫39,000
₫10,450
₫29,900
₫29,900
₫69,000
₫35,000
₫26,900
₫11,500
₫8,600
₫21,200
₫8,700
₫29,400
₫18,700
₫23,000
₫150,000
₫10,700
₫29,000
₫82,900
₫132,000
₫25,300
₫28,000
₫50,136
₫35,000
₫49,000
₫187,000
₫37,500
₫83,000
₫938,000
₫19,500
₫125,000
₫57,000
₫33,394
₫36,600
₫374,000
₫20,000
₫17,700
₫58,900
₫115,000
₫53,000
₫59,000
₫39,000
₫10,450
₫29,900
₫29,900
₫69,000
₫35,000
₫26,900
₫11,500
₫8,600
₫21,200
₫8,700
₫29,400
₫18,700
₫23,000
₫150,000
₫10,700
₫29,000
₫82,900
₫132,000
₫25,300
₫28,000
₫50,136
₫35,000
₫49,000
₫187,000
₫37,500
₫83,000
₫938,000
₫19,500
₫125,000
₫57,000
₫33,394
₫36,600
₫374,000
₫20,000
₫17,700
₫58,900
₫115,000
₫53,000
₫59,000
₫39,000
₫10,450
₫29,900
₫29,900
₫69,000
₫35,000
₫26,900
₫11,500
₫8,600
₫21,200
₫8,700
₫29,400
₫18,700
₫23,000
₫150,000
₫10,700
₫29,000
₫82,900
₫132,000
₫25,300
₫28,000
₫50,136
₫35,000
₫49,000
₫187,000
₫37,500
₫83,000
₫938,000
₫19,500
₫125,000
₫57,000
₫33,394
₫36,600
₫374,000
₫20,000
₫17,700
₫58,900
₫115,000
₫53,000
₫59,000
₫39,000
₫10,450
₫29,900
₫29,900
₫69,000
₫35,000
₫26,900
₫11,500
₫8,600
₫21,200
₫8,700
₫29,400
₫18,700
₫23,000
₫150,000
₫10,700
₫29,000
₫82,900
₫132,000
₫25,300
₫28,000
₫50,136
₫35,000
₫49,000
₫187,000
₫37,500
₫83,000
₫938,000
₫19,500
₫125,000
₫57,000
₫33,394
₫36,600
₫374,000
₫20,000
₫17,700
₫58,900
₫115,000
₫53,000
₫59,000
₫39,000
₫10,450
₫29,900
₫29,900
₫69,000
₫35,000
₫26,900
₫11,500
₫8,600
₫21,200
₫8,700
₫29,400
₫18,700
₫23,000
₫150,000
₫10,700
₫29,000
₫82,900
₫132,000
₫25,300
₫28,000
₫50,136
₫35,000
₫49,000
₫187,000
₫37,500
₫83,000
₫938,000
₫19,500
₫125,000
₫57,000
₫33,394
₫36,600
₫374,000
₫20,000
₫17,700
₫58,900
₫115,000
₫53,000
₫59,000
₫39,000
₫10,450
₫29,900
₫29,900
₫69,000
₫35,000
₫26,900
₫11,500
₫8,600
₫21,200
₫8,700
₫29,400
₫18,700
₫23,000
₫150,000
₫10,700
₫29,000
₫82,900
₫132,000
₫25,300
₫28,000
₫50,136
₫35,000
₫49,000
₫187,000
₫37,500
₫83,000
₫938,000
₫19,500
₫125,000
₫57,000
₫33,394
₫36,600
₫374,000
₫20,000
₫17,700
₫58,900
₫115,000
₫53,000
₫59,000
₫39,000
₫10,450
₫29,900
₫29,900
₫69,000
₫35,000
₫26,900
₫11,500
₫8,600
₫21,200
₫8,700
₫29,400
₫18,700
₫23,000
₫150,000
₫10,700
₫29,000
₫82,900
₫132,000
₫25,300
₫28,000
₫50,136
₫35,000
₫49,000
₫187,000
₫37,500
₫83,000
₫938,000
₫19,500
₫125,000
₫57,000
₫33,394
₫36,600
₫374,000
₫20,000
₫17,700
₫58,900
₫115,000
₫53,000
₫59,000
₫39,000
₫10,450
₫29,900
₫29,900
₫69,000
₫35,000
₫26,900
₫11,500
₫8,600
₫21,200
₫8,700
₫29,400
₫18,700
₫23,000
₫150,000
₫10,700
₫29,000
₫82,900
₫132,000
₫25,300
₫28,000
₫50,136
₫35,000
₫49,000
₫187,000
₫37,500
₫83,000
₫938,000
₫19,500
₫125,000
₫57,000
₫33,394
₫36,600
₫374,000
₫20,000
₫17,700
₫58,900
₫115,000
₫53,000
₫59,000
₫39,000
₫10,450
₫29,900
₫29,900
₫69,000
₫35,000
₫26,900
₫11,500
₫8,600
₫21,200
₫8,700
₫29,400
₫18,700
₫23,000
₫150,000
₫10,700
₫29,000
₫82,900
₫132,000
₫25,300
₫28,000
₫50,136
₫35,000
₫49,000
₫187,000
₫37,500
₫83,000
₫938,000
₫19,500
₫125,000
₫57,000
₫33,394
₫36,600
₫374,000
₫20,000
₫17,700
₫58,900
₫115,000
₫53,000
₫59,000
₫39,000
₫10,450
₫29,900
₫29,900
₫69,000
₫35,000
₫26,900
₫11,500
₫8,600
₫21,200
₫8,700
₫29,400
₫18,700
₫23,000
₫150,000
₫10,700
₫29,000
₫82,900
₫132,000
₫25,300
₫28,000
₫50,136
₫35,000
₫49,000
₫187,000
₫37,500
₫83,000
₫938,000
₫19,500
₫125,000
₫57,000
₫33,394
₫36,600
₫374,000
₫20,000
₫17,700
₫58,900
₫115,000
₫53,000
₫59,000
₫39,000
₫10,450
₫29,900
₫29,900
₫69,000
₫35,000
₫26,900
₫11,500
₫8,600
₫21,200
₫8,700
₫29,400
₫18,700
₫23,000
₫150,000
₫10,700
₫29,000
₫82,900
₫132,000
₫25,300
₫28,000
₫50,136
₫35,000
₫49,000
₫187,000
₫37,500
₫83,000
₫938,000
₫19,500
₫125,000
₫57,000
₫33,394
₫36,600
₫374,000
₫20,000
₫17,700
₫58,900
₫115,000
₫53,000
₫59,000
₫39,000
₫10,450
₫29,900
₫29,900
₫69,000
₫35,000
₫26,900
₫11,500
₫8,600
₫21,200
₫8,700
₫29,400
₫18,700
₫23,000
₫150,000
₫10,700
₫29,000
₫82,900
₫132,000
₫25,300
₫28,000
₫50,136
₫35,000
₫49,000
₫187,000
₫37,500
₫83,000
₫938,000
₫19,500
₫125,000
₫57,000
₫33,394
₫36,600
₫374,000
₫20,000
₫17,700
₫58,900
₫115,000
₫53,000
₫59,000
₫39,000
₫10,450
₫29,900
₫29,900
₫69,000
₫35,000
₫26,900
₫11,500
₫8,600
₫21,200
₫8,700
₫29,400
₫18,700
₫23,000
₫150,000
₫10,700
₫29,000
₫82,900
₫132,000
₫25,300
₫28,000
₫50,136
₫35,000
₫49,000
₫187,000
₫37,500
₫83,000
₫938,000
₫19,500
₫125,000
₫57,000
₫33,394
₫36,600
₫374,000
₫20,000
₫17,700
₫58,900
₫115,000
₫53,000
₫59,000
₫39,000
₫10,450
₫29,900
₫29,900
₫69,000
₫35,000
₫26,900
₫11,500
₫8,600
₫21,200
₫8,700
₫29,400
₫18,700
₫23,000
₫150,000
₫10,700
₫29,000
₫82,900
₫132,000
₫25,300
₫28,000
₫50,136
₫35,000
₫49,000
₫187,000
₫37,500
₫83,000
₫938,000
₫19,500
₫125,000
₫57,000
₫33,394
₫36,600
₫374,000
₫20,000
₫17,700
₫58,900
₫115,000
₫53,000
₫59,000
₫39,000
₫10,450
₫29,900
₫29,900
₫69,000
₫35,000
₫26,900
₫11,500
₫8,600
₫21,200
₫8,700
₫29,400
₫18,700
₫23,000
₫150,000
₫10,700
₫29,000
₫82,900
₫132,000
₫25,300
₫28,000
₫50,136
₫35,000
₫49,000
₫187,000
₫37,500
₫83,000
₫938,000
₫19,500
₫125,000
₫57,000
₫33,394
₫36,600
₫374,000
₫20,000
₫17,700
₫58,900
₫115,000
₫53,000
₫59,000
₫39,000
₫10,450
₫29,900
₫29,900
₫69,000
₫35,000
₫26,900
₫11,500
₫8,600
₫21,200
₫8,700
₫29,400
₫18,700
₫23,000
₫150,000
₫10,700
₫29,000
₫82,900
₫132,000
₫25,300
₫28,000
₫50,136
₫35,000
₫49,000
₫187,000
₫37,500
₫83,000
₫938,000
₫19,500
₫125,000
₫57,000
₫33,394
₫36,600
₫374,000
₫20,000
₫17,700
₫58,900
₫115,000
₫53,000
₫59,000
₫39,000
₫10,450
₫29,900
₫29,900
₫69,000
₫35,000
₫26,900
₫11,500
₫8,600
₫21,200
₫8,700
₫29,400
₫18,700
₫23,000
₫150,000
₫10,700
₫29,000
₫82,900
₫132,000
₫25,300
₫28,000
₫50,136
₫35,000
₫49,000
₫187,000
₫37,500
₫83,000
₫938,000
₫19,500
₫125,000
₫57,000
₫33,394
₫36,600
₫374,000
₫20,000
₫17,700
₫58,900
₫115,000
₫53,000
₫59,000
₫39,000
₫10,450
₫29,900
₫29,900
₫69,000
₫35,000
₫26,900
₫11,500
₫8,600
₫21,200
₫8,700
₫29,400
₫18,700
₫23,000
₫150,000
₫10,700
₫29,000
₫82,900
₫132,000
₫25,300
₫28,000
₫50,136
₫35,000
₫49,000
₫187,000
₫37,500
₫83,000
₫938,000
₫19,500
₫125,000
₫57,000
₫33,394
₫36,600
₫374,000
₫20,000
₫17,700
₫58,900
₫115,000
₫53,000
₫59,000
₫39,000
₫10,450
₫29,900
₫29,900
₫69,000
₫35,000
₫26,900
₫11,500
₫8,600
₫21,200
₫8,700
₫29,400
₫18,700
₫23,000
₫150,000
₫10,700
₫29,000
₫82,900
₫132,000
₫25,300
₫28,000
₫50,136
₫35,000
₫49,000
₫187,000
₫37,500
₫83,000
₫938,000
₫19,500
₫125,000
₫57,000
₫33,394
₫36,600
₫374,000
₫20,000
₫17,700
₫58,900
₫115,000
₫53,000
₫59,000
₫39,000
₫10,450
₫29,900
₫29,900
₫69,000
₫35,000
₫26,900
₫11,500
₫8,600
₫21,200
₫8,700
₫29,400
₫18,700
₫23,000
₫150,000
₫10,700
₫29,000
₫82,900
₫132,000
₫25,300
₫28,000
₫50,136
₫35,000
₫49,000
₫187,000
₫37,500
₫83,000
₫938,000
₫19,500
₫125,000
₫57,000
₫33,394
₫36,600
₫374,000
₫20,000
₫17,700
₫58,900
₫115,000
₫53,000
₫59,000
₫39,000
₫10,450
₫29,900
₫29,900
₫69,000
₫35,000
₫26,900
₫11,500
₫8,600
₫21,200
₫8,700
₫29,400
₫18,700
₫23,000
₫150,000
₫10,700
₫29,000
₫82,900
₫132,000
₫25,300
₫28,000
₫50,136
₫35,000
₫49,000
₫187,000
₫37,500
₫83,000
₫938,000
₫19,500
₫125,000
₫57,000
₫33,394
₫36,600
₫374,000
₫20,000
₫17,700
₫58,900
₫115,000
₫53,000
₫59,000
₫39,000
₫10,450
₫29,900
₫29,900
₫69,000
₫35,000
₫26,900
₫11,500
₫8,600
₫21,200
₫8,700
₫29,400
₫18,700
₫23,000
₫150,000
₫10,700
₫29,000
₫82,900
₫132,000
₫25,300
₫28,000
₫50,136
₫35,000
₫49,000
₫187,000
₫37,500
₫83,000
₫938,000
₫19,500
₫125,000
₫57,000
₫33,394
₫36,600
₫374,000
₫20,000
₫17,700
₫58,900
₫115,000
₫53,000
₫59,000
₫39,000
₫10,450
₫29,900
₫29,900
₫69,000
₫35,000
₫26,900
₫11,500
₫8,600
₫21,200
₫8,700
₫29,400
₫18,700
₫23,000
₫150,000
₫10,700
₫29,000
₫82,900
₫132,000
₫25,300
₫28,000
₫50,136
₫35,000
₫49,000
₫187,000
₫37,500
₫83,000
₫938,000
₫19,500
₫125,000
₫57,000
₫33,394
₫36,600
₫374,000
₫20,000
₫17,700
₫58,900
₫115,000
₫53,000
₫59,000
₫39,000
₫10,450
₫29,900
₫29,900
₫69,000
₫35,000
₫26,900
₫11,500
₫8,600
₫21,200
₫8,700
₫29,400
₫18,700
₫23,000
₫150,000
₫10,700
₫29,000
₫82,900
₫132,000
₫25,300
₫28,000
₫50,136
₫35,000
₫49,000
₫187,000
₫37,500
₫83,000
₫938,000
₫19,500
₫125,000
₫57,000
₫33,394
₫36,600
₫374,000
₫20,000
₫17,700
₫58,900
₫115,000
₫53,000
₫59,000
₫39,000
₫10,450
₫29,900
₫29,900
₫69,000
₫35,000
₫26,900
₫11,500
₫8,600
₫21,200
₫8,700
₫29,400
₫18,700
₫23,000
₫150,000
₫10,700
₫29,000
₫82,900
₫132,000
₫25,300
₫28,000
₫50,136
₫35,000
₫49,000
₫187,000
₫37,500
₫83,000
₫938,000
₫19,500
₫125,000
₫57,000
₫33,394
₫36,600
₫374,000
₫20,000
₫17,700
₫58,900
₫115,000
₫53,000
₫59,000
₫39,000
₫10,450
₫29,900
₫29,900
₫69,000
₫35,000
₫26,900
₫11,500
₫8,600
₫21,200
₫8,700
₫29,400
₫18,700
₫23,000
₫150,000
₫10,700
₫29,000
₫82,900
₫132,000
₫25,300
₫28,000
₫50,136
₫35,000
₫49,000
₫187,000
₫37,500
₫83,000
₫938,000
₫19,500
₫125,000
₫57,000
₫33,394
₫36,600
₫374,000
₫20,000
₫17,700
₫58,900
₫115,000
₫53,000
₫59,000
₫39,000
₫10,450
₫29,900
₫29,900
₫69,000
₫35,000
₫26,900
₫11,500
₫8,600
₫21,200
₫8,700
₫29,400
₫18,700
₫23,000
₫150,000
₫10,700
₫29,000
₫82,900
₫132,000
₫25,300
₫28,000
₫50,136
₫35,000
₫49,000
₫187,000
₫37,500
₫83,000
₫938,000
₫19,500
₫125,000
₫57,000
₫33,394
₫36,600
₫374,000
₫20,000
₫17,700
₫58,900
₫115,000
₫53,000
₫59,000
₫39,000
₫10,450
₫29,900
₫29,900
₫69,000
₫35,000
₫26,900
₫11,500
₫8,600
₫21,200
₫8,700
₫29,400
₫18,700
₫23,000
₫150,000
₫10,700
₫29,000
₫82,900
₫132,000
₫25,300
₫28,000
₫50,136
₫35,000
₫49,000
₫187,000
₫37,500
₫83,000
₫938,000
₫19,500
₫125,000
₫57,000
₫33,394
₫36,600
₫374,000
₫20,000
₫17,700
₫58,900
₫115,000
₫53,000
₫59,000
₫39,000
₫10,450
₫29,900
₫29,900
₫69,000
₫35,000
₫26,900
₫11,500
₫8,600
₫21,200
₫8,700
₫29,400
₫18,700
₫23,000
₫150,000
₫10,700
₫29,000
₫82,900
₫132,000
₫25,300
₫28,000
₫50,136
₫35,000
₫49,000
₫187,000
₫37,500
₫83,000
₫938,000
₫19,500
₫125,000
₫57,000
₫33,394
₫36,600
₫374,000
₫20,000
₫17,700
₫58,900
₫115,000
₫53,000
₫59,000
₫39,000
₫10,450
₫29,900
₫29,900
₫69,000
₫35,000
₫26,900
₫11,500
₫8,600
₫21,200
₫8,700
₫29,400
₫18,700
₫23,000
₫150,000
₫10,700
₫29,000
₫82,900
₫132,000
₫25,300
₫28,000
₫50,136
₫35,000
₫49,000
₫187,000
₫37,500
₫83,000
₫938,000
₫19,500
₫125,000
₫57,000
₫33,394
₫36,600
₫374,000
₫20,000
₫17,700
₫58,900
₫115,000
₫53,000
₫59,000
₫39,000
₫10,450
₫29,900
₫29,900
₫69,000
₫35,000
₫26,900
₫11,500
₫8,600
₫21,200
₫8,700
₫29,400
₫18,700
₫23,000
₫150,000
₫10,700
₫29,000
₫82,900
₫132,000
₫25,300
₫28,000
₫50,136
₫35,000
₫49,000
₫187,000
₫37,500
₫83,000
₫938,000
₫19,500
₫125,000
₫57,000
₫33,394
₫36,600
₫374,000
₫20,000
₫17,700
₫58,900
₫115,000
₫53,000
₫59,000
₫39,000
₫10,450
₫29,900
₫29,900
₫69,000
₫35,000
₫26,900
₫11,500
₫8,600
₫21,200
₫8,700
₫29,400
₫18,700
₫23,000
₫150,000
₫10,700
₫29,000
₫82,900
₫132,000
₫25,300
₫28,000
₫50,136
₫35,000
₫49,000
₫187,000
₫37,500
₫83,000
₫938,000
₫19,500
₫125,000
₫57,000
₫33,394
₫36,600
₫374,000
₫20,000
₫17,700
₫58,900
₫115,000
₫53,000
₫59,000
₫39,000
₫10,450
₫29,900
₫29,900
₫69,000
₫35,000
₫26,900
₫11,500
₫8,600
₫21,200
₫8,700
₫29,400
₫18,700
₫23,000
₫150,000
₫10,700
₫29,000
₫82,900
₫132,000
₫25,300
₫28,000
₫50,136
₫35,000
₫49,000
₫187,000
₫37,500
₫83,000
₫938,000
₫19,500
₫125,000
₫57,000
₫33,394
₫36,600
₫374,000
₫20,000
₫17,700
₫58,900
₫115,000
₫53,000
₫59,000
₫39,000
₫10,450
₫29,900
₫29,900
₫69,000
₫35,000
₫26,900
₫11,500
₫8,600
₫21,200
₫8,700
₫29,400
₫18,700
₫23,000
₫150,000
₫10,700
₫29,000
₫82,900
₫132,000
₫25,300
₫28,000
₫50,136
₫35,000
₫49,000
₫187,000
₫37,500
₫83,000
₫938,000
₫19,500
₫125,000
₫57,000
₫33,394
₫36,600
₫374,000
₫20,000
₫17,700
₫58,900
₫115,000
₫53,000
₫59,000
₫39,000
₫10,450
₫29,900
₫29,900
₫69,000
₫35,000
₫26,900
₫11,500
₫8,600
₫21,200
₫8,700
₫29,400
₫18,700
₫23,000
₫150,000
₫10,700
₫29,000
₫82,900
₫132,000
₫25,300
₫28,000
₫50,136
₫35,000
₫49,000
₫187,000
₫37,500
₫83,000
₫938,000
₫19,500
₫125,000
₫57,000
₫33,394
₫36,600
₫374,000
₫20,000
₫17,700
₫58,900
₫115,000
₫53,000
₫59,000
₫39,000
₫10,450
₫29,900
₫29,900
₫69,000
₫35,000
₫26,900
₫11,500
₫8,600
₫21,200
₫8,700
₫29,400
₫18,700
₫23,000
₫150,000
₫10,700
₫29,000
₫82,900
₫132,000
₫25,300
₫28,000
₫50,136
₫35,000
₫49,000
₫187,000
₫37,500
₫83,000
₫938,000
₫19,500
₫125,000
₫57,000
₫33,394
₫36,600
₫374,000
₫20,000
₫17,700
₫58,900
₫115,000
₫53,000
₫59,000
₫39,000
₫10,450
₫29,900
₫29,900
₫69,000
₫35,000
₫26,900
₫11,500
₫8,600
₫21,200
₫8,700
₫29,400
₫18,700
₫23,000
₫150,000
₫10,700
₫29,000
₫82,900
₫132,000
₫25,300
₫28,000
₫50,136
₫35,000
₫49,000
₫187,000
₫37,500
₫83,000
₫938,000
₫19,500
₫125,000
₫57,000
₫33,394
₫36,600
₫374,000
₫20,000
₫17,700
₫58,900
₫115,000
₫53,000
₫59,000
₫39,000
₫10,450
₫29,900
₫29,900
₫69,000
₫35,000
₫26,900
₫11,500
₫8,600
₫21,200
₫8,700
₫29,400
₫18,700
₫23,000
₫150,000
₫10,700
₫29,000
₫82,900
₫132,000
₫25,300
₫28,000
₫50,136
₫35,000
₫49,000
₫187,000
₫37,500
₫83,000
₫938,000
₫19,500
₫125,000
₫57,000
₫33,394
₫36,600
₫374,000
₫20,000
₫17,700
₫58,900
₫115,000
₫53,000
₫59,000
₫39,000
₫10,450
₫29,900
₫29,900
₫69,000
₫35,000
₫26,900
₫11,500
₫8,600
₫21,200
₫8,700
₫29,400
₫18,700
₫23,000
₫150,000
₫10,700
₫29,000
₫82,900
₫132,000
₫25,300
₫28,000
₫50,136
₫35,000
₫49,000
₫187,000
₫37,500
₫83,000
₫938,000
₫19,500
₫125,000
₫57,000
₫33,394
₫36,600
₫374,000
₫20,000
₫17,700
₫58,900
₫115,000
₫53,000
₫59,000
₫39,000
₫10,450
₫29,900
₫29,900
₫69,000
₫35,000
₫26,900
₫11,500
₫8,600
₫21,200
₫8,700
₫29,400
₫18,700
₫23,000
₫150,000
₫10,700
₫29,000
₫82,900
₫132,000
₫25,300
₫28,000
₫50,136
₫35,000
₫49,000
₫187,000
₫37,500
₫83,000
₫938,000
₫19,500
₫125,000
₫57,000
₫33,394
₫36,600
₫374,000
₫20,000
₫17,700
₫58,900
₫115,000
₫53,000
₫59,000
₫39,000
₫10,450
₫29,900
₫29,900
₫69,000
₫35,000
₫26,900
₫11,500
₫8,600
₫21,200
₫8,700
₫29,400
₫18,700
₫23,000
₫150,000
₫10,700
₫29,000
₫82,900
₫132,000
₫25,300
₫28,000
₫50,136
₫35,000
₫49,000
₫187,000
₫37,500
₫83,000
₫938,000
₫19,500
₫125,000
₫57,000
₫33,394
₫36,600
₫374,000
₫20,000
₫17,700
₫58,900
₫115,000
₫53,000
₫59,000
₫39,000
₫10,450
₫29,900
₫29,900
₫69,000
₫35,000
₫26,900
₫11,500
₫8,600
₫21,200
₫8,700
₫29,400
₫18,700
₫23,000
₫150,000
₫10,700
₫29,000
₫82,900
₫132,000
₫25,300
₫28,000
₫50,136
₫35,000
₫49,000
₫187,000
₫37,500
₫83,000
₫938,000
₫19,500
₫125,000
₫57,000
₫33,394
₫36,600
₫374,000
₫20,000
₫17,700
₫58,900
₫115,000
₫53,000
₫59,000
₫39,000
₫10,450
₫29,900
₫29,900
₫69,000
₫35,000
₫26,900
₫11,500
₫8,600
₫21,200
₫8,700
₫29,400
₫18,700
₫23,000
₫150,000
₫10,700
₫29,000
₫82,900
₫132,000
₫25,300
₫28,000
₫50,136
₫35,000
₫49,000
₫187,000
₫37,500
₫83,000
₫938,000
₫19,500
₫125,000
₫57,000
₫33,394
₫36,600
₫374,000
₫20,000
₫17,700
₫58,900
₫115,000
₫53,000
₫59,000
₫39,000
₫10,450
₫29,900
₫29,900
₫69,000
₫35,000
₫26,900
₫11,500
₫8,600
₫21,200
₫8,700
₫29,400
₫18,700
₫23,000
₫150,000
₫10,700
₫29,000
₫82,900
₫132,000
₫25,300
₫28,000
₫50,136
₫35,000
₫49,000
₫187,000
₫37,500
₫83,000
₫938,000
₫19,500
₫125,000
₫57,000
₫33,394
₫36,600
₫374,000
₫20,000
₫17,700
₫58,900
₫115,000
₫53,000
₫59,000
₫39,000
₫10,450
₫29,900
₫29,900
₫69,000
₫35,000
₫26,900
₫11,500
₫8,600
₫21,200
₫8,700
₫29,400
₫18,700
₫23,000
₫150,000
₫10,700
₫29,000
₫82,900
₫132,000
₫25,300
₫28,000
₫50,136
₫35,000
₫49,000
₫187,000
₫37,500
₫83,000
₫938,000
₫19,500
₫125,000
₫57,000
₫33,394
₫36,600
₫374,000
₫20,000
₫17,700
₫58,900
₫115,000
₫53,000
₫59,000
₫39,000
₫10,450
₫29,900
₫29,900
₫69,000
₫35,000
₫26,900
₫11,500
₫8,600
₫21,200
₫8,700
₫29,400
₫18,700
₫23,000
₫150,000
₫10,700
₫29,000
₫82,900
₫132,000
₫25,300
₫28,000
₫50,136
₫35,000
₫49,000
₫187,000
₫37,500
₫83,000
₫938,000
₫19,500
₫125,000
₫57,000
₫33,394
₫36,600
₫374,000
₫20,000
₫17,700
₫58,900
₫115,000
₫53,000
₫59,000
₫39,000
₫10,450
₫29,900
₫29,900
₫69,000
₫35,000
₫26,900
₫11,500
₫8,600
₫21,200
₫8,700
₫29,400
₫18,700
₫23,000
₫150,000
₫10,700
₫29,000
₫82,900
₫132,000
₫25,300
₫28,000
₫50,136
₫35,000
₫49,000
₫187,000
₫37,500
₫83,000
₫938,000
₫19,500
₫125,000
₫57,000
₫33,394
₫36,600
₫374,000
₫20,000
₫17,700
₫58,900
₫115,000
₫53,000
₫59,000
₫39,000
₫10,450
₫29,900
₫29,900
₫69,000
₫35,000
₫26,900
₫11,500
₫8,600
₫21,200
₫8,700
₫29,400
₫18,700
₫23,000
₫150,000
₫10,700
₫29,000
₫82,900
₫132,000
₫25,300
₫28,000
₫50,136
₫35,000
₫49,000
₫187,000
₫37,500
₫83,000
₫938,000
₫19,500
₫125,000
₫57,000
₫33,394
₫36,600
₫374,000
₫20,000
₫17,700
₫58,900
₫115,000
₫53,000
₫59,000
₫39,000
₫10,450
₫29,900
₫29,900
₫69,000
₫35,000
₫26,900
₫11,500
₫8,600
₫21,200
₫8,700
₫29,400
₫18,700
₫23,000
₫150,000
₫10,700
₫29,000
₫82,900
₫132,000
₫25,300
₫28,000
₫50,136
₫35,000
₫49,000
₫187,000
₫37,500
₫83,000
₫938,000
₫19,500
₫125,000
₫57,000
₫33,394
₫36,600
₫374,000
₫20,000
₫17,700
₫58,900
₫115,000
₫53,000
₫59,000
₫39,000
₫10,450
₫29,900
₫29,900
₫69,000
₫35,000
₫26,900
₫11,500
₫8,600
₫21,200
₫8,700
₫29,400
₫18,700
₫23,000
₫150,000
₫10,700
₫29,000
₫82,900
₫132,000
₫25,300
₫28,000
₫50,136
₫35,000
₫49,000
₫187,000
₫37,500
₫83,000
₫938,000
₫19,500
₫125,000
₫57,000
₫33,394
₫36,600
₫374,000
₫20,000
₫17,700
₫58,900
₫115,000
₫53,000
₫59,000
₫39,000
₫10,450
₫29,900
₫29,900
₫69,000
₫35,000
₫26,900
₫11,500
₫8,600
₫21,200
₫8,700
₫29,400
₫18,700
₫23,000
₫150,000
₫10,700
₫29,000
₫82,900
₫132,000
₫25,300
₫28,000
₫50,136
₫35,000
₫49,000
₫187,000
₫37,500
₫83,000
₫938,000
₫19,500
₫125,000
₫57,000
₫33,394
₫36,600
₫374,000
₫20,000
₫17,700
₫58,900
₫115,000
₫53,000
₫59,000
₫39,000
₫10,450
₫29,900
₫29,900
₫69,000
₫35,000
₫26,900
₫11,500
₫8,600
₫21,200
₫8,700
₫29,400
₫18,700
₫23,000
₫150,000
₫10,700
₫29,000
₫82,900
₫132,000
₫25,300
₫28,000
₫50,136
₫35,000
₫49,000
₫187,000
₫37,500
₫83,000
₫938,000
₫19,500
₫125,000
₫57,000
₫33,394
₫36,600
₫374,000
₫20,000
₫17,700
₫58,900
₫115,000
₫53,000
₫59,000
₫39,000
₫10,450
₫29,900
₫29,900
₫69,000
₫35,000
₫26,900
₫11,500
₫8,600
₫21,200
₫8,700
₫29,400
₫18,700
₫23,000
₫150,000
₫10,700
₫29,000
₫82,900
₫132,000
₫25,300
₫28,000
₫50,136
₫35,000
₫49,000
₫187,000
₫37,500
₫83,000
₫938,000
₫19,500
₫125,000
₫57,000
₫33,394
₫36,600
₫374,000
₫20,000
₫17,700
₫58,900
₫115,000
₫53,000
₫59,000
₫39,000
₫10,450
₫29,900
₫29,900
₫69,000
₫35,000
₫26,900
₫11,500
₫8,600
₫21,200
₫8,700
₫29,400
₫18,700
₫23,000
₫150,000
₫10,700
₫29,000
₫82,900
₫132,000
₫25,300
₫28,000
₫50,136
₫35,000
₫49,000
₫187,000
₫37,500
₫83,000
₫938,000
₫19,500
₫125,000
₫57,000
₫33,394
₫36,600
₫374,000
₫20,000
₫17,700
₫58,900
₫115,000
₫53,000
₫59,000
₫39,000
₫10,450
₫29,900
₫29,900
₫69,000
₫35,000
₫26,900
₫11,500
₫8,600
₫21,200
₫8,700
₫29,400
₫18,700
₫23,000
₫150,000
₫10,700
₫29,000
₫82,900
₫132,000
₫25,300
₫28,000
₫50,136
₫35,000
₫49,000
₫187,000
₫37,500
₫83,000
₫938,000
₫19,500
₫125,000
₫57,000
₫33,394
₫36,600
₫374,000
₫20,000
₫17,700
₫58,900
₫115,000
₫53,000
₫59,000
₫39,000
₫10,450
₫29,900
₫29,900
₫69,000
₫35,000
₫26,900
₫11,500
₫8,600
₫21,200
₫8,700
₫29,400
₫18,700
₫23,000
₫150,000
₫10,700
₫29,000
₫82,900
₫132,000
₫25,300
₫28,000
₫50,136
₫35,000
₫49,000
₫187,000
₫37,500
₫83,000
₫938,000
₫19,500
₫125,000
₫57,000
₫33,394
₫36,600
₫374,000
₫20,000
₫17,700
₫58,900
₫115,000
₫53,000
₫59,000
₫39,000
₫10,450
₫29,900
₫29,900
₫69,000
₫35,000
₫26,900
₫11,500
₫8,600
₫21,200
₫8,700
₫29,400
₫18,700
₫23,000
₫150,000
₫10,700
₫29,000
₫82,900
₫132,000
₫25,300
₫28,000
₫50,136
₫35,000
₫49,000
₫187,000
₫37,500
₫83,000
₫938,000
₫19,500
₫125,000
₫57,000
₫33,394
₫36,600
₫374,000
₫20,000
₫17,700
₫58,900
₫115,000
₫53,000
₫59,000
₫39,000
₫10,450
₫29,900
₫29,900
₫69,000
₫35,000
₫26,900
₫11,500
₫8,600
₫21,200
₫8,700
₫29,400
₫18,700
₫23,000
₫150,000
₫10,700
₫29,000
₫82,900
₫132,000
₫25,300
₫28,000
₫50,136
₫35,000
₫49,000
₫187,000
₫37,500
₫83,000
₫938,000
₫19,500
₫125,000
₫57,000
₫33,394
₫36,600
₫374,000
₫20,000
₫17,700
₫58,900
₫115,000
₫53,000
₫59,000
₫39,000
₫10,450
₫29,900
₫29,900
₫69,000
₫35,000
₫26,900
₫11,500
₫8,600
₫21,200
₫8,700
₫29,400
₫18,700
₫23,000
₫150,000
₫10,700
₫29,000
₫82,900
₫132,000
₫25,300
₫28,000
₫50,136
₫35,000
₫49,000
₫187,000
₫37,500
₫83,000
₫938,000
₫19,500
₫125,000
₫57,000
₫33,394
₫36,600
₫374,000
₫20,000
₫17,700
₫58,900
₫115,000
₫53,000
₫59,000
₫39,000
₫10,450
₫29,900
₫29,900
₫69,000
₫35,000
₫26,900
₫11,500
₫8,600
₫21,200
₫8,700
₫29,400
₫18,700
₫23,000
₫150,000
₫10,700
₫29,000
₫82,900
₫132,000
₫25,300
₫28,000
₫50,136
₫35,000
₫49,000
₫187,000
₫37,500
₫83,000
₫938,000
₫19,500
₫125,000
₫57,000
₫33,394
₫36,600
₫374,000
₫20,000
₫17,700
₫58,900
₫115,000
₫53,000
₫59,000
₫39,000
₫10,450
₫29,900
₫29,900
₫69,000
₫35,000
₫26,900
₫11,500
₫8,600
₫21,200
₫8,700
₫29,400
₫18,700
₫23,000
₫150,000
₫10,700
₫29,000
₫82,900
₫132,000
₫25,300
₫28,000
₫50,136
₫35,000
₫49,000
₫187,000
₫37,500
₫83,000
₫938,000
₫19,500
₫125,000
₫57,000
₫33,394
₫36,600
₫374,000
₫20,000
₫17,700
₫58,900
₫115,000
₫53,000
₫59,000
₫39,000
₫10,450
₫29,900
₫29,900
₫69,000
₫35,000
₫26,900
₫11,500
₫8,600
₫21,200
₫8,700
₫29,400
₫18,700
₫23,000
₫150,000
₫10,700
₫29,000
₫82,900
₫132,000
₫25,300
₫28,000
₫50,136
₫35,000
₫49,000
₫187,000
₫37,500
₫83,000
₫938,000
₫19,500
₫125,000
₫57,000
₫33,394
₫36,600
₫374,000
₫20,000
₫17,700
₫58,900
₫115,000
₫53,000
₫59,000
₫39,000
₫10,450
₫29,900
₫29,900
₫69,000
₫35,000
₫26,900
₫11,500
₫8,600
₫21,200
₫8,700
₫29,400
₫18,700
₫23,000
₫150,000
₫10,700
₫29,000
₫82,900
₫132,000
₫25,300
₫28,000
₫50,136
₫35,000
₫49,000
₫187,000
₫37,500
₫83,000
₫938,000
₫19,500
₫125,000
₫57,000
₫33,394
₫36,600
₫374,000
₫20,000
₫17,700
₫58,900
₫115,000
₫53,000
₫59,000
₫39,000
₫10,450
₫29,900
₫29,900
₫69,000
₫35,000
₫26,900
₫11,500
₫8,600
₫21,200
₫8,700
₫29,400
₫18,700
₫23,000
₫150,000
₫10,700
₫29,000
₫82,900
₫132,000
₫25,300
₫28,000
₫50,136
₫35,000
₫49,000
₫187,000
₫37,500
₫83,000
₫938,000
₫19,500
₫125,000
₫57,000
₫33,394
₫36,600
₫374,000
₫20,000
₫17,700
₫58,900
₫115,000
₫53,000
₫59,000
₫39,000
₫10,450
₫29,900
₫29,900
₫69,000
₫35,000
₫26,900
₫11,500
₫8,600
₫21,200
₫8,700
₫29,400
₫18,700
₫23,000
₫150,000
₫10,700
₫29,000
₫82,900
₫132,000
₫25,300
₫28,000
₫50,136
₫35,000
₫49,000
₫187,000
₫37,500
₫83,000
₫938,000
₫19,500
₫125,000
₫57,000
₫33,394
₫36,600
₫374,000
₫20,000
₫17,700
₫58,900
₫115,000
₫53,000
₫59,000
₫39,000
₫10,450
₫29,900
₫29,900
₫69,000
₫35,000
₫26,900
₫11,500
₫8,600
₫21,200
₫8,700
₫29,400
₫18,700
₫23,000
₫150,000
₫10,700
₫29,000
₫82,900
₫132,000
₫25,300
₫28,000
₫50,136
₫35,000
₫49,000
₫187,000
₫37,500
₫83,000
₫938,000
₫19,500
₫125,000
₫57,000
₫33,394
₫36,600
₫374,000
₫20,000
₫17,700
₫58,900
₫115,000
₫53,000
₫59,000
₫39,000
₫10,450
₫29,900
₫29,900
₫69,000
₫35,000
₫26,900
₫11,500
₫8,600
₫21,200
₫8,700
₫29,400
₫18,700
₫23,000
₫150,000
₫10,700
₫29,000
₫82,900
₫132,000
₫25,300
₫28,000
₫50,136
₫35,000
₫49,000
₫187,000
₫37,500
₫83,000
₫938,000
₫19,500
₫125,000
₫57,000
₫33,394
₫36,600
₫374,000
₫20,000
₫17,700
₫58,900
₫115,000
₫53,000
₫59,000
₫39,000
₫10,450
₫29,900
₫29,900
₫69,000
₫35,000
₫26,900
₫11,500
₫8,600
₫21,200
₫8,700
₫29,400
₫18,700
₫23,000
₫150,000
₫10,700
₫29,000
₫82,900
₫132,000
₫25,300
₫28,000
₫50,136
₫35,000
₫49,000
₫187,000
₫37,500
₫83,000
₫938,000
₫19,500
₫125,000
₫57,000
₫33,394
₫36,600
₫374,000
₫20,000
₫17,700
₫58,900
₫115,000
₫53,000
₫59,000
₫39,000
₫10,450
₫29,900
₫29,900
₫69,000
₫35,000
₫26,900
₫11,500
₫8,600
₫21,200
₫8,700
₫29,400
₫18,700
₫23,000
₫150,000
₫10,700
₫29,000
₫82,900
₫132,000
₫25,300
₫28,000
₫50,136
₫35,000
₫49,000
₫187,000
₫37,500
₫83,000
₫938,000
₫19,500
₫125,000
₫57,000
₫33,394
₫36,600
₫374,000
₫20,000
₫17,700
₫58,900
₫115,000
₫53,000
₫59,000
₫39,000
₫10,450
₫29,900
₫29,900
₫69,000
₫35,000
₫26,900
₫11,500
₫8,600
₫21,200
₫8,700
₫29,400
₫18,700
₫23,000
₫150,000
₫10,700
₫29,000
₫82,900
₫132,000
₫25,300
₫28,000
₫50,136
₫35,000
₫49,000
₫187,000
₫37,500
₫83,000
₫938,000
₫19,500
₫125,000
₫57,000
₫33,394
₫36,600
₫374,000
₫20,000
₫17,700
₫58,900
₫115,000
₫53,000
₫59,000
₫39,000
₫10,450
₫29,900
₫29,900
₫69,000
₫35,000
₫26,900
₫11,500
₫8,600
₫21,200
₫8,700
₫29,400
₫18,700
₫23,000
₫150,000
₫10,700
₫29,000
₫82,900
₫132,000
₫25,300
₫28,000
₫50,136
₫35,000
₫49,000
₫187,000
₫37,500
₫83,000
₫938,000
₫19,500
₫125,000
₫57,000
₫33,394
₫36,600
₫374,000
₫20,000
₫17,700
₫58,900
₫115,000
₫53,000
₫59,000
₫39,000
₫10,450
₫29,900
₫29,900
₫69,000
₫35,000
₫26,900
₫11,500
₫8,600
₫21,200
₫8,700
₫29,400
₫18,700
₫23,000
₫150,000
₫10,700
₫29,000
₫82,900
₫132,000
₫25,300
₫28,000
₫50,136
₫35,000
₫49,000
₫187,000
₫37,500
₫83,000
₫938,000
₫19,500
₫125,000
₫57,000
₫33,394
₫36,600
₫374,000
₫20,000
₫17,700
₫58,900
₫115,000
₫53,000
₫59,000
₫39,000
₫10,450
₫29,900
₫29,900
₫69,000
₫35,000
₫26,900
₫11,500
₫8,600
₫21,200
₫8,700
₫29,400
₫18,700
₫23,000
₫150,000
₫10,700
₫29,000
₫82,900
₫132,000
₫25,300
₫28,000
₫50,136
₫35,000
₫49,000
₫187,000
₫37,500
₫83,000
₫938,000
₫19,500
₫125,000
₫57,000
₫33,394
₫36,600
₫374,000
₫20,000
₫17,700
₫58,900
₫115,000
₫53,000
₫59,000
₫39,000
₫10,450
₫29,900
₫29,900
₫69,000
₫35,000
₫26,900
₫11,500
₫8,600
₫21,200
₫8,700
₫29,400
₫18,700
₫23,000
₫150,000
₫10,700
₫29,000
₫82,900
₫132,000
₫25,300
₫28,000
₫50,136
₫35,000
₫49,000
₫187,000
₫37,500
₫83,000
₫938,000
₫19,500
₫125,000
₫57,000
₫33,394
₫36,600
₫374,000
₫20,000
₫17,700
₫58,900
₫115,000
₫53,000
₫59,000
₫39,000
₫10,450
₫29,900
₫29,900
₫69,000
₫35,000
₫26,900
₫11,500
₫8,600
₫21,200
₫8,700
₫29,400
₫18,700
₫23,000
₫150,000
₫10,700
₫29,000
₫82,900
₫132,000
₫25,300
₫28,000
₫50,136
₫35,000
₫49,000
₫187,000
₫37,500
₫83,000
₫938,000
₫19,500
₫125,000
₫57,000
₫33,394
₫36,600
₫374,000
₫20,000
₫17,700
₫58,900
₫115,000
₫53,000
₫59,000
₫39,000
₫10,450
₫29,900
₫29,900
₫69,000
₫35,000
₫26,900
₫11,500
₫8,600
₫21,200
₫8,700
₫29,400
₫18,700
₫23,000
₫150,000
₫10,700
₫29,000
₫82,900
₫132,000
₫25,300
₫28,000
₫50,136
₫35,000
₫49,000
₫187,000
₫37,500
₫83,000
₫938,000
₫19,500
₫125,000
₫57,000
₫33,394
₫36,600
₫374,000
₫20,000
₫17,700
₫58,900
₫115,000
₫53,000
₫59,000
₫39,000
₫10,450
₫29,900
₫29,900
₫69,000
₫35,000
₫26,900
₫11,500
₫8,600
₫21,200
₫8,700
₫29,400
₫18,700
₫23,000
₫150,000
₫10,700
₫29,000
₫82,900
₫132,000
₫25,300
₫28,000
₫50,136
₫35,000
₫49,000
₫187,000
₫37,500
₫83,000
₫938,000
₫19,500
₫125,000
₫57,000
₫33,394
₫36,600
₫374,000
₫20,000
₫17,700
₫58,900
₫115,000
₫53,000
₫59,000
₫39,000
₫10,450
₫29,900
₫29,900
₫69,000
₫35,000
₫26,900
₫11,500
₫8,600
₫21,200
₫8,700
₫29,400
₫18,700
₫23,000
₫150,000
₫10,700
₫29,000
₫82,900
₫132,000
₫25,300
₫28,000
₫50,136
₫35,000
₫49,000
₫187,000
₫37,500
₫83,000
₫938,000
₫19,500
₫125,000
₫57,000
₫33,394
₫36,600
₫374,000
₫20,000
₫17,700
₫58,900
₫115,000
₫53,000
₫59,000
₫39,000
₫10,450
₫29,900
₫29,900
₫69,000
₫35,000
₫26,900
₫11,500
₫8,600
₫21,200
₫8,700
₫29,400
₫18,700
₫23,000
₫150,000
₫10,700
₫29,000
₫82,900
₫132,000
₫25,300
₫28,000
₫50,136
₫35,000
₫49,000
₫187,000
₫37,500
₫83,000
₫938,000
₫19,500
₫125,000
₫57,000
₫33,394
₫36,600
₫374,000
₫20,000
₫17,700
₫58,900
₫115,000
₫53,000
₫59,000
₫39,000
₫10,450
₫29,900
₫29,900
₫69,000
₫35,000
₫26,900
₫11,500
₫8,600
₫21,200
₫8,700
₫29,400
₫18,700
₫23,000
₫150,000
₫10,700
₫29,000
₫82,900
₫132,000
₫25,300
₫28,000
₫50,136
₫35,000
₫49,000
₫187,000
₫37,500
₫83,000
₫938,000
₫19,500
₫125,000
₫57,000
₫33,394
₫36,600
₫374,000
₫20,000
₫17,700
₫58,900
₫115,000
₫53,000
₫59,000
₫39,000
₫10,450
₫29,900
₫29,900
₫69,000
₫35,000
₫26,900
₫11,500
₫8,600
₫21,200
₫8,700
₫29,400
₫18,700
₫23,000
₫150,000
₫10,700
₫29,000
₫82,900
₫132,000
₫25,300
₫28,000
₫50,136
₫35,000
₫49,000
₫187,000
₫37,500
₫83,000
₫938,000
₫19,500
₫125,000
₫57,000
₫33,394
₫36,600
₫374,000
₫20,000
₫17,700
₫58,900
₫115,000
₫53,000
₫59,000
₫39,000
₫10,450
₫29,900
₫29,900
₫69,000
₫35,000
₫26,900
₫11,500
₫8,600
₫21,200
₫8,700
₫29,400
₫18,700
₫23,000
₫150,000
₫10,700
₫29,000
₫82,900
₫132,000
₫25,300
₫28,000
₫50,136
₫35,000
₫49,000
₫187,000
₫37,500
₫83,000
₫938,000
₫19,500
₫125,000
₫57,000
₫33,394
₫36,600
₫374,000
₫20,000
₫17,700
₫58,900
₫115,000
₫53,000
₫59,000
₫39,000
₫10,450
₫29,900
₫29,900
₫69,000
₫35,000
₫26,900
₫11,500
₫8,600
₫21,200
₫8,700
₫29,400
₫18,700
₫23,000
₫150,000
₫10,700
₫29,000
₫82,900
₫132,000
₫25,300
₫28,000
₫50,136
₫35,000
₫49,000
₫187,000
₫37,500
₫83,000
₫938,000
₫19,500
₫125,000
₫57,000
₫33,394
₫36,600
₫374,000
₫20,000
₫17,700
₫58,900
₫115,000
₫53,000
₫59,000
₫39,000
₫10,450
₫29,900
₫29,900
₫69,000
₫35,000
₫26,900
₫11,500
₫8,600
₫21,200
₫8,700
₫29,400
₫18,700
₫23,000
₫150,000
₫10,700
₫29,000
₫82,900
₫132,000
₫25,300
₫28,000
₫50,136
₫35,000
₫49,000
₫187,000
₫37,500
₫83,000
₫938,000
₫19,500
₫125,000
₫57,000
₫33,394
₫36,600
₫374,000
₫20,000
₫17,700
₫58,900
₫115,000
₫53,000
₫59,000
₫39,000
₫10,450
₫29,900
₫29,900
₫69,000
₫35,000
₫26,900
₫11,500
₫8,600
₫21,200
₫8,700
₫29,400
₫18,700
₫23,000
₫150,000
₫10,700
₫29,000
₫82,900
₫132,000
₫25,300
₫28,000
₫50,136
₫35,000
₫49,000
₫187,000
₫37,500
₫83,000
₫938,000
₫19,500
₫125,000
₫57,000
₫33,394
₫36,600
₫374,000
₫20,000
₫17,700
₫58,900
₫115,000
₫53,000
₫59,000
₫39,000
₫10,450
₫29,900
₫29,900
₫69,000
₫35,000
₫26,900
₫11,500
₫8,600
₫21,200
₫8,700
₫29,400
₫18,700
₫23,000
₫150,000
₫10,700
₫29,000
₫82,900
₫132,000
₫25,300
₫28,000
₫50,136
₫35,000
₫49,000
₫187,000
₫37,500
₫83,000
₫938,000
₫19,500
₫125,000
₫57,000
₫33,394
₫36,600
₫374,000
₫20,000
₫17,700
₫58,900
₫115,000
₫53,000
₫59,000
₫39,000
₫10,450
₫29,900
₫29,900
₫69,000
₫35,000
₫26,900
₫11,500
₫8,600
₫21,200
₫8,700
₫29,400
₫18,700
₫23,000
₫150,000
₫10,700
₫29,000
₫82,900
₫132,000
₫25,300
₫28,000
₫50,136
₫35,000
₫49,000
₫187,000
₫37,500
₫83,000
₫938,000
₫19,500
₫125,000
₫57,000
₫33,394
₫36,600
₫374,000
₫20,000
₫17,700
₫58,900
₫115,000
₫53,000
₫59,000
₫39,000
₫10,450
₫29,900
₫29,900
₫69,000
₫35,000
₫26,900
₫11,500
₫8,600
₫21,200
₫8,700
₫29,400
₫18,700
₫23,000
₫150,000
₫10,700
₫29,000
₫82,900
₫132,000
₫25,300
₫28,000
₫50,136
₫35,000
₫49,000
₫187,000
₫37,500
₫83,000
₫938,000
₫19,500
₫125,000
₫57,000
₫33,394
₫36,600
₫374,000
₫20,000
₫17,700
₫58,900
₫115,000
₫53,000
₫59,000
₫39,000
₫10,450
₫29,900
₫29,900
₫69,000
₫35,000
₫26,900
₫11,500
₫8,600
₫21,200
₫8,700
₫29,400
₫18,700
₫23,000
₫150,000
₫10,700
₫29,000
₫82,900
₫132,000
₫25,300
₫28,000
₫50,136
₫35,000
₫49,000
₫187,000
₫37,500
₫83,000
₫938,000
₫19,500
₫125,000
₫57,000
₫33,394
₫36,600
₫374,000
₫20,000
₫17,700
₫58,900
₫115,000
₫53,000
₫59,000
₫39,000
₫10,450
₫29,900
₫29,900
₫69,000
₫35,000
₫26,900
₫11,500
₫8,600
₫21,200
₫8,700
₫29,400
₫18,700
₫23,000
₫150,000
₫10,700
₫29,000
₫82,900
₫132,000
₫25,300
₫28,000
₫50,136
₫35,000
₫49,000
₫187,000
₫37,500
₫83,000
₫938,000
₫19,500
₫125,000
₫57,000
₫33,394
₫36,600
₫374,000
₫20,000
₫17,700
₫58,900
₫115,000
₫53,000
₫59,000
₫39,000
₫10,450
₫29,900
₫29,900
₫69,000
₫35,000
₫26,900
₫11,500
₫8,600
₫21,200
₫8,700
₫29,400
₫18,700
₫23,000
₫150,000
₫10,700
₫29,000
₫82,900
₫132,000
₫25,300
₫28,000
₫50,136
₫35,000
₫49,000
₫187,000
₫37,500
₫83,000
₫938,000
₫19,500
₫125,000
₫57,000
₫33,394
₫36,600
₫374,000
₫20,000
₫17,700
₫58,900
₫115,000
₫53,000
₫59,000
₫39,000
₫10,450
₫29,900
₫29,900
₫69,000
₫35,000
₫26,900
₫11,500
₫8,600
₫21,200
₫8,700
₫29,400
₫18,700
₫23,000
₫150,000
₫10,700
₫29,000
₫82,900
₫132,000
₫25,300
₫28,000
₫50,136
₫35,000
₫49,000
₫187,000
₫37,500
₫83,000
₫938,000
₫19,500
₫125,000
₫57,000
₫33,394
₫36,600
₫374,000
₫20,000
₫17,700
₫58,900
₫115,000
₫53,000
₫59,000
₫39,000
₫10,450
₫29,900
₫29,900
₫69,000
₫35,000
₫26,900
₫11,500
₫8,600
₫21,200
₫8,700
₫29,400
₫18,700
₫23,000
₫150,000
₫10,700
₫29,000
₫82,900
₫132,000
₫25,300
₫28,000
₫50,136
₫35,000
₫49,000
₫187,000
₫37,500
₫83,000
₫938,000
₫19,500
₫125,000
₫57,000
₫33,394
₫36,600
₫374,000
₫20,000
₫17,700
₫58,900
₫115,000
₫53,000
₫59,000
₫39,000
₫10,450
₫29,900
₫29,900
₫69,000
₫35,000
₫26,900
₫11,500
₫8,600
₫21,200
₫8,700
₫29,400
₫18,700
₫23,000
₫150,000
₫10,700
₫29,000
₫82,900
₫132,000
₫25,300
₫28,000
₫50,136
₫35,000
₫49,000
₫187,000
₫37,500
₫83,000
₫938,000
₫19,500
₫125,000
₫57,000
₫33,394
₫36,600
₫374,000
₫20,000
₫17,700
₫58,900
₫115,000
₫53,000
₫59,000
₫39,000
₫10,450
₫29,900
₫29,900
₫69,000
₫35,000
₫26,900
₫11,500
₫8,600
₫21,200
₫8,700
₫29,400
₫18,700
₫23,000
₫150,000
₫10,700
₫29,000
₫82,900
₫132,000
₫25,300
₫28,000
₫50,136
₫35,000
₫49,000
₫187,000
₫37,500
₫83,000
₫938,000
₫19,500
₫125,000
₫57,000
₫33,394
₫36,600
₫374,000
₫20,000
₫17,700
₫58,900
₫115,000
₫53,000
₫59,000
₫39,000
₫10,450
₫29,900
₫29,900
₫69,000
₫35,000
₫26,900
₫11,500
₫8,600
₫21,200
₫8,700
₫29,400
₫18,700
₫23,000
₫150,000
₫10,700
₫29,000
₫82,900
₫132,000
₫25,300
₫28,000
₫50,136
₫35,000
₫49,000
₫187,000
₫37,500
₫83,000
₫938,000
₫19,500
₫125,000
₫57,000
₫33,394
₫36,600
₫374,000
₫20,000
₫17,700
₫58,900
₫115,000
₫53,000
₫59,000
₫39,000
₫10,450
₫29,900
₫29,900
₫69,000
₫35,000
₫26,900
₫11,500
₫8,600
₫21,200
₫8,700
₫29,400
₫18,700
₫23,000
₫150,000
₫10,700
₫29,000
₫82,900
₫132,000
₫25,300
₫28,000
₫50,136
₫35,000
₫49,000
₫187,000
₫37,500
₫83,000
₫938,000
₫19,500
₫125,000
₫57,000
₫33,394
₫36,600
₫374,000
₫20,000
₫17,700
₫58,900
₫115,000
₫53,000
₫59,000
₫39,000
₫10,450
₫29,900
₫29,900
₫69,000
₫35,000
₫26,900
₫11,500
₫8,600
₫21,200
₫8,700
₫29,400
₫18,700
₫23,000
₫150,000
₫10,700
₫29,000
₫82,900
₫132,000
₫25,300
₫28,000
₫50,136
₫35,000
₫49,000
₫187,000
₫37,500
₫83,000
₫938,000
₫19,500
₫125,000
₫57,000
₫33,394
₫36,600
₫374,000
₫20,000
₫17,700
₫58,900
₫115,000
₫53,000
₫59,000
₫39,000
₫10,450
₫29,900
₫29,900
₫69,000
₫35,000
₫26,900
₫11,500
₫8,600
₫21,200
₫8,700
₫29,400
₫18,700
₫23,000
₫150,000
₫10,700
₫29,000
₫82,900
₫132,000
₫25,300
₫28,000
₫50,136
₫35,000
₫49,000
₫187,000
₫37,500
₫83,000
₫938,000
₫19,500
₫125,000
₫57,000
₫33,394
₫36,600
₫374,000
₫20,000
₫17,700
₫58,900
₫115,000
₫53,000
₫59,000
₫39,000
₫10,450
₫29,900
₫29,900
₫69,000
₫35,000
₫26,900
₫11,500
₫8,600
₫21,200
₫8,700
₫29,400
₫18,700
₫23,000
₫150,000
₫10,700
₫29,000
₫82,900
₫132,000
₫25,300
₫28,000
₫50,136
₫35,000
₫49,000
₫187,000
₫37,500
₫83,000
₫938,000
₫19,500
₫125,000
₫57,000
₫33,394
₫36,600
₫374,000
₫20,000
₫17,700
₫58,900
₫115,000
₫53,000
₫59,000
₫39,000
₫10,450
₫29,900
₫29,900
₫69,000
₫35,000
₫26,900
