₫49,000
₫26,900
₫45,000
₫19,900
₫18,000
₫48,000
₫21,000
₫40,000
₫19,000
₫19,000
₫24,100
₫37,000
₫19,000
₫35,000
₫45,000
₫19,000
₫25,000
₫19,000
₫28,991
₫17,900
₫24,000
₫405,000
₫16,000
₫44,000
₫68,000
₫29,500
₫85,000
₫63,000
₫39,000
₫19,000
₫29,000
₫54,000
₫29,000
₫25,000
₫24,000
₫19,000
₫13,200
₫63,000
₫22,275
₫18,000
₫49,000
₫26,900
₫45,000
₫19,900
₫18,000
₫48,000
₫21,000
₫40,000
₫19,000
₫19,000
₫24,100
₫37,000
₫19,000
₫35,000
₫45,000
₫19,000
₫25,000
₫19,000
₫28,991
₫17,900
₫24,000
₫405,000
₫16,000
₫44,000
₫68,000
₫29,500
₫85,000
₫63,000
₫39,000
₫19,000
₫29,000
₫54,000
₫29,000
₫25,000
₫24,000
₫19,000
₫13,200
₫63,000
₫22,275
₫18,000
₫49,000
₫26,900
₫45,000
₫19,900
₫18,000
₫48,000
₫21,000
₫40,000
₫19,000
₫19,000
₫24,100
₫37,000
₫19,000
₫35,000
₫45,000
₫19,000
₫25,000
₫19,000
₫28,991
₫17,900
₫24,000
₫405,000
₫16,000
₫44,000
₫68,000
₫29,500
₫85,000
₫63,000
₫39,000
₫19,000
₫29,000
₫54,000
₫29,000
₫25,000
₫24,000
₫19,000
₫13,200
₫63,000
₫22,275
₫18,000
₫49,000
₫26,900
₫45,000
₫19,900
₫18,000
₫48,000
₫21,000
₫40,000
₫19,000
₫19,000
₫24,100
₫37,000
₫19,000
₫35,000
₫45,000
₫19,000
₫25,000
₫19,000
₫28,991
₫17,900
₫24,000
₫405,000
₫16,000
₫44,000
₫68,000
₫29,500
₫85,000
₫63,000
₫39,000
₫19,000
₫29,000
₫54,000
₫29,000
₫25,000
₫24,000
₫19,000
₫13,200
₫63,000
₫22,275
₫18,000
₫49,000
₫26,900
₫45,000
₫19,900
₫18,000
₫48,000
₫21,000
₫40,000
₫19,000
₫19,000
₫24,100
₫37,000
₫19,000
₫35,000
₫45,000
₫19,000
₫25,000
₫19,000
₫28,991
₫17,900
₫24,000
₫405,000
₫16,000
₫44,000
₫68,000
₫29,500
₫85,000
₫63,000
₫39,000
₫19,000
₫29,000
₫54,000
₫29,000
₫25,000
₫24,000
₫19,000
₫13,200
₫63,000
₫22,275
₫18,000
₫49,000
₫26,900
₫45,000
₫19,900
₫18,000
₫48,000
₫21,000
₫40,000
₫19,000
₫19,000
₫24,100
₫37,000
₫19,000
₫35,000
₫45,000
₫19,000
₫25,000
₫19,000
₫28,991
₫17,900
₫24,000
₫405,000
₫16,000
₫44,000
₫68,000
₫29,500
₫85,000
₫63,000
₫39,000
₫19,000
₫29,000
₫54,000
₫29,000
₫25,000
₫24,000
₫19,000
₫13,200
₫63,000
₫22,275
₫18,000
₫49,000
₫26,900
₫45,000
₫19,900
₫18,000
₫48,000
₫21,000
₫40,000
₫19,000
₫19,000
₫24,100
₫37,000
₫19,000
₫35,000
₫45,000
₫19,000
₫25,000
₫19,000
₫28,991
₫17,900
₫24,000
₫405,000
₫16,000
₫44,000
₫68,000
₫29,500
₫85,000
₫63,000
₫39,000
₫19,000
₫29,000
₫54,000
₫29,000
₫25,000
₫24,000
₫19,000
₫13,200
₫63,000
₫22,275
₫18,000
₫49,000
₫26,900
₫45,000
₫19,900
₫18,000
₫48,000
₫21,000
₫40,000
₫19,000
₫19,000
₫24,100
₫37,000
₫19,000
₫35,000
₫45,000
₫19,000
₫25,000
₫19,000
₫28,991
₫17,900
₫24,000
₫405,000
₫16,000
₫44,000
₫68,000
₫29,500
₫85,000
₫63,000
₫39,000
₫19,000
₫29,000
₫54,000
₫29,000
₫25,000
₫24,000
₫19,000
₫13,200
₫63,000
₫22,275
₫18,000
₫49,000
₫26,900
₫45,000
₫19,900
₫18,000
₫48,000
₫21,000
₫40,000
₫19,000
₫19,000
₫24,100
₫37,000
₫19,000
₫35,000
₫45,000
₫19,000
₫25,000
₫19,000
₫28,991
₫17,900
₫24,000
₫405,000
₫16,000
₫44,000
₫68,000
₫29,500
₫85,000
₫63,000
₫39,000
₫19,000
₫29,000
₫54,000
₫29,000
₫25,000
₫24,000
₫19,000
₫13,200
₫63,000
₫22,275
₫18,000
₫49,000
₫26,900
₫45,000
₫19,900
₫18,000
₫48,000
₫21,000
₫40,000
₫19,000
₫19,000
₫24,100
₫37,000
₫19,000
₫35,000
₫45,000
₫19,000
₫25,000
₫19,000
₫28,991
₫17,900
₫24,000
₫405,000
₫16,000
₫44,000
₫68,000
₫29,500
₫85,000
₫63,000
₫39,000
₫19,000
₫29,000
₫54,000
₫29,000
₫25,000
₫24,000
₫19,000
₫13,200
₫63,000
₫22,275
₫18,000
₫49,000
₫26,900
₫45,000
₫19,900
₫18,000
₫48,000
₫21,000
₫40,000
₫19,000
₫19,000
₫24,100
₫37,000
₫19,000
₫35,000
₫45,000
₫19,000
₫25,000
₫19,000
₫28,991
₫17,900
₫24,000
₫405,000
₫16,000
₫44,000
₫68,000
₫29,500
₫85,000
₫63,000
₫39,000
₫19,000
₫29,000
₫54,000
₫29,000
₫25,000
₫24,000
₫19,000
₫13,200
₫63,000
₫22,275
₫18,000
₫49,000
₫26,900
₫45,000
₫19,900
₫18,000
₫48,000
₫21,000
₫40,000
₫19,000
₫19,000
₫24,100
₫37,000
₫19,000
₫35,000
₫45,000
₫19,000
₫25,000
₫19,000
₫28,991
₫17,900
₫24,000
₫405,000
₫16,000
₫44,000
₫68,000
₫29,500
₫85,000
₫63,000
₫39,000
₫19,000
₫29,000
₫54,000
₫29,000
₫25,000
₫24,000
₫19,000
₫13,200
₫63,000
₫22,275
₫18,000
₫49,000
₫26,900
₫45,000
₫19,900
₫18,000
₫48,000
₫21,000
₫40,000
₫19,000
₫19,000
₫24,100
₫37,000
₫19,000
₫35,000
₫45,000
₫19,000
₫25,000
₫19,000
₫28,991
₫17,900
₫24,000
₫405,000
₫16,000
₫44,000
₫68,000
₫29,500
₫85,000
₫63,000
₫39,000
₫19,000
₫29,000
₫54,000
₫29,000
₫25,000
₫24,000
₫19,000
₫13,200
₫63,000
₫22,275
₫18,000
₫49,000
₫26,900
₫45,000
₫19,900
₫18,000
₫48,000
₫21,000
₫40,000
₫19,000
₫19,000
₫24,100
₫37,000
₫19,000
₫35,000
₫45,000
₫19,000
₫25,000
₫19,000
₫28,991
₫17,900
₫24,000
₫405,000
₫16,000
₫44,000
₫68,000
₫29,500
₫85,000
₫63,000
₫39,000
₫19,000
₫29,000
₫54,000
₫29,000
₫25,000
₫24,000
₫19,000
₫13,200
₫63,000
₫22,275
₫18,000
₫49,000
₫26,900
₫45,000
₫19,900
₫18,000
₫48,000
₫21,000
₫40,000
₫19,000
₫19,000
₫24,100
₫37,000
₫19,000
₫35,000
₫45,000
₫19,000
₫25,000
₫19,000
₫28,991
₫17,900
₫24,000
₫405,000
₫16,000
₫44,000
₫68,000
₫29,500
₫85,000
₫63,000
₫39,000
₫19,000
₫29,000
₫54,000
₫29,000
₫25,000
₫24,000
₫19,000
₫13,200
₫63,000
₫22,275
₫18,000
₫49,000
₫26,900
₫45,000
₫19,900
₫18,000
₫48,000
₫21,000
₫40,000
₫19,000
₫19,000
₫24,100
₫37,000
₫19,000
₫35,000
₫45,000
₫19,000
₫25,000
₫19,000
₫28,991
₫17,900
₫24,000
₫405,000
₫16,000
₫44,000
₫68,000
₫29,500
₫85,000
₫63,000
₫39,000
₫19,000
₫29,000
₫54,000
₫29,000
₫25,000
₫24,000
₫19,000
₫13,200
₫63,000
₫22,275
₫18,000
₫49,000
₫26,900
₫45,000
₫19,900
₫18,000
₫48,000
₫21,000
₫40,000
₫19,000
₫19,000
₫24,100
₫37,000
₫19,000
₫35,000
₫45,000
₫19,000
₫25,000
₫19,000
₫28,991
₫17,900
₫24,000
₫405,000
₫16,000
₫44,000
₫68,000
₫29,500
₫85,000
₫63,000
₫39,000
₫19,000
₫29,000
₫54,000
₫29,000
₫25,000
₫24,000
₫19,000
₫13,200
₫63,000
₫22,275
₫18,000
₫49,000
₫26,900
₫45,000
₫19,900
₫18,000
₫48,000
₫21,000
₫40,000
₫19,000
₫19,000
₫24,100
₫37,000
₫19,000
₫35,000
₫45,000
₫19,000
₫25,000
₫19,000
₫28,991
₫17,900
₫24,000
₫405,000
₫16,000
₫44,000
₫68,000
₫29,500
₫85,000
₫63,000
₫39,000
₫19,000
₫29,000
₫54,000
₫29,000
₫25,000
₫24,000
₫19,000
₫13,200
₫63,000
₫22,275
₫18,000
₫49,000
₫26,900
₫45,000
₫19,900
₫18,000
₫48,000
₫21,000
₫40,000
₫19,000
₫19,000
₫24,100
₫37,000
₫19,000
₫35,000
₫45,000
₫19,000
₫25,000
₫19,000
₫28,991
₫17,900
₫24,000
₫405,000
₫16,000
₫44,000
₫68,000
₫29,500
₫85,000
₫63,000
₫39,000
₫19,000
₫29,000
₫54,000
₫29,000
₫25,000
₫24,000
₫19,000
₫13,200
₫63,000
₫22,275
₫18,000
₫49,000
₫26,900
₫45,000
₫19,900
₫18,000
₫48,000
₫21,000
₫40,000
₫19,000
₫19,000
₫24,100
₫37,000
₫19,000
₫35,000
₫45,000
₫19,000
₫25,000
₫19,000
₫28,991
₫17,900
₫24,000
₫405,000
₫16,000
₫44,000
₫68,000
₫29,500
₫85,000
₫63,000
₫39,000
₫19,000
₫29,000
₫54,000
₫29,000
₫25,000
₫24,000
₫19,000
₫13,200
₫63,000
₫22,275
₫18,000
₫49,000
₫26,900
₫45,000
₫19,900
₫18,000
₫48,000
₫21,000
₫40,000
₫19,000
₫19,000
₫24,100
₫37,000
₫19,000
₫35,000
₫45,000
₫19,000
₫25,000
₫19,000
₫28,991
₫17,900
₫24,000
₫405,000
₫16,000
₫44,000
₫68,000
₫29,500
₫85,000
₫63,000
₫39,000
₫19,000
₫29,000
₫54,000
₫29,000
₫25,000
₫24,000
₫19,000
₫13,200
₫63,000
₫22,275
₫18,000
₫49,000
₫26,900
₫45,000
₫19,900
₫18,000
₫48,000
₫21,000
₫40,000
₫19,000
₫19,000
₫24,100
₫37,000
₫19,000
₫35,000
₫45,000
₫19,000
₫25,000
₫19,000
₫28,991
₫17,900
₫24,000
₫405,000
₫16,000
₫44,000
₫68,000
₫29,500
₫85,000
₫63,000
₫39,000
₫19,000
₫29,000
₫54,000
₫29,000
₫25,000
₫24,000
₫19,000
₫13,200
₫63,000
₫22,275
₫18,000
₫49,000
₫26,900
₫45,000
₫19,900
₫18,000
₫48,000
₫21,000
₫40,000
₫19,000
₫19,000
₫24,100
₫37,000
₫19,000
₫35,000
₫45,000
₫19,000
₫25,000
₫19,000
₫28,991
₫17,900
₫24,000
₫405,000
₫16,000
₫44,000
₫68,000
₫29,500
₫85,000
₫63,000
₫39,000
₫19,000
₫29,000
₫54,000
₫29,000
₫25,000
₫24,000
₫19,000
₫13,200
₫63,000
₫22,275
₫18,000
₫49,000
₫26,900
₫45,000
₫19,900
₫18,000
₫48,000
₫21,000
₫40,000
₫19,000
₫19,000
₫24,100
₫37,000
₫19,000
₫35,000
₫45,000
₫19,000
₫25,000
₫19,000
₫28,991
₫17,900
₫24,000
₫405,000
₫16,000
₫44,000
₫68,000
₫29,500
₫85,000
₫63,000
₫39,000
₫19,000
₫29,000
₫54,000
₫29,000
₫25,000
₫24,000
₫19,000
₫13,200
₫63,000
₫22,275
₫18,000
₫49,000
₫26,900
₫45,000
₫19,900
₫18,000
₫48,000
₫21,000
₫40,000
₫19,000
₫19,000
₫24,100
₫37,000
₫19,000
₫35,000
₫45,000
₫19,000
₫25,000
₫19,000
₫28,991
₫17,900
₫24,000
₫405,000
₫16,000
₫44,000
₫68,000
₫29,500
₫85,000
₫63,000
₫39,000
₫19,000
₫29,000
₫54,000
₫29,000
₫25,000
₫24,000
₫19,000
₫13,200
₫63,000
₫22,275
₫18,000
₫49,000
₫26,900
₫45,000
₫19,900
₫18,000
₫48,000
₫21,000
₫40,000
₫19,000
₫19,000
₫24,100
₫37,000
₫19,000
₫35,000
₫45,000
₫19,000
₫25,000
₫19,000
₫28,991
₫17,900
₫24,000
₫405,000
₫16,000
₫44,000
₫68,000
₫29,500
₫85,000
₫63,000
₫39,000
₫19,000
₫29,000
₫54,000
₫29,000
₫25,000
₫24,000
₫19,000
₫13,200
₫63,000
₫22,275
₫18,000
₫49,000
₫26,900
₫45,000
₫19,900
₫18,000
₫48,000
₫21,000
₫40,000
₫19,000
₫19,000
₫24,100
₫37,000
₫19,000
₫35,000
₫45,000
₫19,000
₫25,000
₫19,000
₫28,991
₫17,900
₫24,000
₫405,000
₫16,000
₫44,000
₫68,000
₫29,500
₫85,000
₫63,000
₫39,000
₫19,000
₫29,000
₫54,000
₫29,000
₫25,000
₫24,000
₫19,000
₫13,200
₫63,000
₫22,275
₫18,000
₫49,000
₫26,900
₫45,000
₫19,900
₫18,000
₫48,000
₫21,000
₫40,000
₫19,000
₫19,000
₫24,100
₫37,000
₫19,000
₫35,000
₫45,000
₫19,000
₫25,000
₫19,000
₫28,991
₫17,900
₫24,000
₫405,000
₫16,000
₫44,000
₫68,000
₫29,500
₫85,000
₫63,000
₫39,000
₫19,000
₫29,000
₫54,000
₫29,000
₫25,000
₫24,000
₫19,000
₫13,200
₫63,000
₫22,275
₫18,000
₫49,000
₫26,900
₫45,000
₫19,900
₫18,000
₫48,000
₫21,000
₫40,000
₫19,000
₫19,000
₫24,100
₫37,000
₫19,000
₫35,000
₫45,000
₫19,000
₫25,000
₫19,000
₫28,991
₫17,900
₫24,000
₫405,000
₫16,000
₫44,000
₫68,000
₫29,500
₫85,000
₫63,000
₫39,000
₫19,000
₫29,000
₫54,000
₫29,000
₫25,000
₫24,000
₫19,000
₫13,200
₫63,000
₫22,275
₫18,000
₫49,000
₫26,900
₫45,000
₫19,900
₫18,000
₫48,000
₫21,000
₫40,000
₫19,000
₫19,000
₫24,100
₫37,000
₫19,000
₫35,000
₫45,000
₫19,000
₫25,000
₫19,000
₫28,991
₫17,900
₫24,000
₫405,000
₫16,000
₫44,000
₫68,000
₫29,500
₫85,000
₫63,000
₫39,000
₫19,000
₫29,000
₫54,000
₫29,000
₫25,000
₫24,000
₫19,000
₫13,200
₫63,000
₫22,275
₫18,000
₫49,000
₫26,900
₫45,000
₫19,900
₫18,000
₫48,000
₫21,000
₫40,000
₫19,000
₫19,000
₫24,100
₫37,000
₫19,000
₫35,000
₫45,000
₫19,000
₫25,000
₫19,000
₫28,991
₫17,900
₫24,000
₫405,000
₫16,000
₫44,000
₫68,000
₫29,500
₫85,000
₫63,000
₫39,000
₫19,000
₫29,000
₫54,000
₫29,000
₫25,000
₫24,000
₫19,000
₫13,200
₫63,000
₫22,275
₫18,000
₫49,000
₫26,900
₫45,000
₫19,900
₫18,000
₫48,000
₫21,000
₫40,000
₫19,000
₫19,000
₫24,100
₫37,000
₫19,000
₫35,000
₫45,000
₫19,000
₫25,000
₫19,000
₫28,991
₫17,900
₫24,000
₫405,000
₫16,000
₫44,000
₫68,000
₫29,500
₫85,000
₫63,000
₫39,000
₫19,000
₫29,000
₫54,000
₫29,000
₫25,000
₫24,000
₫19,000
₫13,200
₫63,000
₫22,275
₫18,000
₫49,000
₫26,900
₫45,000
₫19,900
₫18,000
₫48,000
₫21,000
₫40,000
₫19,000
₫19,000
₫24,100
₫37,000
₫19,000
₫35,000
₫45,000
₫19,000
₫25,000
₫19,000
₫28,991
₫17,900
₫24,000
₫405,000
₫16,000
₫44,000
₫68,000
₫29,500
₫85,000
₫63,000
₫39,000
₫19,000
₫29,000
₫54,000
₫29,000
₫25,000
₫24,000
₫19,000
₫13,200
₫63,000
₫22,275
₫18,000
₫49,000
₫26,900
₫45,000
₫19,900
₫18,000
₫48,000
₫21,000
₫40,000
₫19,000
₫19,000
₫24,100
₫37,000
₫19,000
₫35,000
₫45,000
₫19,000
₫25,000
₫19,000
₫28,991
₫17,900
₫24,000
₫405,000
₫16,000
₫44,000
₫68,000
₫29,500
₫85,000
₫63,000
₫39,000
₫19,000
₫29,000
₫54,000
₫29,000
₫25,000
₫24,000
₫19,000
₫13,200
₫63,000
₫22,275
₫18,000
₫49,000
₫26,900
₫45,000
₫19,900
₫18,000
₫48,000
₫21,000
₫40,000
₫19,000
₫19,000
₫24,100
₫37,000
₫19,000
₫35,000
₫45,000
₫19,000
₫25,000
₫19,000
₫28,991
₫17,900
₫24,000
₫405,000
₫16,000
₫44,000
₫68,000
₫29,500
₫85,000
₫63,000
₫39,000
₫19,000
₫29,000
₫54,000
₫29,000
₫25,000
₫24,000
₫19,000
₫13,200
₫63,000
₫22,275
₫18,000
₫49,000
₫26,900
₫45,000
₫19,900
₫18,000
₫48,000
₫21,000
₫40,000
₫19,000
₫19,000
₫24,100
₫37,000
₫19,000
₫35,000
₫45,000
₫19,000
₫25,000
₫19,000
₫28,991
₫17,900
₫24,000
₫405,000
₫16,000
₫44,000
₫68,000
₫29,500
₫85,000
₫63,000
₫39,000
₫19,000
₫29,000
₫54,000
₫29,000
₫25,000
₫24,000
₫19,000
₫13,200
₫63,000
₫22,275
₫18,000
₫49,000
₫26,900
₫45,000
₫19,900
₫18,000
₫48,000
₫21,000
₫40,000
₫19,000
₫19,000
₫24,100
₫37,000
₫19,000
₫35,000
₫45,000
₫19,000
₫25,000
₫19,000
₫28,991
₫17,900
₫24,000
₫405,000
₫16,000
₫44,000
₫68,000
₫29,500
₫85,000
₫63,000
₫39,000
₫19,000
₫29,000
₫54,000
₫29,000
₫25,000
₫24,000
₫19,000
₫13,200
₫63,000
₫22,275
₫18,000
₫49,000
₫26,900
₫45,000
₫19,900
₫18,000
₫48,000
₫21,000
₫40,000
₫19,000
₫19,000
₫24,100
₫37,000
₫19,000
₫35,000
₫45,000
₫19,000
₫25,000
₫19,000
₫28,991
₫17,900
₫24,000
₫405,000
₫16,000
₫44,000
₫68,000
₫29,500
₫85,000
₫63,000
₫39,000
₫19,000
₫29,000
₫54,000
₫29,000
₫25,000
₫24,000
₫19,000
₫13,200
₫63,000
₫22,275
₫18,000
₫49,000
₫26,900
₫45,000
₫19,900
₫18,000
₫48,000
₫21,000
₫40,000
₫19,000
₫19,000
₫24,100
₫37,000
₫19,000
₫35,000
₫45,000
₫19,000
₫25,000
₫19,000
₫28,991
₫17,900
₫24,000
₫405,000
₫16,000
₫44,000
₫68,000
₫29,500
₫85,000
₫63,000
₫39,000
₫19,000
₫29,000
₫54,000
₫29,000
₫25,000
₫24,000
₫19,000
₫13,200
₫63,000
₫22,275
₫18,000
₫49,000
₫26,900
₫45,000
₫19,900
₫18,000
₫48,000
₫21,000
₫40,000
₫19,000
₫19,000
₫24,100
₫37,000
₫19,000
₫35,000
₫45,000
₫19,000
₫25,000
₫19,000
₫28,991
₫17,900
₫24,000
₫405,000
₫16,000
₫44,000
₫68,000
₫29,500
₫85,000
₫63,000
₫39,000
₫19,000
₫29,000
₫54,000
₫29,000
₫25,000
₫24,000
₫19,000
₫13,200
₫63,000
₫22,275
₫18,000
₫49,000
₫26,900
₫45,000
₫19,900
₫18,000
₫48,000
₫21,000
₫40,000
₫19,000
₫19,000
₫24,100
₫37,000
₫19,000
₫35,000
₫45,000
₫19,000
₫25,000
₫19,000
₫28,991
₫17,900
₫24,000
₫405,000
₫16,000
₫44,000
₫68,000
₫29,500
₫85,000
₫63,000
₫39,000
₫19,000
₫29,000
₫54,000
₫29,000
₫25,000
₫24,000
₫19,000
₫13,200
₫63,000
₫22,275
₫18,000
₫49,000
₫26,900
₫45,000
₫19,900
₫18,000
₫48,000
₫21,000
₫40,000
₫19,000
₫19,000
₫24,100
₫37,000
₫19,000
₫35,000
₫45,000
₫19,000
₫25,000
₫19,000
₫28,991
₫17,900
₫24,000
₫405,000
₫16,000
₫44,000
₫68,000
₫29,500
₫85,000
₫63,000
₫39,000
₫19,000
₫29,000
₫54,000
₫29,000
₫25,000
₫24,000
₫19,000
₫13,200
₫63,000
₫22,275
₫18,000
₫49,000
₫26,900
₫45,000
₫19,900
₫18,000
₫48,000
₫21,000
₫40,000
₫19,000
₫19,000
₫24,100
₫37,000
₫19,000
₫35,000
₫45,000
₫19,000
₫25,000
₫19,000
₫28,991
₫17,900
₫24,000
₫405,000
₫16,000
₫44,000
₫68,000
₫29,500
₫85,000
₫63,000
₫39,000
₫19,000
₫29,000
₫54,000
₫29,000
₫25,000
₫24,000
₫19,000
₫13,200
₫63,000
₫22,275
₫18,000
₫49,000
₫26,900
₫45,000
₫19,900
₫18,000
₫48,000
₫21,000
₫40,000
₫19,000
₫19,000
₫24,100
₫37,000
₫19,000
₫35,000
₫45,000
₫19,000
₫25,000
₫19,000
₫28,991
₫17,900
₫24,000
₫405,000
₫16,000
₫44,000
₫68,000
₫29,500
₫85,000
₫63,000
₫39,000
₫19,000
₫29,000
₫54,000
₫29,000
₫25,000
₫24,000
₫19,000
₫13,200
₫63,000
₫22,275
₫18,000
₫49,000
₫26,900
₫45,000
₫19,900
₫18,000
₫48,000
₫21,000
₫40,000
₫19,000
₫19,000
₫24,100
₫37,000
₫19,000
₫35,000
₫45,000
₫19,000
₫25,000
₫19,000
₫28,991
₫17,900
₫24,000
₫405,000
₫16,000
₫44,000
₫68,000
₫29,500
₫85,000
₫63,000
₫39,000
₫19,000
₫29,000
₫54,000
₫29,000
₫25,000
₫24,000
₫19,000
₫13,200
₫63,000
₫22,275
₫18,000
₫49,000
₫26,900
₫45,000
₫19,900
₫18,000
₫48,000
₫21,000
₫40,000
₫19,000
₫19,000
₫24,100
₫37,000
₫19,000
₫35,000
₫45,000
₫19,000
₫25,000
₫19,000
₫28,991
₫17,900
₫24,000
₫405,000
₫16,000
₫44,000
₫68,000
₫29,500
₫85,000
₫63,000
₫39,000
₫19,000
₫29,000
₫54,000
₫29,000
₫25,000
₫24,000
₫19,000
₫13,200
₫63,000
₫22,275
₫18,000
₫49,000
₫26,900
₫45,000
₫19,900
₫18,000
₫48,000
₫21,000
₫40,000
₫19,000
₫19,000
₫24,100
₫37,000
₫19,000
₫35,000
₫45,000
₫19,000
₫25,000
₫19,000
₫28,991
₫17,900
₫24,000
₫405,000
₫16,000
₫44,000
₫68,000
₫29,500
₫85,000
₫63,000
₫39,000
₫19,000
₫29,000
₫54,000
₫29,000
₫25,000
₫24,000
₫19,000
₫13,200
₫63,000
₫22,275
₫18,000
₫49,000
₫26,900
₫45,000
₫19,900
₫18,000
₫48,000
₫21,000
₫40,000
₫19,000
₫19,000
₫24,100
₫37,000
₫19,000
₫35,000
₫45,000
₫19,000
₫25,000
₫19,000
₫28,991
₫17,900
₫24,000
₫405,000
₫16,000
₫44,000
₫68,000
₫29,500
₫85,000
₫63,000
₫39,000
₫19,000
₫29,000
₫54,000
₫29,000
₫25,000
₫24,000
₫19,000
₫13,200
₫63,000
₫22,275
₫18,000
₫49,000
₫26,900
₫45,000
₫19,900
₫18,000
₫48,000
₫21,000
₫40,000
₫19,000
₫19,000
₫24,100
₫37,000
₫19,000
₫35,000
₫45,000
₫19,000
₫25,000
₫19,000
₫28,991
₫17,900
₫24,000
₫405,000
₫16,000
₫44,000
₫68,000
₫29,500
₫85,000
₫63,000
₫39,000
₫19,000
₫29,000
₫54,000
₫29,000
₫25,000
₫24,000
₫19,000
₫13,200
₫63,000
₫22,275
₫18,000
₫49,000
₫26,900
₫45,000
₫19,900
₫18,000
₫48,000
₫21,000
₫40,000
₫19,000
₫19,000
₫24,100
₫37,000
₫19,000
₫35,000
₫45,000
₫19,000
₫25,000
₫19,000
₫28,991
₫17,900
₫24,000
₫405,000
₫16,000
₫44,000
₫68,000
₫29,500
₫85,000
₫63,000
₫39,000
₫19,000
₫29,000
₫54,000
₫29,000
₫25,000
₫24,000
₫19,000
₫13,200
₫63,000
₫22,275
₫18,000
₫49,000
₫26,900
₫45,000
₫19,900
₫18,000
₫48,000
₫21,000
₫40,000
₫19,000
₫19,000
₫24,100
₫37,000
₫19,000
₫35,000
₫45,000
₫19,000
₫25,000
₫19,000
₫28,991
₫17,900
₫24,000
₫405,000
₫16,000
₫44,000
₫68,000
₫29,500
₫85,000
₫63,000
₫39,000
₫19,000
₫29,000
₫54,000
₫29,000
₫25,000
₫24,000
₫19,000
₫13,200
₫63,000
₫22,275
₫18,000
₫49,000
₫26,900
₫45,000
₫19,900
₫18,000
₫48,000
₫21,000
₫40,000
₫19,000
₫19,000
₫24,100
₫37,000
₫19,000
₫35,000
₫45,000
₫19,000
₫25,000
₫19,000
₫28,991
₫17,900
₫24,000
₫405,000
₫16,000
₫44,000
₫68,000
₫29,500
₫85,000
₫63,000
₫39,000
₫19,000
₫29,000
₫54,000
₫29,000
₫25,000
₫24,000
₫19,000
₫13,200
₫63,000
₫22,275
₫18,000
₫49,000
₫26,900
₫45,000
₫19,900
₫18,000
₫48,000
₫21,000
₫40,000
₫19,000
₫19,000
₫24,100
₫37,000
₫19,000
₫35,000
₫45,000
₫19,000
₫25,000
₫19,000
₫28,991
₫17,900
₫24,000
₫405,000
₫16,000
₫44,000
₫68,000
₫29,500
₫85,000
₫63,000
₫39,000
₫19,000
₫29,000
₫54,000
₫29,000
₫25,000
₫24,000
₫19,000
₫13,200
₫63,000
₫22,275
₫18,000
₫49,000
₫26,900
₫45,000
₫19,900
₫18,000
₫48,000
₫21,000
₫40,000
₫19,000
₫19,000
₫24,100
₫37,000
₫19,000
₫35,000
₫45,000
₫19,000
₫25,000
₫19,000
₫28,991
₫17,900
₫24,000
₫405,000
₫16,000
₫44,000
₫68,000
₫29,500
₫85,000
₫63,000
₫39,000
₫19,000
₫29,000
₫54,000
₫29,000
₫25,000
₫24,000
₫19,000
₫13,200
₫63,000
₫22,275
₫18,000
₫49,000
₫26,900
₫45,000
₫19,900
₫18,000
₫48,000
₫21,000
₫40,000
₫19,000
₫19,000
₫24,100
₫37,000
₫19,000
₫35,000
₫45,000
₫19,000
₫25,000
₫19,000
₫28,991
₫17,900
₫24,000
₫405,000
₫16,000
₫44,000
₫68,000
₫29,500
₫85,000
₫63,000
₫39,000
₫19,000
₫29,000
₫54,000
₫29,000
₫25,000
₫24,000
₫19,000
₫13,200
₫63,000
₫22,275
₫18,000
₫49,000
₫26,900
₫45,000
₫19,900
₫18,000
₫48,000
₫21,000
₫40,000
₫19,000
₫19,000
₫24,100
₫37,000
₫19,000
₫35,000
₫45,000
₫19,000
₫25,000
₫19,000
₫28,991
₫17,900
₫24,000
₫405,000
₫16,000
₫44,000
₫68,000
₫29,500
₫85,000
₫63,000
₫39,000
₫19,000
₫29,000
₫54,000
₫29,000
₫25,000
₫24,000
₫19,000
₫13,200
₫63,000
₫22,275
₫18,000
₫49,000
₫26,900
₫45,000
₫19,900
₫18,000
₫48,000
₫21,000
₫40,000
₫19,000
₫19,000
₫24,100
₫37,000
₫19,000
₫35,000
₫45,000
₫19,000
₫25,000
₫19,000
₫28,991
₫17,900
₫24,000
₫405,000
₫16,000
₫44,000
₫68,000
₫29,500
₫85,000
₫63,000
₫39,000
₫19,000
₫29,000
₫54,000
₫29,000
₫25,000
₫24,000
₫19,000
₫13,200
₫63,000
₫22,275
₫18,000
₫49,000
₫26,900
₫45,000
₫19,900
₫18,000
₫48,000
₫21,000
₫40,000
₫19,000
₫19,000
₫24,100
₫37,000
₫19,000
₫35,000
₫45,000
₫19,000
₫25,000
₫19,000
₫28,991
₫17,900
₫24,000
₫405,000
₫16,000
₫44,000
₫68,000
₫29,500
₫85,000
₫63,000
₫39,000
₫19,000
₫29,000
₫54,000
₫29,000
₫25,000
₫24,000
₫19,000
₫13,200
₫63,000
₫22,275
₫18,000
₫49,000
₫26,900
₫45,000
₫19,900
₫18,000
₫48,000
₫21,000
₫40,000
₫19,000
₫19,000
₫24,100
₫37,000
₫19,000
₫35,000
₫45,000
₫19,000
₫25,000
₫19,000
₫28,991
₫17,900
₫24,000
₫405,000
₫16,000
₫44,000
₫68,000
₫29,500
₫85,000
₫63,000
₫39,000
₫19,000
₫29,000
₫54,000
₫29,000
₫25,000
₫24,000
₫19,000
₫13,200
₫63,000
₫22,275
₫18,000
₫49,000
₫26,900
₫45,000
₫19,900
₫18,000
₫48,000
₫21,000
₫40,000
₫19,000
₫19,000
₫24,100
₫37,000
₫19,000
₫35,000
₫45,000
₫19,000
₫25,000
₫19,000
₫28,991
₫17,900
₫24,000
₫405,000
₫16,000
₫44,000
₫68,000
₫29,500
₫85,000
₫63,000
₫39,000
₫19,000
₫29,000
₫54,000
₫29,000
₫25,000
₫24,000
₫19,000
₫13,200
₫63,000
₫22,275
₫18,000
₫49,000
₫26,900
₫45,000
₫19,900
₫18,000
₫48,000
₫21,000
₫40,000
₫19,000
₫19,000
₫24,100
₫37,000
₫19,000
₫35,000
₫45,000
₫19,000
₫25,000
₫19,000
₫28,991
₫17,900
₫24,000
₫405,000
₫16,000
₫44,000
₫68,000
₫29,500
₫85,000
₫63,000
₫39,000
₫19,000
₫29,000
₫54,000
₫29,000
₫25,000
₫24,000
₫19,000
₫13,200
₫63,000
₫22,275
₫18,000
₫49,000
₫26,900
₫45,000
₫19,900
₫18,000
₫48,000
₫21,000
₫40,000
₫19,000
₫19,000
₫24,100
₫37,000
₫19,000
₫35,000
₫45,000
₫19,000
₫25,000
₫19,000
₫28,991
₫17,900
₫24,000
₫405,000
₫16,000
₫44,000
₫68,000
₫29,500
₫85,000
₫63,000
₫39,000
₫19,000
₫29,000
₫54,000
₫29,000
₫25,000
₫24,000
₫19,000
₫13,200
₫63,000
₫22,275
₫18,000
₫49,000
₫26,900
₫45,000
₫19,900
₫18,000
₫48,000
₫21,000
₫40,000
₫19,000
₫19,000
₫24,100
₫37,000
₫19,000
₫35,000
₫45,000
₫19,000
₫25,000
₫19,000
₫28,991
₫17,900
₫24,000
₫405,000
₫16,000
₫44,000
₫68,000
₫29,500
₫85,000
₫63,000
₫39,000
₫19,000
₫29,000
₫54,000
₫29,000
₫25,000
₫24,000
₫19,000
₫13,200
₫63,000
₫22,275
₫18,000
₫49,000
₫26,900
₫45,000
₫19,900
₫18,000
₫48,000
₫21,000
₫40,000
₫19,000
₫19,000
₫24,100
₫37,000
₫19,000
₫35,000
₫45,000
₫19,000
₫25,000
₫19,000
₫28,991
₫17,900
₫24,000
₫405,000
₫16,000
₫44,000
₫68,000
₫29,500
₫85,000
₫63,000
₫39,000
₫19,000
₫29,000
₫54,000
₫29,000
₫25,000
₫24,000
₫19,000
₫13,200
₫63,000
₫22,275
₫18,000
₫49,000
₫26,900
₫45,000
₫19,900
₫18,000
₫48,000
₫21,000
₫40,000
₫19,000
₫19,000
₫24,100
₫37,000
₫19,000
₫35,000
₫45,000
₫19,000
₫25,000
₫19,000
₫28,991
₫17,900
₫24,000
₫405,000
₫16,000
₫44,000
₫68,000
₫29,500
₫85,000
₫63,000
₫39,000
₫19,000
₫29,000
₫54,000
₫29,000
₫25,000
₫24,000
₫19,000
₫13,200
₫63,000
₫22,275
₫18,000
₫49,000
₫26,900
₫45,000
₫19,900
₫18,000
₫48,000
₫21,000
₫40,000
₫19,000
₫19,000
₫24,100
₫37,000
₫19,000
₫35,000
₫45,000
₫19,000
₫25,000
₫19,000
₫28,991
₫17,900
₫24,000
₫405,000
₫16,000
₫44,000
₫68,000
₫29,500
₫85,000
₫63,000
₫39,000
₫19,000
₫29,000
₫54,000
₫29,000
₫25,000
₫24,000
₫19,000
₫13,200
₫63,000
₫22,275
₫18,000
₫49,000
₫26,900
₫45,000
₫19,900
₫18,000
₫48,000
₫21,000
₫40,000
₫19,000
₫19,000
₫24,100
₫37,000
₫19,000
₫35,000
₫45,000
₫19,000
₫25,000
₫19,000
₫28,991
₫17,900
₫24,000
₫405,000
₫16,000
₫44,000
₫68,000
₫29,500
₫85,000
₫63,000
₫39,000
₫19,000
₫29,000
₫54,000
₫29,000
₫25,000
₫24,000
₫19,000
₫13,200
₫63,000
₫22,275
₫18,000
₫49,000
₫26,900
₫45,000
₫19,900
₫18,000
₫48,000
₫21,000
₫40,000
₫19,000
₫19,000
₫24,100
₫37,000
₫19,000
₫35,000
₫45,000
₫19,000
₫25,000
₫19,000
₫28,991
₫17,900
₫24,000
₫405,000
₫16,000
₫44,000
₫68,000
₫29,500
₫85,000
₫63,000
₫39,000
₫19,000
₫29,000
₫54,000
₫29,000
₫25,000
₫24,000
₫19,000
₫13,200
₫63,000
₫22,275
₫18,000
₫49,000
₫26,900
₫45,000
₫19,900
₫18,000
₫48,000
₫21,000
₫40,000
₫19,000
₫19,000
₫24,100
₫37,000
₫19,000
₫35,000
₫45,000
₫19,000
₫25,000
₫19,000
₫28,991
₫17,900
₫24,000
₫405,000
₫16,000
₫44,000
₫68,000
₫29,500
₫85,000
₫63,000
₫39,000
₫19,000
₫29,000
₫54,000
₫29,000
₫25,000
₫24,000
₫19,000
₫13,200
₫63,000
₫22,275
₫18,000
₫49,000
₫26,900
₫45,000
₫19,900
₫18,000
₫48,000
₫21,000
₫40,000
₫19,000
₫19,000
₫24,100
₫37,000
₫19,000
₫35,000
₫45,000
₫19,000
₫25,000
₫19,000
₫28,991
₫17,900
₫24,000
₫405,000
₫16,000
₫44,000
₫68,000
₫29,500
₫85,000
₫63,000
₫39,000
₫19,000
₫29,000
₫54,000
₫29,000
₫25,000
₫24,000
₫19,000
₫13,200
₫63,000
₫22,275
₫18,000
₫49,000
₫26,900
₫45,000
₫19,900
₫18,000
₫48,000
₫21,000
₫40,000
₫19,000
₫19,000
₫24,100
₫37,000
₫19,000
₫35,000
₫45,000
₫19,000
₫25,000
₫19,000
₫28,991
₫17,900
₫24,000
₫405,000
₫16,000
₫44,000
₫68,000
₫29,500
₫85,000
₫63,000
₫39,000
₫19,000
₫29,000
₫54,000
₫29,000
₫25,000
₫24,000
₫19,000
₫13,200
₫63,000
₫22,275
₫18,000
₫49,000
₫26,900
₫45,000
₫19,900
₫18,000
₫48,000
₫21,000
₫40,000
₫19,000
₫19,000
₫24,100
₫37,000
₫19,000
₫35,000
₫45,000
₫19,000
₫25,000
₫19,000
₫28,991
₫17,900
₫24,000
₫405,000
₫16,000
₫44,000
₫68,000
₫29,500
₫85,000
₫63,000
₫39,000
₫19,000
₫29,000
₫54,000
₫29,000
₫25,000
₫24,000
₫19,000
₫13,200
₫63,000
₫22,275
₫18,000
₫49,000
₫26,900
₫45,000
₫19,900
₫18,000
₫48,000
₫21,000
₫40,000
₫19,000
₫19,000
₫24,100
₫37,000
₫19,000
₫35,000
₫45,000
₫19,000
₫25,000
₫19,000
₫28,991
₫17,900
₫24,000
₫405,000
₫16,000
₫44,000
₫68,000
₫29,500
₫85,000
₫63,000
₫39,000
₫19,000
₫29,000
₫54,000
₫29,000
₫25,000
₫24,000
₫19,000
₫13,200
₫63,000
₫22,275
₫18,000
₫49,000
₫26,900
₫45,000
₫19,900
₫18,000
₫48,000
₫21,000
₫40,000
₫19,000
₫19,000
₫24,100
₫37,000
₫19,000
₫35,000
₫45,000
₫19,000
₫25,000
₫19,000
₫28,991
₫17,900
₫24,000
₫405,000
₫16,000
₫44,000
₫68,000
₫29,500
₫85,000
₫63,000
₫39,000
₫19,000
₫29,000
₫54,000
₫29,000
₫25,000
₫24,000
₫19,000
₫13,200
₫63,000
₫22,275
₫18,000
₫49,000
₫26,900
₫45,000
₫19,900
₫18,000
₫48,000
₫21,000
₫40,000
₫19,000
₫19,000
₫24,100
₫37,000
₫19,000
₫35,000
₫45,000
₫19,000
₫25,000
₫19,000
₫28,991
₫17,900
₫24,000
₫405,000
₫16,000
₫44,000
₫68,000
₫29,500
₫85,000
₫63,000
₫39,000
₫19,000
₫29,000
₫54,000
₫29,000
₫25,000
₫24,000
₫19,000
₫13,200
₫63,000
₫22,275
₫18,000
₫49,000
₫26,900
₫45,000
₫19,900
₫18,000
₫48,000
₫21,000
₫40,000
₫19,000
₫19,000
₫24,100
₫37,000
₫19,000
₫35,000
₫45,000
₫19,000
₫25,000
₫19,000
₫28,991
₫17,900
₫24,000
₫405,000
₫16,000
₫44,000
₫68,000
₫29,500
₫85,000
₫63,000
₫39,000
₫19,000
₫29,000
₫54,000
₫29,000
₫25,000
₫24,000
₫19,000
₫13,200
₫63,000
₫22,275
₫18,000
₫49,000
₫26,900
₫45,000
₫19,900
₫18,000
₫48,000
₫21,000
₫40,000
₫19,000
₫19,000
₫24,100
₫37,000
₫19,000
₫35,000
₫45,000
₫19,000
₫25,000
₫19,000
₫28,991
₫17,900
₫24,000
₫405,000
₫16,000
₫44,000
₫68,000
₫29,500
₫85,000
₫63,000
₫39,000
₫19,000
₫29,000
₫54,000
₫29,000
₫25,000
₫24,000
₫19,000
₫13,200
₫63,000
₫22,275
₫18,000
₫49,000
₫26,900
₫45,000
₫19,900
₫18,000
₫48,000
₫21,000
₫40,000
₫19,000
₫19,000
₫24,100
₫37,000
₫19,000
₫35,000
₫45,000
₫19,000
₫25,000
₫19,000
₫28,991
₫17,900
₫24,000
₫405,000
₫16,000
₫44,000
₫68,000
₫29,500
₫85,000
₫63,000
₫39,000
₫19,000
₫29,000
₫54,000
₫29,000
₫25,000
₫24,000
₫19,000
₫13,200
₫63,000
₫22,275
₫18,000
₫49,000
₫26,900
₫45,000
₫19,900
₫18,000
₫48,000
₫21,000
₫40,000
₫19,000
₫19,000
₫24,100
₫37,000
₫19,000
₫35,000
₫45,000
₫19,000
₫25,000
₫19,000
₫28,991
₫17,900
₫24,000
₫405,000
₫16,000
₫44,000
₫68,000
₫29,500
₫85,000
₫63,000
₫39,000
₫19,000
₫29,000
₫54,000
₫29,000
₫25,000
₫24,000
₫19,000
₫13,200
₫63,000
₫22,275
₫18,000
₫49,000
₫26,900
₫45,000
₫19,900
₫18,000
₫48,000
₫21,000
₫40,000
₫19,000
₫19,000
₫24,100
₫37,000
₫19,000
₫35,000
₫45,000
₫19,000
₫25,000
₫19,000
₫28,991
₫17,900
₫24,000
₫405,000
₫16,000
₫44,000
₫68,000
₫29,500
₫85,000
₫63,000
₫39,000
₫19,000
₫29,000
₫54,000
₫29,000
₫25,000
₫24,000
₫19,000
₫13,200
₫63,000
₫22,275
₫18,000
₫49,000
₫26,900
₫45,000
₫19,900
₫18,000
₫48,000
₫21,000
₫40,000
₫19,000
₫19,000
₫24,100
₫37,000
₫19,000
₫35,000
₫45,000
₫19,000
₫25,000
₫19,000
₫28,991
₫17,900
₫24,000
₫405,000
₫16,000
₫44,000
₫68,000
₫29,500
₫85,000
₫63,000
₫39,000
₫19,000
₫29,000
₫54,000
₫29,000
₫25,000
₫24,000
₫19,000
₫13,200
₫63,000
₫22,275
₫18,000
₫49,000
₫26,900
₫45,000
₫19,900
₫18,000
₫48,000
₫21,000
₫40,000
₫19,000
₫19,000
₫24,100
₫37,000
₫19,000
₫35,000
₫45,000
₫19,000
₫25,000
₫19,000
₫28,991
₫17,900
₫24,000
₫405,000
₫16,000
₫44,000
₫68,000
₫29,500
₫85,000
₫63,000
₫39,000
₫19,000
₫29,000
₫54,000
₫29,000
₫25,000
₫24,000
₫19,000
₫13,200
₫63,000
₫22,275
₫18,000
₫49,000
₫26,900
₫45,000
₫19,900
₫18,000
₫48,000
₫21,000
₫40,000
₫19,000
₫19,000
₫24,100
₫37,000
₫19,000
₫35,000
₫45,000
₫19,000
₫25,000
₫19,000
₫28,991
₫17,900
₫24,000
₫405,000
₫16,000
₫44,000
₫68,000
₫29,500
₫85,000
₫63,000
₫39,000
₫19,000
₫29,000
₫54,000
₫29,000
₫25,000
₫24,000
₫19,000
₫13,200
₫63,000
₫22,275
₫18,000
₫49,000
₫26,900
₫45,000
₫19,900
₫18,000
₫48,000
₫21,000
₫40,000
₫19,000
₫19,000
₫24,100
₫37,000
₫19,000
₫35,000
₫45,000
₫19,000
₫25,000
₫19,000
₫28,991
₫17,900
₫24,000
₫405,000
₫16,000
₫44,000
₫68,000
₫29,500
₫85,000
₫63,000
₫39,000
₫19,000
₫29,000
₫54,000
₫29,000
₫25,000
₫24,000
₫19,000
₫13,200
₫63,000
₫22,275
₫18,000
₫49,000
₫26,900
₫45,000
₫19,900
₫18,000
₫48,000
₫21,000
₫40,000
₫19,000
₫19,000
₫24,100
₫37,000
₫19,000
₫35,000
₫45,000
₫19,000
₫25,000
₫19,000
₫28,991
₫17,900
₫24,000
₫405,000
₫16,000
₫44,000
₫68,000
₫29,500
₫85,000
₫63,000
₫39,000
₫19,000
₫29,000
₫54,000
₫29,000
₫25,000
₫24,000
₫19,000
₫13,200
₫63,000
₫22,275
₫18,000
₫49,000
₫26,900
₫45,000
₫19,900
₫18,000
₫48,000
₫21,000
₫40,000
₫19,000
₫19,000
₫24,100
₫37,000
₫19,000
₫35,000
₫45,000
₫19,000
₫25,000
₫19,000
₫28,991
₫17,900
₫24,000
₫405,000
₫16,000
₫44,000
₫68,000
₫29,500
₫85,000
₫63,000
₫39,000
₫19,000
₫29,000
₫54,000
₫29,000
₫25,000
₫24,000
₫19,000
₫13,200
₫63,000
₫22,275
₫18,000
₫49,000
₫26,900
₫45,000
₫19,900
₫18,000
₫48,000
₫21,000
₫40,000
₫19,000
₫19,000
₫24,100
₫37,000
₫19,000
₫35,000
₫45,000
₫19,000
₫25,000
₫19,000
₫28,991
₫17,900
₫24,000
₫405,000
₫16,000
₫44,000
₫68,000
₫29,500
₫85,000
₫63,000
₫39,000
₫19,000
₫29,000
₫54,000
₫29,000
₫25,000
₫24,000
₫19,000
₫13,200
₫63,000
₫22,275
₫18,000
₫49,000
₫26,900
₫45,000
₫19,900
₫18,000
₫48,000
₫21,000
₫40,000
₫19,000
₫19,000
₫24,100
₫37,000
₫19,000
₫35,000
₫45,000
₫19,000
₫25,000
₫19,000
₫28,991
₫17,900
₫24,000
₫405,000
₫16,000
₫44,000
₫68,000
₫29,500
₫85,000
₫63,000
₫39,000
₫19,000
₫29,000
₫54,000
₫29,000
₫25,000
₫24,000
₫19,000
₫13,200
₫63,000
₫22,275
₫18,000
₫49,000
₫26,900
₫45,000
₫19,900
₫18,000
₫48,000
₫21,000
₫40,000
₫19,000
₫19,000
₫24,100
₫37,000
₫19,000
₫35,000
₫45,000
₫19,000
₫25,000
₫19,000
₫28,991
₫17,900
₫24,000
₫405,000
₫16,000
₫44,000
₫68,000
₫29,500
₫85,000
₫63,000
₫39,000
₫19,000
₫29,000
₫54,000
₫29,000
₫25,000
₫24,000
₫19,000
₫13,200
₫63,000
₫22,275
₫18,000
₫49,000
₫26,900
₫45,000
₫19,900
₫18,000
₫48,000
₫21,000
₫40,000
₫19,000
₫19,000
₫24,100
₫37,000
₫19,000
₫35,000
₫45,000
₫19,000
₫25,000
₫19,000
₫28,991
₫17,900
₫24,000
₫405,000
₫16,000
₫44,000
₫68,000
₫29,500
₫85,000
₫63,000
₫39,000
₫19,000
₫29,000
₫54,000
₫29,000
₫25,000
₫24,000
₫19,000
₫13,200
₫63,000
₫22,275
₫18,000
₫49,000
₫26,900
₫45,000
₫19,900
₫18,000
₫48,000
₫21,000
₫40,000
₫19,000
₫19,000
₫24,100
₫37,000
₫19,000
₫35,000
₫45,000
₫19,000
₫25,000
₫19,000
₫28,991
₫17,900
₫24,000
₫405,000
₫16,000
₫44,000
₫68,000
₫29,500
₫85,000
₫63,000
₫39,000
₫19,000
₫29,000
₫54,000
₫29,000
₫25,000
₫24,000
₫19,000
₫13,200
₫63,000
₫22,275
₫18,000
₫49,000
₫26,900
₫45,000
₫19,900
₫18,000
₫48,000
₫21,000
₫40,000
₫19,000
₫19,000
₫24,100
₫37,000
₫19,000
₫35,000
₫45,000
₫19,000
₫25,000
₫19,000
₫28,991
₫17,900
₫24,000
₫405,000
₫16,000
₫44,000
₫68,000
₫29,500
₫85,000
₫63,000
₫39,000
₫19,000
₫29,000
₫54,000
₫29,000
₫25,000
₫24,000
₫19,000
₫13,200
₫63,000
₫22,275
₫18,000
₫49,000
₫26,900
₫45,000
₫19,900
₫18,000
₫48,000
₫21,000
₫40,000
₫19,000
₫19,000
₫24,100
₫37,000
₫19,000
₫35,000
₫45,000
₫19,000
₫25,000
₫19,000
₫28,991
₫17,900
₫24,000
₫405,000
₫16,000
₫44,000
₫68,000
₫29,500
₫85,000
₫63,000
₫39,000
₫19,000
₫29,000
₫54,000
₫29,000
₫25,000
₫24,000
₫19,000
₫13,200
₫63,000
₫22,275
₫18,000
₫49,000
₫26,900
₫45,000
₫19,900
₫18,000
₫48,000
₫21,000
₫40,000
₫19,000
₫19,000
₫24,100
₫37,000
₫19,000
₫35,000
₫45,000
₫19,000
₫25,000
₫19,000
₫28,991
₫17,900
₫24,000
₫405,000
₫16,000
₫44,000
₫68,000
₫29,500
₫85,000
₫63,000
₫39,000
₫19,000
₫29,000
₫54,000
₫29,000
₫25,000
₫24,000
₫19,000
₫13,200
₫63,000
₫22,275
₫18,000
₫49,000
₫26,900
₫45,000
₫19,900
₫18,000
₫48,000
₫21,000
₫40,000
₫19,000
₫19,000
₫24,100
₫37,000
₫19,000
₫35,000
₫45,000
₫19,000
₫25,000
₫19,000
₫28,991
₫17,900
₫24,000
₫405,000
₫16,000
₫44,000
₫68,000
₫29,500
₫85,000
₫63,000
₫39,000
₫19,000
₫29,000
₫54,000
₫29,000
₫25,000
₫24,000
₫19,000
₫13,200
₫63,000
₫22,275
₫18,000
₫49,000
₫26,900
₫45,000
₫19,900
₫18,000
₫48,000
₫21,000
₫40,000
₫19,000
₫19,000
₫24,100
₫37,000
₫19,000
₫35,000
₫45,000
₫19,000
₫25,000
₫19,000
₫28,991
₫17,900
₫24,000
₫405,000
₫16,000
₫44,000
₫68,000
₫29,500
₫85,000
₫63,000
₫39,000
₫19,000
₫29,000
₫54,000
₫29,000
₫25,000
₫24,000
₫19,000
₫13,200
₫63,000
₫22,275
₫18,000
₫49,000
₫26,900
₫45,000
₫19,900
₫18,000
₫48,000
₫21,000
₫40,000
₫19,000
₫19,000
₫24,100
₫37,000
₫19,000
₫35,000
₫45,000
₫19,000
₫25,000
₫19,000
₫28,991
₫17,900
₫24,000
₫405,000
₫16,000
₫44,000
₫68,000
₫29,500
₫85,000
₫63,000
₫39,000
₫19,000
₫29,000
₫54,000
₫29,000
₫25,000
₫24,000
₫19,000
₫13,200
₫63,000
₫22,275
₫18,000
₫49,000
₫26,900
₫45,000
₫19,900
₫18,000
₫48,000
₫21,000
₫40,000
₫19,000
₫19,000
₫24,100
₫37,000
₫19,000
₫35,000
₫45,000
₫19,000
₫25,000
₫19,000
₫28,991
₫17,900
₫24,000
₫405,000
₫16,000
₫44,000
₫68,000
₫29,500
₫85,000
₫63,000
₫39,000
₫19,000
₫29,000
₫54,000
₫29,000
₫25,000
₫24,000
₫19,000
₫13,200
₫63,000
₫22,275
₫18,000
₫49,000
₫26,900
₫45,000
₫19,900
₫18,000
₫48,000
₫21,000
₫40,000
₫19,000
₫19,000
₫24,100
₫37,000
₫19,000
₫35,000
₫45,000
₫19,000
₫25,000
₫19,000
₫28,991
₫17,900
₫24,000
₫405,000
₫16,000
₫44,000
₫68,000
₫29,500
₫85,000
₫63,000
₫39,000
₫19,000
₫29,000
₫54,000
₫29,000
₫25,000
₫24,000
₫19,000
₫13,200
₫63,000
₫22,275
₫18,000
₫49,000
₫26,900
₫45,000
₫19,900
₫18,000
₫48,000
₫21,000
₫40,000
₫19,000
₫19,000
₫24,100
₫37,000
₫19,000
₫35,000
₫45,000
₫19,000
₫25,000
₫19,000
₫28,991
₫17,900
₫24,000
₫405,000
₫16,000
₫44,000
₫68,000
₫29,500
₫85,000
₫63,000
₫39,000
₫19,000
₫29,000
₫54,000
₫29,000
₫25,000
₫24,000
₫19,000
₫13,200
₫63,000
₫22,275
₫18,000
₫49,000
₫26,900
₫45,000
₫19,900
₫18,000
₫48,000
₫21,000
₫40,000
₫19,000
₫19,000
₫24,100
₫37,000
₫19,000
₫35,000
₫45,000
₫19,000
₫25,000
₫19,000
₫28,991
₫17,900
₫24,000
₫405,000
₫16,000
₫44,000
₫68,000
₫29,500
₫85,000
₫63,000
₫39,000
₫19,000
₫29,000
₫54,000
₫29,000
₫25,000
₫24,000
₫19,000
₫13,200
₫63,000
₫22,275
₫18,000
₫49,000
₫26,900
₫45,000
₫19,900
₫18,000
₫48,000
₫21,000
₫40,000
₫19,000
₫19,000
₫24,100
₫37,000
₫19,000
₫35,000
₫45,000
₫19,000
₫25,000
₫19,000
₫28,991
₫17,900
₫24,000
₫405,000
₫16,000
₫44,000
₫68,000
₫29,500
₫85,000
₫63,000
₫39,000
₫19,000
₫29,000
₫54,000
₫29,000
₫25,000
₫24,000
₫19,000
₫13,200
₫63,000
₫22,275
₫18,000
