₫390,000
₫579,000
₫213,200
₫23,000
₫159,000
₫85,800
₫66,400
₫127,700
₫171,874
₫116,200
₫171,900
₫215,700
₫149,700
₫352,900
₫190,400
₫87,000
₫554,400
₫73,800
₫200,000
₫420,300
₫304,000
₫849,000
₫101,800
₫726,000
₫95,000
₫599,000
₫747,623
₫243,200
₫101,600
₫115,000
₫235,300
₫127,100
₫459,000
₫158,300
₫71,000
₫353,600
₫270,200
₫161,700
₫1,080,000
₫60,200
₫390,000
₫579,000
₫213,200
₫23,000
₫159,000
₫85,800
₫66,400
₫127,700
₫171,874
₫116,200
₫171,900
₫215,700
₫149,700
₫352,900
₫190,400
₫87,000
₫554,400
₫73,800
₫200,000
₫420,300
₫304,000
₫849,000
₫101,800
₫726,000
₫95,000
₫599,000
₫747,623
₫243,200
₫101,600
₫115,000
₫235,300
₫127,100
₫459,000
₫158,300
₫71,000
₫353,600
₫270,200
₫161,700
₫1,080,000
₫60,200
₫390,000
₫579,000
₫213,200
₫23,000
₫159,000
₫85,800
₫66,400
₫127,700
₫171,874
₫116,200
₫171,900
₫215,700
₫149,700
₫352,900
₫190,400
₫87,000
₫554,400
₫73,800
₫200,000
₫420,300
₫304,000
₫849,000
₫101,800
₫726,000
₫95,000
₫599,000
₫747,623
₫243,200
₫101,600
₫115,000
₫235,300
₫127,100
₫459,000
₫158,300
₫71,000
₫353,600
₫270,200
₫161,700
₫1,080,000
₫60,200
₫390,000
₫579,000
₫213,200
₫23,000
₫159,000
₫85,800
₫66,400
₫127,700
₫171,874
₫116,200
₫171,900
₫215,700
₫149,700
₫352,900
₫190,400
₫87,000
₫554,400
₫73,800
₫200,000
₫420,300
₫304,000
₫849,000
₫101,800
₫726,000
₫95,000
₫599,000
₫747,623
₫243,200
₫101,600
₫115,000
₫235,300
₫127,100
₫459,000
₫158,300
₫71,000
₫353,600
₫270,200
₫161,700
₫1,080,000
₫60,200
₫390,000
₫579,000
₫213,200
₫23,000
₫159,000
₫85,800
₫66,400
₫127,700
₫171,874
₫116,200
₫171,900
₫215,700
₫149,700
₫352,900
₫190,400
₫87,000
₫554,400
₫73,800
₫200,000
₫420,300
₫304,000
₫849,000
₫101,800
₫726,000
₫95,000
₫599,000
₫747,623
₫243,200
₫101,600
₫115,000
₫235,300
₫127,100
₫459,000
₫158,300
₫71,000
₫353,600
₫270,200
₫161,700
₫1,080,000
₫60,200
₫390,000
₫579,000
₫213,200
₫23,000
₫159,000
₫85,800
₫66,400
₫127,700
₫171,874
₫116,200
₫171,900
₫215,700
₫149,700
₫352,900
₫190,400
₫87,000
₫554,400
₫73,800
₫200,000
₫420,300
₫304,000
₫849,000
₫101,800
₫726,000
₫95,000
₫599,000
₫747,623
₫243,200
₫101,600
₫115,000
₫235,300
₫127,100
₫459,000
₫158,300
₫71,000
₫353,600
₫270,200
₫161,700
₫1,080,000
₫60,200
₫390,000
₫579,000
₫213,200
₫23,000
₫159,000
₫85,800
₫66,400
₫127,700
₫171,874
₫116,200
₫171,900
₫215,700
₫149,700
₫352,900
₫190,400
₫87,000
₫554,400
₫73,800
₫200,000
₫420,300
₫304,000
₫849,000
₫101,800
₫726,000
₫95,000
₫599,000
₫747,623
₫243,200
₫101,600
₫115,000
₫235,300
₫127,100
₫459,000
₫158,300
₫71,000
₫353,600
₫270,200
₫161,700
₫1,080,000
₫60,200
₫390,000
₫579,000
₫213,200
₫23,000
₫159,000
₫85,800
₫66,400
₫127,700
₫171,874
₫116,200
₫171,900
₫215,700
₫149,700
₫352,900
₫190,400
₫87,000
₫554,400
₫73,800
₫200,000
₫420,300
₫304,000
₫849,000
₫101,800
₫726,000
₫95,000
₫599,000
₫747,623
₫243,200
₫101,600
₫115,000
₫235,300
₫127,100
₫459,000
₫158,300
₫71,000
₫353,600
₫270,200
₫161,700
₫1,080,000
₫60,200
₫390,000
₫579,000
₫213,200
₫23,000
₫159,000
₫85,800
₫66,400
₫127,700
₫171,874
₫116,200
₫171,900
₫215,700
₫149,700
₫352,900
₫190,400
₫87,000
₫554,400
₫73,800
₫200,000
₫420,300
₫304,000
₫849,000
₫101,800
₫726,000
₫95,000
₫599,000
₫747,623
₫243,200
₫101,600
₫115,000
₫235,300
₫127,100
₫459,000
₫158,300
₫71,000
₫353,600
₫270,200
₫161,700
₫1,080,000
₫60,200
₫390,000
₫579,000
₫213,200
₫23,000
₫159,000
₫85,800
₫66,400
₫127,700
₫171,874
₫116,200
₫171,900
₫215,700
₫149,700
₫352,900
₫190,400
₫87,000
₫554,400
₫73,800
₫200,000
₫420,300
₫304,000
₫849,000
₫101,800
₫726,000
₫95,000
₫599,000
₫747,623
₫243,200
₫101,600
₫115,000
₫235,300
₫127,100
₫459,000
₫158,300
₫71,000
₫353,600
₫270,200
₫161,700
₫1,080,000
₫60,200
₫390,000
₫579,000
₫213,200
₫23,000
₫159,000
₫85,800
₫66,400
₫127,700
₫171,874
₫116,200
₫171,900
₫215,700
₫149,700
₫352,900
₫190,400
₫87,000
₫554,400
₫73,800
₫200,000
₫420,300
₫304,000
₫849,000
₫101,800
₫726,000
₫95,000
₫599,000
₫747,623
₫243,200
₫101,600
₫115,000
₫235,300
₫127,100
₫459,000
₫158,300
₫71,000
₫353,600
₫270,200
₫161,700
₫1,080,000
₫60,200
₫390,000
₫579,000
₫213,200
₫23,000
₫159,000
₫85,800
₫66,400
₫127,700
₫171,874
₫116,200
₫171,900
₫215,700
₫149,700
₫352,900
₫190,400
₫87,000
₫554,400
₫73,800
₫200,000
₫420,300
₫304,000
₫849,000
₫101,800
₫726,000
₫95,000
₫599,000
₫747,623
₫243,200
₫101,600
₫115,000
₫235,300
₫127,100
₫459,000
₫158,300
₫71,000
₫353,600
₫270,200
₫161,700
₫1,080,000
₫60,200
₫390,000
₫579,000
₫213,200
₫23,000
₫159,000
₫85,800
₫66,400
₫127,700
₫171,874
₫116,200
₫171,900
₫215,700
₫149,700
₫352,900
₫190,400
₫87,000
₫554,400
₫73,800
₫200,000
₫420,300
₫304,000
₫849,000
₫101,800
₫726,000
₫95,000
₫599,000
₫747,623
₫243,200
₫101,600
₫115,000
₫235,300
₫127,100
₫459,000
₫158,300
₫71,000
₫353,600
₫270,200
₫161,700
₫1,080,000
₫60,200
₫390,000
₫579,000
₫213,200
₫23,000
₫159,000
₫85,800
₫66,400
₫127,700
₫171,874
₫116,200
₫171,900
₫215,700
₫149,700
₫352,900
₫190,400
₫87,000
₫554,400
₫73,800
₫200,000
₫420,300
₫304,000
₫849,000
₫101,800
₫726,000
₫95,000
₫599,000
₫747,623
₫243,200
₫101,600
₫115,000
₫235,300
₫127,100
₫459,000
₫158,300
₫71,000
₫353,600
₫270,200
₫161,700
₫1,080,000
₫60,200
₫390,000
₫579,000
₫213,200
₫23,000
₫159,000
₫85,800
₫66,400
₫127,700
₫171,874
₫116,200
₫171,900
₫215,700
₫149,700
₫352,900
₫190,400
₫87,000
₫554,400
₫73,800
₫200,000
₫420,300
₫304,000
₫849,000
₫101,800
₫726,000
₫95,000
₫599,000
₫747,623
₫243,200
₫101,600
₫115,000
₫235,300
₫127,100
₫459,000
₫158,300
₫71,000
₫353,600
₫270,200
₫161,700
₫1,080,000
₫60,200
₫390,000
₫579,000
₫213,200
₫23,000
₫159,000
₫85,800
₫66,400
₫127,700
₫171,874
₫116,200
₫171,900
₫215,700
₫149,700
₫352,900
₫190,400
₫87,000
₫554,400
₫73,800
₫200,000
₫420,300
₫304,000
₫849,000
₫101,800
₫726,000
₫95,000
₫599,000
₫747,623
₫243,200
₫101,600
₫115,000
₫235,300
₫127,100
₫459,000
₫158,300
₫71,000
₫353,600
₫270,200
₫161,700
₫1,080,000
₫60,200
₫390,000
₫579,000
₫213,200
₫23,000
₫159,000
₫85,800
₫66,400
₫127,700
₫171,874
₫116,200
₫171,900
₫215,700
₫149,700
₫352,900
₫190,400
₫87,000
₫554,400
₫73,800
₫200,000
₫420,300
₫304,000
₫849,000
₫101,800
₫726,000
₫95,000
₫599,000
₫747,623
₫243,200
₫101,600
₫115,000
₫235,300
₫127,100
₫459,000
₫158,300
₫71,000
₫353,600
₫270,200
₫161,700
₫1,080,000
₫60,200
₫390,000
₫579,000
₫213,200
₫23,000
₫159,000
₫85,800
₫66,400
₫127,700
₫171,874
₫116,200
₫171,900
₫215,700
₫149,700
₫352,900
₫190,400
₫87,000
₫554,400
₫73,800
₫200,000
₫420,300
₫304,000
₫849,000
₫101,800
₫726,000
₫95,000
₫599,000
₫747,623
₫243,200
₫101,600
₫115,000
₫235,300
₫127,100
₫459,000
₫158,300
₫71,000
₫353,600
₫270,200
₫161,700
₫1,080,000
₫60,200
₫390,000
₫579,000
₫213,200
₫23,000
₫159,000
₫85,800
₫66,400
₫127,700
₫171,874
₫116,200
₫171,900
₫215,700
₫149,700
₫352,900
₫190,400
₫87,000
₫554,400
₫73,800
₫200,000
₫420,300
₫304,000
₫849,000
₫101,800
₫726,000
₫95,000
₫599,000
₫747,623
₫243,200
₫101,600
₫115,000
₫235,300
₫127,100
₫459,000
₫158,300
₫71,000
₫353,600
₫270,200
₫161,700
₫1,080,000
₫60,200
₫390,000
₫579,000
₫213,200
₫23,000
₫159,000
₫85,800
₫66,400
₫127,700
₫171,874
₫116,200
₫171,900
₫215,700
₫149,700
₫352,900
₫190,400
₫87,000
₫554,400
₫73,800
₫200,000
₫420,300
₫304,000
₫849,000
₫101,800
₫726,000
₫95,000
₫599,000
₫747,623
₫243,200
₫101,600
₫115,000
₫235,300
₫127,100
₫459,000
₫158,300
₫71,000
₫353,600
₫270,200
₫161,700
₫1,080,000
₫60,200
₫390,000
₫579,000
₫213,200
₫23,000
₫159,000
₫85,800
₫66,400
₫127,700
₫171,874
₫116,200
₫171,900
₫215,700
₫149,700
₫352,900
₫190,400
₫87,000
₫554,400
₫73,800
₫200,000
₫420,300
₫304,000
₫849,000
₫101,800
₫726,000
₫95,000
₫599,000
₫747,623
₫243,200
₫101,600
₫115,000
₫235,300
₫127,100
₫459,000
₫158,300
₫71,000
₫353,600
₫270,200
₫161,700
₫1,080,000
₫60,200
₫390,000
₫579,000
₫213,200
₫23,000
₫159,000
₫85,800
₫66,400
₫127,700
₫171,874
₫116,200
₫171,900
₫215,700
₫149,700
₫352,900
₫190,400
₫87,000
₫554,400
₫73,800
₫200,000
₫420,300
₫304,000
₫849,000
₫101,800
₫726,000
₫95,000
₫599,000
₫747,623
₫243,200
₫101,600
₫115,000
₫235,300
₫127,100
₫459,000
₫158,300
₫71,000
₫353,600
₫270,200
₫161,700
₫1,080,000
₫60,200
₫390,000
₫579,000
₫213,200
₫23,000
₫159,000
₫85,800
₫66,400
₫127,700
₫171,874
₫116,200
₫171,900
₫215,700
₫149,700
₫352,900
₫190,400
₫87,000
₫554,400
₫73,800
₫200,000
₫420,300
₫304,000
₫849,000
₫101,800
₫726,000
₫95,000
₫599,000
₫747,623
₫243,200
₫101,600
₫115,000
₫235,300
₫127,100
₫459,000
₫158,300
₫71,000
₫353,600
₫270,200
₫161,700
₫1,080,000
₫60,200
₫390,000
₫579,000
₫213,200
₫23,000
₫159,000
₫85,800
₫66,400
₫127,700
₫171,874
₫116,200
₫171,900
₫215,700
₫149,700
₫352,900
₫190,400
₫87,000
₫554,400
₫73,800
₫200,000
₫420,300
₫304,000
₫849,000
₫101,800
₫726,000
₫95,000
₫599,000
₫747,623
₫243,200
₫101,600
₫115,000
₫235,300
₫127,100
₫459,000
₫158,300
₫71,000
₫353,600
₫270,200
₫161,700
₫1,080,000
₫60,200
₫390,000
₫579,000
₫213,200
₫23,000
₫159,000
₫85,800
₫66,400
₫127,700
₫171,874
₫116,200
₫171,900
₫215,700
₫149,700
₫352,900
₫190,400
₫87,000
₫554,400
₫73,800
₫200,000
₫420,300
₫304,000
₫849,000
₫101,800
₫726,000
₫95,000
₫599,000
₫747,623
₫243,200
₫101,600
₫115,000
₫235,300
₫127,100
₫459,000
₫158,300
₫71,000
₫353,600
₫270,200
₫161,700
₫1,080,000
₫60,200
₫390,000
₫579,000
₫213,200
₫23,000
₫159,000
₫85,800
₫66,400
₫127,700
₫171,874
₫116,200
₫171,900
₫215,700
₫149,700
₫352,900
₫190,400
₫87,000
₫554,400
₫73,800
₫200,000
₫420,300
₫304,000
₫849,000
₫101,800
₫726,000
₫95,000
₫599,000
₫747,623
₫243,200
₫101,600
₫115,000
₫235,300
₫127,100
₫459,000
₫158,300
₫71,000
₫353,600
₫270,200
₫161,700
₫1,080,000
₫60,200
₫390,000
₫579,000
₫213,200
₫23,000
₫159,000
₫85,800
₫66,400
₫127,700
₫171,874
₫116,200
₫171,900
₫215,700
₫149,700
₫352,900
₫190,400
₫87,000
₫554,400
₫73,800
₫200,000
₫420,300
₫304,000
₫849,000
₫101,800
₫726,000
₫95,000
₫599,000
₫747,623
₫243,200
₫101,600
₫115,000
₫235,300
₫127,100
₫459,000
₫158,300
₫71,000
₫353,600
₫270,200
₫161,700
₫1,080,000
₫60,200
₫390,000
₫579,000
₫213,200
₫23,000
₫159,000
₫85,800
₫66,400
₫127,700
₫171,874
₫116,200
₫171,900
₫215,700
₫149,700
₫352,900
₫190,400
₫87,000
₫554,400
₫73,800
₫200,000
₫420,300
₫304,000
₫849,000
₫101,800
₫726,000
₫95,000
₫599,000
₫747,623
₫243,200
₫101,600
₫115,000
₫235,300
₫127,100
₫459,000
₫158,300
₫71,000
₫353,600
₫270,200
₫161,700
₫1,080,000
₫60,200
₫390,000
₫579,000
₫213,200
₫23,000
₫159,000
₫85,800
₫66,400
₫127,700
₫171,874
₫116,200
₫171,900
₫215,700
₫149,700
₫352,900
₫190,400
₫87,000
₫554,400
₫73,800
₫200,000
₫420,300
₫304,000
₫849,000
₫101,800
₫726,000
₫95,000
₫599,000
₫747,623
₫243,200
₫101,600
₫115,000
₫235,300
₫127,100
₫459,000
₫158,300
₫71,000
₫353,600
₫270,200
₫161,700
₫1,080,000
₫60,200
₫390,000
₫579,000
₫213,200
₫23,000
₫159,000
₫85,800
₫66,400
₫127,700
₫171,874
₫116,200
₫171,900
₫215,700
₫149,700
₫352,900
₫190,400
₫87,000
₫554,400
₫73,800
₫200,000
₫420,300
₫304,000
₫849,000
₫101,800
₫726,000
₫95,000
₫599,000
₫747,623
₫243,200
₫101,600
₫115,000
₫235,300
₫127,100
₫459,000
₫158,300
₫71,000
₫353,600
₫270,200
₫161,700
₫1,080,000
₫60,200
₫390,000
₫579,000
₫213,200
₫23,000
₫159,000
₫85,800
₫66,400
₫127,700
₫171,874
₫116,200
₫171,900
₫215,700
₫149,700
₫352,900
₫190,400
₫87,000
₫554,400
₫73,800
₫200,000
₫420,300
₫304,000
₫849,000
₫101,800
₫726,000
₫95,000
₫599,000
₫747,623
₫243,200
₫101,600
₫115,000
₫235,300
₫127,100
₫459,000
₫158,300
₫71,000
₫353,600
₫270,200
₫161,700
₫1,080,000
₫60,200
₫390,000
₫579,000
₫213,200
₫23,000
₫159,000
₫85,800
₫66,400
₫127,700
₫171,874
₫116,200
₫171,900
₫215,700
₫149,700
₫352,900
₫190,400
₫87,000
₫554,400
₫73,800
₫200,000
₫420,300
₫304,000
₫849,000
₫101,800
₫726,000
₫95,000
₫599,000
₫747,623
₫243,200
₫101,600
₫115,000
₫235,300
₫127,100
₫459,000
₫158,300
₫71,000
₫353,600
₫270,200
₫161,700
₫1,080,000
₫60,200
₫390,000
₫579,000
₫213,200
₫23,000
₫159,000
₫85,800
₫66,400
₫127,700
₫171,874
₫116,200
₫171,900
₫215,700
₫149,700
₫352,900
₫190,400
₫87,000
₫554,400
₫73,800
₫200,000
₫420,300
₫304,000
₫849,000
₫101,800
₫726,000
₫95,000
₫599,000
₫747,623
₫243,200
₫101,600
₫115,000
₫235,300
₫127,100
₫459,000
₫158,300
₫71,000
₫353,600
₫270,200
₫161,700
₫1,080,000
₫60,200
₫390,000
₫579,000
₫213,200
₫23,000
₫159,000
₫85,800
₫66,400
₫127,700
₫171,874
₫116,200
₫171,900
₫215,700
₫149,700
₫352,900
₫190,400
₫87,000
₫554,400
₫73,800
₫200,000
₫420,300
₫304,000
₫849,000
₫101,800
₫726,000
₫95,000
₫599,000
₫747,623
₫243,200
₫101,600
₫115,000
₫235,300
₫127,100
₫459,000
₫158,300
₫71,000
₫353,600
₫270,200
₫161,700
₫1,080,000
₫60,200
₫390,000
₫579,000
₫213,200
₫23,000
₫159,000
₫85,800
₫66,400
₫127,700
₫171,874
₫116,200
₫171,900
₫215,700
₫149,700
₫352,900
₫190,400
₫87,000
₫554,400
₫73,800
₫200,000
₫420,300
₫304,000
₫849,000
₫101,800
₫726,000
₫95,000
₫599,000
₫747,623
₫243,200
₫101,600
₫115,000
₫235,300
₫127,100
₫459,000
₫158,300
₫71,000
₫353,600
₫270,200
₫161,700
₫1,080,000
₫60,200
₫390,000
₫579,000
₫213,200
₫23,000
₫159,000
₫85,800
₫66,400
₫127,700
₫171,874
₫116,200
₫171,900
₫215,700
₫149,700
₫352,900
₫190,400
₫87,000
₫554,400
₫73,800
₫200,000
₫420,300
₫304,000
₫849,000
₫101,800
₫726,000
₫95,000
₫599,000
₫747,623
₫243,200
₫101,600
₫115,000
₫235,300
₫127,100
₫459,000
₫158,300
₫71,000
₫353,600
₫270,200
₫161,700
₫1,080,000
₫60,200
₫390,000
₫579,000
₫213,200
₫23,000
₫159,000
₫85,800
₫66,400
₫127,700
₫171,874
₫116,200
₫171,900
₫215,700
₫149,700
₫352,900
₫190,400
₫87,000
₫554,400
₫73,800
₫200,000
₫420,300
₫304,000
₫849,000
₫101,800
₫726,000
₫95,000
₫599,000
₫747,623
₫243,200
₫101,600
₫115,000
₫235,300
₫127,100
₫459,000
₫158,300
₫71,000
₫353,600
₫270,200
₫161,700
₫1,080,000
₫60,200
₫390,000
₫579,000
₫213,200
₫23,000
₫159,000
₫85,800
₫66,400
₫127,700
₫171,874
₫116,200
₫171,900
₫215,700
₫149,700
₫352,900
₫190,400
₫87,000
₫554,400
₫73,800
₫200,000
₫420,300
₫304,000
₫849,000
₫101,800
₫726,000
₫95,000
₫599,000
₫747,623
₫243,200
₫101,600
₫115,000
₫235,300
₫127,100
₫459,000
₫158,300
₫71,000
₫353,600
₫270,200
₫161,700
₫1,080,000
₫60,200
₫390,000
₫579,000
₫213,200
₫23,000
₫159,000
₫85,800
₫66,400
₫127,700
₫171,874
₫116,200
₫171,900
₫215,700
₫149,700
₫352,900
₫190,400
₫87,000
₫554,400
₫73,800
₫200,000
₫420,300
₫304,000
₫849,000
₫101,800
₫726,000
₫95,000
₫599,000
₫747,623
₫243,200
₫101,600
₫115,000
₫235,300
₫127,100
₫459,000
₫158,300
₫71,000
₫353,600
₫270,200
₫161,700
₫1,080,000
₫60,200
₫390,000
₫579,000
₫213,200
₫23,000
₫159,000
₫85,800
₫66,400
₫127,700
₫171,874
₫116,200
₫171,900
₫215,700
₫149,700
₫352,900
₫190,400
₫87,000
₫554,400
₫73,800
₫200,000
₫420,300
₫304,000
₫849,000
₫101,800
₫726,000
₫95,000
₫599,000
₫747,623
₫243,200
₫101,600
₫115,000
₫235,300
₫127,100
₫459,000
₫158,300
₫71,000
₫353,600
₫270,200
₫161,700
₫1,080,000
₫60,200
₫390,000
₫579,000
₫213,200
₫23,000
₫159,000
₫85,800
₫66,400
₫127,700
₫171,874
₫116,200
₫171,900
₫215,700
₫149,700
₫352,900
₫190,400
₫87,000
₫554,400
₫73,800
₫200,000
₫420,300
₫304,000
₫849,000
₫101,800
₫726,000
₫95,000
₫599,000
₫747,623
₫243,200
₫101,600
₫115,000
₫235,300
₫127,100
₫459,000
₫158,300
₫71,000
₫353,600
₫270,200
₫161,700
₫1,080,000
₫60,200
₫390,000
₫579,000
₫213,200
₫23,000
₫159,000
₫85,800
₫66,400
₫127,700
₫171,874
₫116,200
₫171,900
₫215,700
₫149,700
₫352,900
₫190,400
₫87,000
₫554,400
₫73,800
₫200,000
₫420,300
₫304,000
₫849,000
₫101,800
₫726,000
₫95,000
₫599,000
₫747,623
₫243,200
₫101,600
₫115,000
₫235,300
₫127,100
₫459,000
₫158,300
₫71,000
₫353,600
₫270,200
₫161,700
₫1,080,000
₫60,200
₫390,000
₫579,000
₫213,200
₫23,000
₫159,000
₫85,800
₫66,400
₫127,700
₫171,874
₫116,200
₫171,900
₫215,700
₫149,700
₫352,900
₫190,400
₫87,000
₫554,400
₫73,800
₫200,000
₫420,300
₫304,000
₫849,000
₫101,800
₫726,000
₫95,000
₫599,000
₫747,623
₫243,200
₫101,600
₫115,000
₫235,300
₫127,100
₫459,000
₫158,300
₫71,000
₫353,600
₫270,200
₫161,700
₫1,080,000
₫60,200
₫390,000
₫579,000
₫213,200
₫23,000
₫159,000
₫85,800
₫66,400
₫127,700
₫171,874
₫116,200
₫171,900
₫215,700
₫149,700
₫352,900
₫190,400
₫87,000
₫554,400
₫73,800
₫200,000
₫420,300
₫304,000
₫849,000
₫101,800
₫726,000
₫95,000
₫599,000
₫747,623
₫243,200
₫101,600
₫115,000
₫235,300
₫127,100
₫459,000
₫158,300
₫71,000
₫353,600
₫270,200
₫161,700
₫1,080,000
₫60,200
₫390,000
₫579,000
₫213,200
₫23,000
₫159,000
₫85,800
₫66,400
₫127,700
₫171,874
₫116,200
₫171,900
₫215,700
₫149,700
₫352,900
₫190,400
₫87,000
₫554,400
₫73,800
₫200,000
₫420,300
₫304,000
₫849,000
₫101,800
₫726,000
₫95,000
₫599,000
₫747,623
₫243,200
₫101,600
₫115,000
₫235,300
₫127,100
₫459,000
₫158,300
₫71,000
₫353,600
₫270,200
₫161,700
₫1,080,000
₫60,200
₫390,000
₫579,000
₫213,200
₫23,000
₫159,000
₫85,800
₫66,400
₫127,700
₫171,874
₫116,200
₫171,900
₫215,700
₫149,700
₫352,900
₫190,400
₫87,000
₫554,400
₫73,800
₫200,000
₫420,300
₫304,000
₫849,000
₫101,800
₫726,000
₫95,000
₫599,000
₫747,623
₫243,200
₫101,600
₫115,000
₫235,300
₫127,100
₫459,000
₫158,300
₫71,000
₫353,600
₫270,200
₫161,700
₫1,080,000
₫60,200
