₫39,990
₫230,000
₫39,990
₫750,000
₫886,050
₫54,990
₫54,990
₫279,990
₫775,000
₫839,000
₫54,990
₫279,999
₫54,990
₫79,000
₫79,000
₫435,000
₫54,990
₫238,000
₫599,000
₫89,000
₫78,000
₫235,000
₫399,000
₫648,000
₫750,000
₫1,175,000
₫825,000
₫279,999
₫145,000
₫95,000
₫670,000
₫699,000
₫919,000
₫170,000
₫125,000
₫79,000
₫17,000
₫439,000
₫319,000
₫955,000
₫39,990
₫230,000
₫39,990
₫750,000
₫886,050
₫54,990
₫54,990
₫279,990
₫775,000
₫839,000
₫54,990
₫279,999
₫54,990
₫79,000
₫79,000
₫435,000
₫54,990
₫238,000
₫599,000
₫89,000
₫78,000
₫235,000
₫399,000
₫648,000
₫750,000
₫1,175,000
₫825,000
₫279,999
₫145,000
₫95,000
₫670,000
₫699,000
₫919,000
₫170,000
₫125,000
₫79,000
₫17,000
₫439,000
₫319,000
₫955,000
₫39,990
₫230,000
₫39,990
₫750,000
₫886,050
₫54,990
₫54,990
₫279,990
₫775,000
₫839,000
₫54,990
₫279,999
₫54,990
₫79,000
₫79,000
₫435,000
₫54,990
₫238,000
₫599,000
₫89,000
₫78,000
₫235,000
₫399,000
₫648,000
₫750,000
₫1,175,000
₫825,000
₫279,999
₫145,000
₫95,000
₫670,000
₫699,000
₫919,000
₫170,000
₫125,000
₫79,000
₫17,000
₫439,000
₫319,000
₫955,000
₫39,990
₫230,000
₫39,990
₫750,000
₫886,050
₫54,990
₫54,990
₫279,990
₫775,000
₫839,000
₫54,990
₫279,999
₫54,990
₫79,000
₫79,000
₫435,000
₫54,990
₫238,000
₫599,000
₫89,000
₫78,000
₫235,000
₫399,000
₫648,000
₫750,000
₫1,175,000
₫825,000
₫279,999
₫145,000
₫95,000
₫670,000
₫699,000
₫919,000
₫170,000
₫125,000
₫79,000
₫17,000
₫439,000
₫319,000
₫955,000
₫39,990
₫230,000
₫39,990
₫750,000
₫886,050
₫54,990
₫54,990
₫279,990
₫775,000
₫839,000
₫54,990
₫279,999
₫54,990
₫79,000
₫79,000
₫435,000
₫54,990
₫238,000
₫599,000
₫89,000
₫78,000
₫235,000
₫399,000
₫648,000
₫750,000
₫1,175,000
₫825,000
₫279,999
₫145,000
₫95,000
₫670,000
₫699,000
₫919,000
₫170,000
₫125,000
₫79,000
₫17,000
₫439,000
₫319,000
₫955,000
₫39,990
₫230,000
₫39,990
₫750,000
₫886,050
₫54,990
₫54,990
₫279,990
₫775,000
₫839,000
₫54,990
₫279,999
₫54,990
₫79,000
₫79,000
₫435,000
₫54,990
₫238,000
₫599,000
₫89,000
₫78,000
₫235,000
₫399,000
₫648,000
₫750,000
₫1,175,000
₫825,000
₫279,999
₫145,000
₫95,000
₫670,000
₫699,000
₫919,000
₫170,000
₫125,000
₫79,000
₫17,000
₫439,000
₫319,000
₫955,000
₫39,990
₫230,000
₫39,990
₫750,000
₫886,050
₫54,990
₫54,990
₫279,990
₫775,000
₫839,000
₫54,990
₫279,999
₫54,990
₫79,000
₫79,000
₫435,000
₫54,990
₫238,000
₫599,000
₫89,000
₫78,000
₫235,000
₫399,000
₫648,000
₫750,000
₫1,175,000
₫825,000
₫279,999
₫145,000
₫95,000
₫670,000
₫699,000
₫919,000
₫170,000
₫125,000
₫79,000
₫17,000
₫439,000
₫319,000
₫955,000
₫39,990
₫230,000
₫39,990
₫750,000
₫886,050
₫54,990
₫54,990
₫279,990
₫775,000
₫839,000
₫54,990
₫279,999
₫54,990
₫79,000
₫79,000
₫435,000
₫54,990
₫238,000
₫599,000
₫89,000
₫78,000
₫235,000
₫399,000
₫648,000
₫750,000
₫1,175,000
₫825,000
₫279,999
₫145,000
₫95,000
₫670,000
₫699,000
₫919,000
₫170,000
₫125,000
₫79,000
₫17,000
₫439,000
₫319,000
₫955,000
₫39,990
₫230,000
₫39,990
₫750,000
₫886,050
₫54,990
₫54,990
₫279,990
₫775,000
₫839,000
₫54,990
₫279,999
₫54,990
₫79,000
₫79,000
₫435,000
₫54,990
₫238,000
₫599,000
₫89,000
₫78,000
₫235,000
₫399,000
₫648,000
₫750,000
₫1,175,000
₫825,000
₫279,999
₫145,000
₫95,000
₫670,000
₫699,000
₫919,000
₫170,000
₫125,000
₫79,000
₫17,000
₫439,000
₫319,000
₫955,000
₫39,990
₫230,000
₫39,990
₫750,000
₫886,050
₫54,990
₫54,990
₫279,990
₫775,000
₫839,000
₫54,990
₫279,999
₫54,990
₫79,000
₫79,000
₫435,000
₫54,990
₫238,000
₫599,000
₫89,000
₫78,000
₫235,000
₫399,000
₫648,000
₫750,000
₫1,175,000
₫825,000
₫279,999
₫145,000
₫95,000
₫670,000
₫699,000
₫919,000
₫170,000
₫125,000
₫79,000
₫17,000
₫439,000
₫319,000
₫955,000
₫39,990
₫230,000
₫39,990
₫750,000
₫886,050
₫54,990
₫54,990
₫279,990
₫775,000
₫839,000
₫54,990
₫279,999
₫54,990
₫79,000
₫79,000
₫435,000
₫54,990
₫238,000
₫599,000
₫89,000
₫78,000
₫235,000
₫399,000
₫648,000
₫750,000
₫1,175,000
₫825,000
₫279,999
₫145,000
₫95,000
₫670,000
₫699,000
₫919,000
₫170,000
₫125,000
₫79,000
₫17,000
₫439,000
₫319,000
₫955,000
₫39,990
₫230,000
₫39,990
₫750,000
₫886,050
₫54,990
₫54,990
₫279,990
₫775,000
₫839,000
₫54,990
₫279,999
₫54,990
₫79,000
₫79,000
₫435,000
₫54,990
₫238,000
₫599,000
₫89,000
₫78,000
₫235,000
₫399,000
₫648,000
₫750,000
₫1,175,000
₫825,000
₫279,999
₫145,000
₫95,000
₫670,000
₫699,000
₫919,000
₫170,000
₫125,000
₫79,000
₫17,000
₫439,000
₫319,000
₫955,000
₫39,990
₫230,000
₫39,990
₫750,000
₫886,050
₫54,990
₫54,990
₫279,990
₫775,000
₫839,000
₫54,990
₫279,999
₫54,990
₫79,000
₫79,000
₫435,000
₫54,990
₫238,000
₫599,000
₫89,000
₫78,000
₫235,000
₫399,000
₫648,000
₫750,000
₫1,175,000
₫825,000
₫279,999
₫145,000
₫95,000
₫670,000
₫699,000
₫919,000
₫170,000
₫125,000
₫79,000
₫17,000
₫439,000
₫319,000
₫955,000
₫39,990
₫230,000
₫39,990
₫750,000
₫886,050
₫54,990
₫54,990
₫279,990
₫775,000
₫839,000
₫54,990
₫279,999
₫54,990
₫79,000
₫79,000
₫435,000
₫54,990
₫238,000
₫599,000
₫89,000
₫78,000
₫235,000
₫399,000
₫648,000
₫750,000
₫1,175,000
₫825,000
₫279,999
₫145,000
₫95,000
₫670,000
₫699,000
₫919,000
₫170,000
₫125,000
₫79,000
₫17,000
₫439,000
₫319,000
₫955,000
₫39,990
₫230,000
₫39,990
₫750,000
₫886,050
₫54,990
₫54,990
₫279,990
₫775,000
₫839,000
₫54,990
₫279,999
₫54,990
₫79,000
₫79,000
₫435,000
₫54,990
₫238,000
₫599,000
₫89,000
₫78,000
₫235,000
₫399,000
₫648,000
₫750,000
₫1,175,000
₫825,000
₫279,999
₫145,000
₫95,000
₫670,000
₫699,000
₫919,000
₫170,000
₫125,000
₫79,000
₫17,000
₫439,000
₫319,000
₫955,000
₫39,990
₫230,000
₫39,990
₫750,000
₫886,050
₫54,990
₫54,990
₫279,990
₫775,000
₫839,000
₫54,990
₫279,999
₫54,990
₫79,000
₫79,000
₫435,000
₫54,990
₫238,000
₫599,000
₫89,000
₫78,000
₫235,000
₫399,000
₫648,000
₫750,000
₫1,175,000
₫825,000
₫279,999
₫145,000
₫95,000
₫670,000
₫699,000
₫919,000
₫170,000
₫125,000
₫79,000
₫17,000
₫439,000
₫319,000
₫955,000
₫39,990
₫230,000
₫39,990
₫750,000
₫886,050
₫54,990
₫54,990
₫279,990
₫775,000
₫839,000
₫54,990
₫279,999
₫54,990
₫79,000
₫79,000
₫435,000
₫54,990
₫238,000
₫599,000
₫89,000
₫78,000
₫235,000
₫399,000
₫648,000
₫750,000
₫1,175,000
₫825,000
₫279,999
₫145,000
₫95,000
₫670,000
₫699,000
₫919,000
₫170,000
₫125,000
₫79,000
₫17,000
₫439,000
₫319,000
₫955,000
₫39,990
₫230,000
₫39,990
₫750,000
₫886,050
₫54,990
₫54,990
₫279,990
₫775,000
₫839,000
₫54,990
₫279,999
₫54,990
₫79,000
₫79,000
₫435,000
₫54,990
₫238,000
₫599,000
₫89,000
₫78,000
₫235,000
₫399,000
₫648,000
₫750,000
₫1,175,000
₫825,000
₫279,999
₫145,000
₫95,000
₫670,000
₫699,000
₫919,000
₫170,000
₫125,000
₫79,000
₫17,000
₫439,000
₫319,000
₫955,000
₫39,990
₫230,000
₫39,990
₫750,000
₫886,050
₫54,990
₫54,990
₫279,990
₫775,000
₫839,000
₫54,990
₫279,999
₫54,990
₫79,000
₫79,000
₫435,000
₫54,990
₫238,000
₫599,000
₫89,000
₫78,000
₫235,000
₫399,000
₫648,000
₫750,000
₫1,175,000
₫825,000
₫279,999
₫145,000
₫95,000
₫670,000
₫699,000
₫919,000
₫170,000
₫125,000
₫79,000
₫17,000
₫439,000
₫319,000
₫955,000
₫39,990
₫230,000
₫39,990
₫750,000
₫886,050
₫54,990
₫54,990
₫279,990
₫775,000
₫839,000
₫54,990
₫279,999
₫54,990
₫79,000
₫79,000
₫435,000
₫54,990
₫238,000
₫599,000
₫89,000
₫78,000
₫235,000
₫399,000
₫648,000
₫750,000
₫1,175,000
₫825,000
₫279,999
₫145,000
₫95,000
₫670,000
₫699,000
₫919,000
₫170,000
₫125,000
₫79,000
₫17,000
₫439,000
₫319,000
₫955,000
₫39,990
₫230,000
₫39,990
₫750,000
₫886,050
₫54,990
₫54,990
₫279,990
₫775,000
₫839,000
₫54,990
₫279,999
₫54,990
₫79,000
₫79,000
₫435,000
₫54,990
₫238,000
₫599,000
₫89,000
₫78,000
₫235,000
₫399,000
₫648,000
₫750,000
₫1,175,000
₫825,000
₫279,999
₫145,000
₫95,000
₫670,000
₫699,000
₫919,000
₫170,000
₫125,000
₫79,000
₫17,000
₫439,000
₫319,000
₫955,000
₫39,990
₫230,000
₫39,990
₫750,000
₫886,050
₫54,990
₫54,990
₫279,990
₫775,000
₫839,000
₫54,990
₫279,999
₫54,990
₫79,000
₫79,000
₫435,000
₫54,990
₫238,000
₫599,000
₫89,000
₫78,000
₫235,000
₫399,000
₫648,000
₫750,000
₫1,175,000
₫825,000
₫279,999
₫145,000
₫95,000
₫670,000
₫699,000
₫919,000
₫170,000
₫125,000
₫79,000
₫17,000
₫439,000
₫319,000
₫955,000
₫39,990
₫230,000
₫39,990
₫750,000
₫886,050
₫54,990
₫54,990
₫279,990
₫775,000
₫839,000
₫54,990
₫279,999
₫54,990
₫79,000
₫79,000
₫435,000
₫54,990
₫238,000
₫599,000
₫89,000
₫78,000
₫235,000
₫399,000
₫648,000
₫750,000
₫1,175,000
₫825,000
₫279,999
₫145,000
₫95,000
₫670,000
₫699,000
₫919,000
₫170,000
₫125,000
₫79,000
₫17,000
₫439,000
₫319,000
₫955,000
₫39,990
₫230,000
₫39,990
₫750,000
₫886,050
₫54,990
₫54,990
₫279,990
₫775,000
₫839,000
₫54,990
₫279,999
₫54,990
₫79,000
₫79,000
₫435,000
₫54,990
₫238,000
₫599,000
₫89,000
₫78,000
₫235,000
₫399,000
₫648,000
₫750,000
₫1,175,000
₫825,000
₫279,999
₫145,000
₫95,000
₫670,000
₫699,000
₫919,000
₫170,000
₫125,000
₫79,000
₫17,000
₫439,000
₫319,000
₫955,000
₫39,990
₫230,000
₫39,990
₫750,000
₫886,050
₫54,990
₫54,990
₫279,990
₫775,000
₫839,000
₫54,990
₫279,999
₫54,990
₫79,000
₫79,000
₫435,000
₫54,990
₫238,000
₫599,000
₫89,000
₫78,000
₫235,000
₫399,000
₫648,000
₫750,000
₫1,175,000
₫825,000
₫279,999
₫145,000
₫95,000
₫670,000
₫699,000
₫919,000
₫170,000
₫125,000
₫79,000
₫17,000
₫439,000
₫319,000
₫955,000
₫39,990
₫230,000
₫39,990
₫750,000
₫886,050
₫54,990
₫54,990
₫279,990
₫775,000
₫839,000
₫54,990
₫279,999
₫54,990
₫79,000
₫79,000
₫435,000
₫54,990
₫238,000
₫599,000
₫89,000
₫78,000
₫235,000
₫399,000
₫648,000
₫750,000
₫1,175,000
₫825,000
₫279,999
₫145,000
₫95,000
₫670,000
₫699,000
₫919,000
₫170,000
₫125,000
₫79,000
₫17,000
₫439,000
₫319,000
₫955,000
₫39,990
₫230,000
₫39,990
₫750,000
₫886,050
₫54,990
₫54,990
₫279,990
₫775,000
₫839,000
₫54,990
₫279,999
₫54,990
₫79,000
₫79,000
₫435,000
₫54,990
₫238,000
₫599,000
₫89,000
₫78,000
₫235,000
₫399,000
₫648,000
₫750,000
₫1,175,000
₫825,000
₫279,999
₫145,000
₫95,000
₫670,000
₫699,000
₫919,000
₫170,000
₫125,000
₫79,000
₫17,000
₫439,000
₫319,000
₫955,000
₫39,990
₫230,000
₫39,990
₫750,000
₫886,050
₫54,990
₫54,990
₫279,990
₫775,000
₫839,000
₫54,990
₫279,999
₫54,990
₫79,000
₫79,000
₫435,000
₫54,990
₫238,000
₫599,000
₫89,000
₫78,000
₫235,000
₫399,000
₫648,000
₫750,000
₫1,175,000
₫825,000
₫279,999
₫145,000
₫95,000
₫670,000
₫699,000
₫919,000
₫170,000
₫125,000
₫79,000
₫17,000
₫439,000
₫319,000
₫955,000
₫39,990
₫230,000
₫39,990
₫750,000
₫886,050
₫54,990
₫54,990
₫279,990
₫775,000
₫839,000
₫54,990
₫279,999
₫54,990
₫79,000
₫79,000
₫435,000
₫54,990
₫238,000
₫599,000
₫89,000
₫78,000
₫235,000
₫399,000
₫648,000
₫750,000
₫1,175,000
₫825,000
₫279,999
₫145,000
₫95,000
₫670,000
₫699,000
₫919,000
₫170,000
₫125,000
₫79,000
₫17,000
₫439,000
₫319,000
₫955,000
₫39,990
₫230,000
₫39,990
₫750,000
₫886,050
₫54,990
₫54,990
₫279,990
₫775,000
₫839,000
₫54,990
₫279,999
₫54,990
₫79,000
₫79,000
₫435,000
₫54,990
₫238,000
₫599,000
₫89,000
₫78,000
₫235,000
₫399,000
₫648,000
₫750,000
₫1,175,000
₫825,000
₫279,999
₫145,000
₫95,000
₫670,000
₫699,000
₫919,000
₫170,000
₫125,000
₫79,000
₫17,000
₫439,000
₫319,000
₫955,000
₫39,990
₫230,000
₫39,990
₫750,000
₫886,050
₫54,990
₫54,990
₫279,990
₫775,000
₫839,000
₫54,990
₫279,999
₫54,990
₫79,000
₫79,000
₫435,000
₫54,990
₫238,000
₫599,000
₫89,000
₫78,000
₫235,000
₫399,000
₫648,000
₫750,000
₫1,175,000
₫825,000
₫279,999
₫145,000
₫95,000
₫670,000
₫699,000
₫919,000
₫170,000
₫125,000
₫79,000
₫17,000
₫439,000
₫319,000
₫955,000
₫39,990
₫230,000
₫39,990
₫750,000
₫886,050
₫54,990
₫54,990
₫279,990
₫775,000
₫839,000
₫54,990
₫279,999
₫54,990
₫79,000
₫79,000
₫435,000
₫54,990
₫238,000
₫599,000
₫89,000
₫78,000
₫235,000
₫399,000
₫648,000
₫750,000
₫1,175,000
₫825,000
₫279,999
₫145,000
₫95,000
₫670,000
₫699,000
₫919,000
₫170,000
₫125,000
₫79,000
₫17,000
₫439,000
₫319,000
₫955,000
₫39,990
₫230,000
₫39,990
₫750,000
₫886,050
₫54,990
₫54,990
₫279,990
₫775,000
₫839,000
₫54,990
₫279,999
₫54,990
₫79,000
₫79,000
₫435,000
₫54,990
₫238,000
₫599,000
₫89,000
₫78,000
₫235,000
₫399,000
₫648,000
₫750,000
₫1,175,000
₫825,000
₫279,999
₫145,000
₫95,000
₫670,000
₫699,000
₫919,000
₫170,000
₫125,000
₫79,000
₫17,000
₫439,000
₫319,000
₫955,000
₫39,990
₫230,000
₫39,990
₫750,000
₫886,050
₫54,990
₫54,990
₫279,990
₫775,000
₫839,000
₫54,990
₫279,999
₫54,990
₫79,000
₫79,000
₫435,000
₫54,990
₫238,000
₫599,000
₫89,000
₫78,000
₫235,000
₫399,000
₫648,000
₫750,000
₫1,175,000
₫825,000
₫279,999
₫145,000
₫95,000
₫670,000
₫699,000
₫919,000
₫170,000
₫125,000
₫79,000
₫17,000
₫439,000
₫319,000
₫955,000
₫39,990
₫230,000
₫39,990
₫750,000
₫886,050
₫54,990
₫54,990
₫279,990
₫775,000
₫839,000
₫54,990
₫279,999
₫54,990
₫79,000
₫79,000
₫435,000
₫54,990
₫238,000
₫599,000
₫89,000
₫78,000
₫235,000
₫399,000
₫648,000
₫750,000
₫1,175,000
₫825,000
₫279,999
₫145,000
₫95,000
₫670,000
₫699,000
₫919,000
₫170,000
₫125,000
₫79,000
₫17,000
₫439,000
₫319,000
₫955,000
₫39,990
₫230,000
₫39,990
₫750,000
₫886,050
₫54,990
₫54,990
₫279,990
₫775,000
₫839,000
₫54,990
₫279,999
₫54,990
₫79,000
₫79,000
₫435,000
₫54,990
₫238,000
₫599,000
₫89,000
₫78,000
₫235,000
₫399,000
₫648,000
₫750,000
₫1,175,000
₫825,000
₫279,999
₫145,000
₫95,000
₫670,000
₫699,000
₫919,000
₫170,000
₫125,000
₫79,000
₫17,000
₫439,000
₫319,000
₫955,000
₫39,990
₫230,000
₫39,990
₫750,000
₫886,050
₫54,990
₫54,990
₫279,990
₫775,000
₫839,000
₫54,990
₫279,999
₫54,990
₫79,000
₫79,000
₫435,000
₫54,990
₫238,000
₫599,000
₫89,000
₫78,000
₫235,000
₫399,000
₫648,000
₫750,000
₫1,175,000
₫825,000
₫279,999
₫145,000
₫95,000
₫670,000
₫699,000
₫919,000
₫170,000
₫125,000
₫79,000
₫17,000
₫439,000
₫319,000
₫955,000
